file	line	operation	signals	source	disposition
src/app/component/BLOCKS/banner/edit-banner.component.ts	5	<module>	legacy authority	import { MechanismService } from '../../../services/mechanism.service';	pending S6/S7 semantic disposition
src/app/component/BLOCKS/banner/edit-banner.component.ts	60	<module>	legacy authority	private mechanism = inject(MechanismService);	pending S6/S7 semantic disposition
src/app/component/BLOCKS/banner/lock-banner.component.ts	3	<module>	legacy authority	import { ActiveObjService } from '../../../services/active-obj.service';	pending S6/S7 semantic disposition
src/app/component/BLOCKS/banner/lock-banner.component.ts	4	<module>	legacy authority	import { GridUtilsService } from '../../../services/grid-utils.service';	pending S6/S7 semantic disposition
src/app/component/BLOCKS/banner/lock-banner.component.ts	5	<module>	legacy authority	import { MechanismService } from '../../../services/mechanism.service';	pending S6/S7 semantic disposition
src/app/component/BLOCKS/banner/lock-banner.component.ts	41	<module>	legacy authority	private active = inject(ActiveObjService);	pending S6/S7 semantic disposition
src/app/component/BLOCKS/banner/lock-banner.component.ts	42	<module>	legacy authority	private gridUtils = inject(GridUtilsService);	pending S6/S7 semantic disposition
src/app/component/BLOCKS/banner/lock-banner.component.ts	43	<module>	legacy authority	private mechanism = inject(MechanismService);	pending S6/S7 semantic disposition
src/app/component/BLOCKS/banner/lock-banner.component.ts	48	lockedInPlace	point graph	const joints = this.active.selectedLink.joints;	pending S6/S7 semantic disposition
src/app/component/BLOCKS/color-picker/color-picker.component.ts	3	<module>	legacy record	import { RealLink } from '../../../model/link';	pending S6/S7 semantic disposition
src/app/component/BLOCKS/color-picker/color-picker.component.ts	6	<module>	legacy authority	import { MechanismService } from '../../../services/mechanism.service';	pending S6/S7 semantic disposition
src/app/component/BLOCKS/color-picker/color-picker.component.ts	20	<module>	legacy authority	private mechanism = inject(MechanismService);	pending S6/S7 semantic disposition
src/app/component/BLOCKS/color-picker/color-picker.component.ts	22	<module>	legacy record	readonly link = input<RealLink>();	pending S6/S7 semantic disposition
src/app/component/BLOCKS/color-picker/color-picker.component.ts	37	<module>	legacy record	readonly parts = input<readonly (RealLink | Joint | Force)[]>();	pending S6/S7 semantic disposition
src/app/component/BLOCKS/color-picker/color-picker.component.ts	48	commonIndex	legacy record	private commonIndex(parts: readonly (RealLink | Joint | Force)[]): number {	pending S6/S7 semantic disposition
src/app/component/BLOCKS/color-picker/color-picker.component.ts	53	indexOf	legacy record	private indexOf(part: RealLink | Joint | Force): number {	pending S6/S7 semantic disposition
src/app/component/BLOCKS/color-picker/color-picker.component.ts	60	indexOf	legacy record	return this.colorService.getIndexFromLinkColor((part as RealLink).fill);	pending S6/S7 semantic disposition
src/app/component/BLOCKS/color-picker/color-picker.component.ts	64	paint	legacy record	private paint(part: RealLink | Joint | Force, index: number): void {	pending S6/S7 semantic disposition
src/app/component/BLOCKS/color-picker/color-picker.component.ts	73	paint	legacy record	(part as RealLink).fill = this.colorService.getLinkColorFromIndex(index);	pending S6/S7 semantic disposition
src/app/component/BLOCKS/editable-title/editable-title.component.ts	3	<module>	legacy authority	import { ActiveObjService } from 'src/app/services/active-obj.service';	pending S6/S7 semantic disposition
src/app/component/BLOCKS/editable-title/editable-title.component.ts	4	<module>	legacy authority	import { MechanismService } from 'src/app/services/mechanism.service';	pending S6/S7 semantic disposition
src/app/component/BLOCKS/editable-title/editable-title.component.ts	6	<module>	legacy record	import { RealJoint } from '../../../model/joint';	pending S6/S7 semantic disposition
src/app/component/BLOCKS/editable-title/editable-title.component.ts	39	<module>	legacy authority	protected activeObjService = inject(ActiveObjService);	pending S6/S7 semantic disposition
src/app/component/BLOCKS/editable-title/editable-title.component.ts	40	<module>	legacy authority	private mechanismService = inject(MechanismService);	pending S6/S7 semantic disposition
src/app/component/BLOCKS/editable-title/editable-title.component.ts	108	validateNewID	point graph	...this.mechanismService.joints,	pending S6/S7 semantic disposition
src/app/component/BLOCKS/editable-title/editable-title.component.ts	109	validateNewID	point graph	...this.mechanismService.links,	pending S6/S7 semantic disposition
src/app/component/BLOCKS/editable-title/editable-title.component.ts	154	lockTarget	legacy record	private lockTarget(): RealJoint | Link | Force | undefined {	pending S6/S7 semantic disposition
src/app/component/BLOCKS/editable-title/editable-title.component.ts	156	lockTarget	legacy record	if (obj instanceof RealJoint || obj instanceof Link || obj instanceof Force) return obj;	pending S6/S7 semantic disposition
src/app/component/BLOCKS/hold-field/hold-field.component.ts	8	<module>	legacy record	import { LinkHold, RealLink } from '../../../model/link';	pending S6/S7 semantic disposition
src/app/component/BLOCKS/hold-field/hold-field.component.ts	10	<module>	legacy authority	import { GridUtilsService } from '../../../services/grid-utils.service';	pending S6/S7 semantic disposition
src/app/component/BLOCKS/hold-field/hold-field.component.ts	11	<module>	legacy authority	import { MechanismService } from '../../../services/mechanism.service';	pending S6/S7 semantic disposition
src/app/component/BLOCKS/hold-field/hold-field.component.ts	46	<module>	legacy record	readonly link = input.required<RealLink>();	pending S6/S7 semantic disposition
src/app/component/BLOCKS/hold-field/hold-field.component.ts	57	<module>	legacy authority	private mechanism = inject(MechanismService);	pending S6/S7 semantic disposition
src/app/component/BLOCKS/hold-field/hold-field.component.ts	58	<module>	legacy authority	private gridUtils = inject(GridUtilsService);	pending S6/S7 semantic disposition
src/app/component/BLOCKS/hold-field/hold-field.component.ts	141	pinned	point graph	return sealed ? [sealed.barrelFar, sealed.rodFar] : this.link().joints;	pending S6/S7 semantic disposition
src/app/component/MODALS/templates/templates.component.ts	20	<module>	legacy authority	import { MechanismService } from 'src/app/services/mechanism.service';	pending S6/S7 semantic disposition
src/app/component/MODALS/templates/templates.component.ts	93	<module>	legacy authority	private mechanismSrv = inject(MechanismService);	pending S6/S7 semantic disposition
src/app/component/MODALS/templates/templates.component.ts	253	gridIsEmpty	point graph	this.mechanismSrv.joints.length === 0 &&	pending S6/S7 semantic disposition
src/app/component/MODALS/templates/templates.component.ts	254	gridIsEmpty	point graph	this.mechanismSrv.links.length === 0 &&	pending S6/S7 semantic disposition
src/app/component/analysis-graph-section/analysis-graph-section.component.ts	16	<module>	legacy authority	import { MechanismService } from '../../services/mechanism.service';	pending S6/S7 semantic disposition
src/app/component/analysis-graph-section/analysis-graph-section.component.ts	74	<module>	legacy authority	private mechanismService = inject(MechanismService);	pending S6/S7 semantic disposition
src/app/component/analysis-graph-section/analysis-graph-section.component.ts	122	preview	point graph	mechanism.joints.length - 1	pending S6/S7 semantic disposition
src/app/component/analysis-graph/analysis-graph.component.ts	37	<module>	legacy authority	import { MechanismService } from '../../services/mechanism.service';	pending S6/S7 semantic disposition
src/app/component/analysis-graph/analysis-graph.component.ts	251	<module>	legacy authority	private mechanismService = inject(MechanismService);	pending S6/S7 semantic disposition
src/app/component/analysis-graph/analysis-graph.component.ts	1092	ownSample	point graph	return Math.max(Math.min(step, mechanism.joints.length - 1), 0);	pending S6/S7 semantic disposition
src/app/component/analysis-graph/analysis-graph.component.ts	1477	determineAnalysis	point graph	mechanism.joints.forEach((_, index) => {	pending S6/S7 semantic disposition
src/app/component/analysis-panel/analysis-panel.component.ts	14	<module>	legacy record	import { PrisJoint, RealJoint } from 'src/app/model/joint';	pending S6/S7 semantic disposition
src/app/component/analysis-panel/analysis-panel.component.ts	15	<module>	legacy record	import { RealLink } from 'src/app/model/link';	pending S6/S7 semantic disposition
src/app/component/analysis-panel/analysis-panel.component.ts	17	<module>	legacy authority	import { ActiveObjService, ActiveObjType } from 'src/app/services/active-obj.service';	pending S6/S7 semantic disposition
src/app/component/analysis-panel/analysis-panel.component.ts	21	<module>	legacy authority	import { MechanismService } from '../../services/mechanism.service';	pending S6/S7 semantic disposition
src/app/component/analysis-panel/analysis-panel.component.ts	85	<module>	legacy authority	activeSrv = inject(ActiveObjService);	pending S6/S7 semantic disposition
src/app/component/analysis-panel/analysis-panel.component.ts	87	<module>	legacy authority	mechanismService = inject(MechanismService);	pending S6/S7 semantic disposition
src/app/component/analysis-panel/analysis-panel.component.ts	232	<module>	legacy authority	* Click selects, drag tunes -- see `ActiveObjService.holdGraphSubject`. The	pending S6/S7 semantic disposition
src/app/component/analysis-panel/analysis-panel.component.ts	241	shownJoint	legacy record	get shownJoint(): RealJoint {	pending S6/S7 semantic disposition
src/app/component/analysis-panel/analysis-panel.component.ts	245	shownLink	legacy record	get shownLink(): RealLink {	pending S6/S7 semantic disposition
src/app/component/analysis-panel/analysis-panel.component.ts	280	selectedPart	legacy record	private get selectedPart(): RealJoint | RealLink | undefined {	pending S6/S7 semantic disposition
src/app/component/analysis-panel/analysis-panel.component.ts	409	drawingSwitches	legacy record	const traced = part instanceof RealJoint ? part.showCurve : false;	pending S6/S7 semantic disposition
src/app/component/analysis-panel/analysis-panel.component.ts	412	drawingSwitches	legacy record	part instanceof RealJoint ? 'joint' : 'link',	pending S6/S7 semantic disposition
src/app/component/analysis-panel/analysis-panel.component.ts	452	drawingSwitchIsOn	legacy record	if (one.key === 'traces') return part instanceof RealJoint && part.showCurve === true;	pending S6/S7 semantic disposition
src/app/component/analysis-panel/analysis-panel.component.ts	483	linkName	point graph	const body = this.mechanismService.links.find((link) => link.id === linkId);	pending S6/S7 semantic disposition
src/app/component/analysis-panel/analysis-panel.component.ts	517	jointName	point graph	return this.mechanismService.joints.find((joint) => joint.id === jointId)?.name ?? jointId;	pending S6/S7 semantic disposition
src/app/component/analysis-panel/analysis-panel.component.ts	593	bodyMemberIds	point graph	const body = this.mechanismService.links.find((link) => link.id === partId);	pending S6/S7 semantic disposition
src/app/component/analysis-panel/analysis-panel.component.ts	613	jointById	point graph	return this.mechanismService.joints.find((joint) => joint.id === id);	pending S6/S7 semantic disposition
src/app/component/analysis-panel/analysis-panel.component.ts	655	inputEffortLabel	legacy record	inputEffortLabel(driven?: RealJoint): string {	pending S6/S7 semantic disposition
src/app/component/analysis-panel/analysis-panel.component.ts	657	inputEffortLabel	legacy record	return joint instanceof PrisJoint ||	pending S6/S7 semantic disposition
src/app/component/analysis-panel/analysis-panel.component.ts	658	inputEffortLabel	point graph; legacy record	joint?.connectedJoints.some((candidate) => candidate instanceof PrisJoint && candidate.input)	pending S6/S7 semantic disposition
src/app/component/analysis-panel/analysis-panel.component.ts	674	inputEffortJoint	legacy record	inputEffortJoint(): RealJoint | undefined {	pending S6/S7 semantic disposition
src/app/component/analysis-panel/analysis-panel.component.ts	678	inputEffortJoint	legacy record	(joint): joint is RealJoint => joint instanceof RealJoint && joint.input	pending S6/S7 semantic disposition
src/app/component/analysis-setup/analysis-setup.component.ts	2	<module>	legacy record	import { Joint, RealJoint } from '../../model/joint';	pending S6/S7 semantic disposition
src/app/component/analysis-setup/analysis-setup.component.ts	3	<module>	legacy record	import { Link, RealLink, SliderBlock } from '../../model/link';	pending S6/S7 semantic disposition
src/app/component/analysis-setup/analysis-setup.component.ts	4	<module>	legacy authority	import { MechanismService } from '../../services/mechanism.service';	pending S6/S7 semantic disposition
src/app/component/analysis-setup/analysis-setup.component.ts	6	<module>	legacy authority	import { ActiveObjService } from '../../services/active-obj.service';	pending S6/S7 semantic disposition
src/app/component/analysis-setup/analysis-setup.component.ts	58	<module>	legacy authority	mechanism = inject(MechanismService);	pending S6/S7 semantic disposition
src/app/component/analysis-setup/analysis-setup.component.ts	59	<module>	legacy authority	activeObj = inject(ActiveObjService);	pending S6/S7 semantic disposition
src/app/component/analysis-setup/analysis-setup.component.ts	360	buildRows	point graph	return this.mechanism.links	pending S6/S7 semantic disposition
src/app/component/analysis-setup/analysis-setup.component.ts	361	buildRows	legacy record	.filter((link) => link instanceof RealLink || link instanceof SliderBlock)	pending S6/S7 semantic disposition
src/app/component/analysis-setup/analysis-setup.component.ts	365	buildRows	legacy record	isBlock: body instanceof SliderBlock,	pending S6/S7 semantic disposition
src/app/component/analysis-setup/analysis-setup.component.ts	381	moiText	legacy record	if (row.isBlock || !(row.body instanceof RealLink)) {	pending S6/S7 semantic disposition
src/app/component/analysis-setup/analysis-setup.component.ts	393	moiIsAuto	legacy record	return row.body instanceof RealLink && !row.body.moiIsCustom;	pending S6/S7 semantic disposition
src/app/component/analysis-setup/analysis-setup.component.ts	418	moiEditable	legacy record	if (row.isBlock || !(row.body instanceof RealLink)) return false;	pending S6/S7 semantic disposition
src/app/component/analysis-setup/analysis-setup.component.ts	432	anyInertiaIsCustom	point graph; legacy record	return this.mechanism.links.some((link) => link instanceof RealLink && link.moiIsCustom);	pending S6/S7 semantic disposition
src/app/component/analysis-setup/analysis-setup.component.ts	448	resetAllInertia	point graph	for (const link of this.mechanism.links) {	pending S6/S7 semantic disposition
src/app/component/analysis-setup/analysis-setup.component.ts	449	resetAllInertia	legacy record	if (link instanceof RealLink) {	pending S6/S7 semantic disposition
src/app/component/analysis-setup/analysis-setup.component.ts	487	applyInertia	legacy record	if (!this.massEditable() || !this.moiEditable(row) || !(row.body instanceof RealLink)) return;	pending S6/S7 semantic disposition
src/app/component/analysis-setup/analysis-setup.component.ts	513	goTo	legacy record	if (part instanceof RealJoint || part instanceof RealLink) {	pending S6/S7 semantic disposition
src/app/component/analysis-setup/analysis-setup.component.ts	518	goTo	legacy record	if (part instanceof RealLink) editPanelHandle()?.expandSection('LMass');	pending S6/S7 semantic disposition
src/app/component/analysis-setup/analysis-setup.component.ts	523	nameOf	legacy record	return (part as RealJoint).name || part.id;	pending S6/S7 semantic disposition
src/app/component/bottombar/bottombar.component.ts	1	<module>	legacy authority	import { SvgGridService } from '../../services/svg-grid.service';	pending S6/S7 semantic disposition
src/app/component/bottombar/bottombar.component.ts	3	<module>	legacy authority	import { ActiveObjService } from '../../services/active-obj.service';	pending S6/S7 semantic disposition
src/app/component/bottombar/bottombar.component.ts	9	<module>	legacy authority	import { MechanismService } from '../../services/mechanism.service';	pending S6/S7 semantic disposition
src/app/component/bottombar/bottombar.component.ts	26	<module>	legacy authority	mechanismSrv = inject(MechanismService);	pending S6/S7 semantic disposition
src/app/component/bottombar/bottombar.component.ts	28	<module>	legacy authority	private svgGrid = inject(SvgGridService);	pending S6/S7 semantic disposition
src/app/component/bottombar/bottombar.component.ts	30	<module>	legacy authority	private activeObj = inject(ActiveObjService);	pending S6/S7 semantic disposition
src/app/component/edit-panel/edit-panel.component.html	530	<template>	point graph	[disabled]="activeSrv.selectedLink.joints.length > 2"	pending S6/S7 semantic disposition
src/app/component/edit-panel/edit-panel.component.html	650	<template>	point graph	@for (joint of activeSrv.selectedLink.joints; track joint.id) {	pending S6/S7 semantic disposition
src/app/component/edit-panel/edit-panel.component.ts	14	<module>	legacy authority	import { ActiveObjService } from 'src/app/services/active-obj.service';	pending S6/S7 semantic disposition
src/app/component/edit-panel/edit-panel.component.ts	16	<module>	legacy record	import { PrisJoint, RealJoint, RevJoint } from 'src/app/model/joint';	pending S6/S7 semantic disposition
src/app/component/edit-panel/edit-panel.component.ts	38	<module>	legacy authority	import { MechanismService } from '../../services/mechanism.service';	pending S6/S7 semantic disposition
src/app/component/edit-panel/edit-panel.component.ts	41	<module>	legacy authority	import { GridUtilsService } from '../../services/grid-utils.service';	pending S6/S7 semantic disposition
src/app/component/edit-panel/edit-panel.component.ts	42	<module>	legacy record	import { Link, RealLink } from '../../model/link';	pending S6/S7 semantic disposition
src/app/component/edit-panel/edit-panel.component.ts	43	<module>	canvas registration	import { canvasHandle } from '../../services/canvas-handle';	pending S6/S7 semantic disposition
src/app/component/edit-panel/edit-panel.component.ts	45	<module>	scale boundary	import { MODEL_SCALE } from '../../model/render-scale';	pending S6/S7 semantic disposition
src/app/component/edit-panel/edit-panel.component.ts	119	<module>	legacy authority	activeSrv = inject(ActiveObjService);	pending S6/S7 semantic disposition
src/app/component/edit-panel/edit-panel.component.ts	134	<module>	legacy authority	mechanismService = inject(MechanismService);	pending S6/S7 semantic disposition
src/app/component/edit-panel/edit-panel.component.ts	138	<module>	legacy authority	gridUtils = inject(GridUtilsService);	pending S6/S7 semantic disposition
src/app/component/edit-panel/edit-panel.component.ts	143	<module>	legacy record	listOfOtherJoints: RealJoint[] = [];	pending S6/S7 semantic disposition
src/app/component/edit-panel/edit-panel.component.ts	189	gridIsEmpty	point graph	return this.mechanismService.joints.length === 0 && this.mechanismService.links.length === 0;	pending S6/S7 semantic disposition
src/app/component/edit-panel/edit-panel.component.ts	408	<module>	legacy record	* speed both sit on the PrisJoint underneath -- the same hop `adjustInput`	pending S6/S7 semantic disposition
src/app/component/edit-panel/edit-panel.component.ts	415	drivenJoint	legacy record	private get drivenJoint(): RealJoint | undefined {	pending S6/S7 semantic disposition
src/app/component/edit-panel/edit-panel.component.ts	756	syncLockDisabledFields	point graph	const held = this.activeSrv.selectedLink.joints.filter((joint) => frozenIds.has(joint.id));	pending S6/S7 semantic disposition
src/app/component/edit-panel/edit-panel.component.ts	757	syncLockDisabledFields	point graph	if (held.length >= this.activeSrv.selectedLink.joints.length) {	pending S6/S7 semantic disposition
src/app/component/edit-panel/edit-panel.component.ts	917	reposeCylinder	legacy record	c as RealJoint,	pending S6/S7 semantic disposition
src/app/component/edit-panel/edit-panel.component.ts	1018	cylinderHasCustomInertia	legacy record	(part) => part instanceof RealLink && (part.moiIsCustom || part.comIsCustom)	pending S6/S7 semantic disposition
src/app/component/edit-panel/edit-panel.component.ts	1033	deriveCylinderInertiaFromShape	legacy record	if (part instanceof RealLink) {	pending S6/S7 semantic disposition
src/app/component/edit-panel/edit-panel.component.ts	1052	selectedSlider	legacy record	get selectedSlider(): PrisJoint | undefined {	pending S6/S7 semantic disposition
src/app/component/edit-panel/edit-panel.component.ts	1054	selectedSlider	legacy record	if (joint instanceof PrisJoint) return joint;	pending S6/S7 semantic disposition
src/app/component/edit-panel/edit-panel.component.ts	1056	selectedSlider	legacy record	return slider instanceof PrisJoint ? slider : undefined;	pending S6/S7 semantic disposition
src/app/component/edit-panel/edit-panel.component.ts	1165	<module>	legacy record	/** The barrel as the RealLink the color picker paints; the rod follows it. */	pending S6/S7 semantic disposition
src/app/component/edit-panel/edit-panel.component.ts	1166	cylinderBodyLink	legacy record	cylinderBodyLink(sealed: Cylinder): RealLink {	pending S6/S7 semantic disposition
src/app/component/edit-panel/edit-panel.component.ts	1167	cylinderBodyLink	legacy record	return sealed.barrel as RealLink;	pending S6/S7 semantic disposition
src/app/component/edit-panel/edit-panel.component.ts	1214	disableAndEnableLinkFields	point graph	if (this.activeSrv.selectedLink.joints.length > 2) {	pending S6/S7 semantic disposition
src/app/component/edit-panel/edit-panel.component.ts	1374	onChanges	legacy record	(this.gridUtils.getSliderJoint(this.activeSrv.selectedJoint) as PrisJoint).angle_rad =	pending S6/S7 semantic disposition
src/app/component/edit-panel/edit-panel.component.ts	1423	onChanges	point graph	this.activeSrv.selectedJoint.connectedJoints.forEach((j) => {	pending S6/S7 semantic disposition
src/app/component/edit-panel/edit-panel.component.ts	1424	onChanges	legacy record	if (j instanceof PrisJoint) {	pending S6/S7 semantic disposition
src/app/component/edit-panel/edit-panel.component.ts	2031	onChanges	legacy record	? (this.gridUtils.getSliderJoint(this.activeSrv.selectedJoint) as PrisJoint).angle_rad	pending S6/S7 semantic disposition
src/app/component/edit-panel/edit-panel.component.ts	2051	onChanges	legacy record	// A slider's ground lives on its PrisJoint, not on the pin the	pending S6/S7 semantic disposition
src/app/component/edit-panel/edit-panel.component.ts	2143	whyNotCircular	point graph	const grounded = link.joints.filter(	pending S6/S7 semantic disposition
src/app/component/edit-panel/edit-panel.component.ts	2144	whyNotCircular	legacy record	(joint) => joint instanceof RealJoint && joint.ground && !(joint instanceof PrisJoint)	pending S6/S7 semantic disposition
src/app/component/edit-panel/edit-panel.component.ts	2147	whyNotCircular	point graph	if (link.subset.length > 0) {	pending S6/S7 semantic disposition
src/app/component/edit-panel/edit-panel.component.ts	2193	comFrameOrigin	legacy record	private comFrameOrigin(link: RealLink): { x: number; y: number } {	pending S6/S7 semantic disposition
src/app/component/edit-panel/edit-panel.component.ts	2197	comFrameOrigin	point graph	const joint = link.joints.find((candidate) => candidate.id === id);	pending S6/S7 semantic disposition
src/app/component/edit-panel/edit-panel.component.ts	2200	comFrameOrigin	point graph	return uniformBodyOf(link.joints).centroid;	pending S6/S7 semantic disposition
src/app/component/edit-panel/edit-panel.component.ts	2207	<module>	legacy authority	// touches MechanismService, never enters the undo history, and never reaches	pending S6/S7 semantic disposition
src/app/component/edit-panel/edit-panel.component.ts	2350	refreshDerivedMassFields	scale boundary	comX: ((link.CoM.x - origin.x) / MODEL_SCALE).toFixed(2),	pending S6/S7 semantic disposition
src/app/component/edit-panel/edit-panel.component.ts	2351	refreshDerivedMassFields	scale boundary	comY: ((link.CoM.y - origin.y) / MODEL_SCALE).toFixed(2),	pending S6/S7 semantic disposition
src/app/component/edit-panel/edit-panel.component.ts	2372	getDistanceBetweenJoints	legacy record	getDistanceBetweenJoints(j1: RevJoint, j2: RevJoint): number {	pending S6/S7 semantic disposition
src/app/component/edit-panel/edit-panel.component.ts	2376	getAngleBetweenJoints	legacy record	getAngleBetweenJoints(j1: RevJoint, j2: RevJoint): number {	pending S6/S7 semantic disposition
src/app/component/edit-panel/edit-panel.component.ts	2380	updateDistanceBetweenJoints	legacy record	updateDistanceBetweenJoints(j1: RevJoint, j2: RevJoint, newDist: number): void {	pending S6/S7 semantic disposition
src/app/component/edit-panel/edit-panel.component.ts	2388	updateAngleBetweenJoints	legacy record	updateAngleBetweenJoints(j1: RevJoint, j2: RevJoint, newAngle: number): void {	pending S6/S7 semantic disposition
src/app/component/edit-panel/edit-panel.component.ts	2458	resolveNewLink	point graph	const joints = this.activeSrv.selectedLink.joints;	pending S6/S7 semantic disposition
src/app/component/edit-panel/edit-panel.component.ts	2462	resolveNewLink	legacy record	const grounded = (at: number) => (joints[at] as RevJoint).ground;	pending S6/S7 semantic disposition
src/app/component/edit-panel/edit-panel.component.ts	2474	resolveNewLink	legacy record	this.gridUtils.dragJoint(joints[moving] as RevJoint, to);	pending S6/S7 semantic disposition
src/app/component/edit-panel/edit-panel.component.ts	2519	isWeldable	legacy record	isWeldable(joint: RealJoint) {	pending S6/S7 semantic disposition
src/app/component/edit-panel/edit-panel.component.ts	2525	canToggleInput	legacy record	canToggleInput(selectedJoint: RealJoint) {	pending S6/S7 semantic disposition
src/app/component/edit-panel/edit-panel.component.ts	2549	setComPreview	canvas registration	canvasHandle()?.setComMeasureOverlay(	pending S6/S7 semantic disposition
src/app/component/edit-panel/edit-panel.component.ts	2563	setCylinderPartPreview	canvas registration	canvasHandle()?.setCylinderPartPreview(part);	pending S6/S7 semantic disposition
src/app/component/edit-panel/edit-panel.component.ts	2567	setShowLinkLengthOverlay	canvas registration	canvasHandle()?.setLinkLengthOverlay($event, this.listOfOtherJoints);	pending S6/S7 semantic disposition
src/app/component/edit-panel/edit-panel.component.ts	2571	setShowLinkAngleOverlay	canvas registration	canvasHandle()?.setLinkAngleOverlay($event, this.listOfOtherJoints);	pending S6/S7 semantic disposition
src/app/component/edit-panel/edit-panel.component.ts	2576	setSlotAngleOverlay	canvas registration	canvasHandle()?.setSlotAngleOverlay(showing);	pending S6/S7 semantic disposition
src/app/component/edit-panel/edit-panel.component.ts	2581	setCylinderRangeOverlay	canvas registration	canvasHandle()?.setCylinderRangeOverlay(which);	pending S6/S7 semantic disposition
src/app/component/edit-panel/edit-panel.component.ts	2584	getOtherJointsInLink	legacy record	getOtherJointsInLink(selectedJoint: RealJoint): RealJoint[] {	pending S6/S7 semantic disposition
src/app/component/edit-panel/edit-panel.component.ts	2588	getOtherJointsInLink	point graph	let links = this.mechanismService.links.filter((link) => {	pending S6/S7 semantic disposition
src/app/component/edit-panel/edit-panel.component.ts	2589	getOtherJointsInLink	point graph	return link.joints.includes(selectedJoint);	pending S6/S7 semantic disposition
src/app/component/edit-panel/edit-panel.component.ts	2594	getOtherJointsInLink	point graph; legacy record	return (link.joints as RealJoint[]).filter((joint) => {	pending S6/S7 semantic disposition
src/app/component/edit-panel/edit-panel.component.ts	2602	getOtherJointsInLink	legacy record	return !(joint instanceof PrisJoint);	pending S6/S7 semantic disposition
src/app/component/edit-panel/edit-panel.component.ts	2622	getOtherJointsInLink	legacy record	if (far instanceof RealJoint && !otherJoints.some((joint) => joint.id === far.id)) {	pending S6/S7 semantic disposition
src/app/component/edit-panel/edit-panel.component.ts	2631	getOtherJointsInLink	legacy record	return otherJoints as RealJoint[];	pending S6/S7 semantic disposition
src/app/component/edit-panel/edit-panel.component.ts	2717	setFormDistAndAngle	legacy record	currentJoint: RealJoint,	pending S6/S7 semantic disposition
src/app/component/edit-panel/edit-panel.component.ts	2718	setFormDistAndAngle	legacy record	otherJoint: RealJoint,	pending S6/S7 semantic disposition
src/app/component/export-panel/export-panel.component.ts	7	<module>	legacy authority	import { MechanismService } from '../../services/mechanism.service';	pending S6/S7 semantic disposition
src/app/component/export-panel/export-panel.component.ts	49	<module>	legacy authority	private mechanism = inject(MechanismService);	pending S6/S7 semantic disposition
src/app/component/left-tabs/left-tabs.component.html	2	<template>	legacy authority	edge it takes: SvgGridService frames the linkage into what is left rather	pending S6/S7 semantic disposition
src/app/component/linkage-table/linkage-table.component.ts	3	<module>	legacy record	import { SliderBlock, Link, RealLink } from '../../model/link';	pending S6/S7 semantic disposition
src/app/component/linkage-table/linkage-table.component.ts	4	<module>	legacy record	import { Joint, PrisJoint, RealJoint, RevJoint } from '../../model/joint';	pending S6/S7 semantic disposition
src/app/component/linkage-table/linkage-table.component.ts	7	<module>	legacy authority	import { MechanismService } from '../../services/mechanism.service';	pending S6/S7 semantic disposition
src/app/component/linkage-table/linkage-table.component.ts	8	<module>	scale boundary	import { MODEL_SCALE } from '../../model/render-scale';	pending S6/S7 semantic disposition
src/app/component/linkage-table/linkage-table.component.ts	22	<module>	legacy authority	private mechanismService = inject(MechanismService);	pending S6/S7 semantic disposition
src/app/component/linkage-table/linkage-table.component.ts	31	<module>	scale boundary	// The table's cells speak the user's units; the model is MODEL_SCALE times	pending S6/S7 semantic disposition
src/app/component/linkage-table/linkage-table.component.ts	34	toUserUnits	scale boundary	return roundNumber(modelValue / MODEL_SCALE, 4);	pending S6/S7 semantic disposition
src/app/component/linkage-table/linkage-table.component.ts	50	distFromJoint	scale boundary	Math.sqrt(Math.pow(joint1.x - joint2.x, 2) + Math.pow(joint1.y - joint2.y, 2)) / MODEL_SCALE,	pending S6/S7 semantic disposition
src/app/component/linkage-table/linkage-table.component.ts	56	changeJointProp	legacy record	if (!(joint instanceof RealJoint)) {	pending S6/S7 semantic disposition
src/app/component/linkage-table/linkage-table.component.ts	66	changeJointProp	scale boundary	const value = Number(($event.target as HTMLInputElement).value) * MODEL_SCALE;	pending S6/S7 semantic disposition
src/app/component/linkage-table/linkage-table.component.ts	83	changeJointProp	scale boundary	joint.x = Number(($event.target as HTMLInputElement).value) * MODEL_SCALE;	pending S6/S7 semantic disposition
src/app/component/linkage-table/linkage-table.component.ts	84	changeJointProp	point graph	joint.links.forEach((l) => {	pending S6/S7 semantic disposition
src/app/component/linkage-table/linkage-table.component.ts	85	changeJointProp	legacy record	if (!(l instanceof RealLink)) {	pending S6/S7 semantic disposition
src/app/component/linkage-table/linkage-table.component.ts	89	changeJointProp	point graph	const jointIndex = l.joints.findIndex((jt) => jt.id === joint.id);	pending S6/S7 semantic disposition
src/app/component/linkage-table/linkage-table.component.ts	90	changeJointProp	point graph	l.joints[jointIndex].x = roundNumber(joint.x, 3);	pending S6/S7 semantic disposition
src/app/component/linkage-table/linkage-table.component.ts	91	changeJointProp	point graph	l.joints[jointIndex].y = roundNumber(joint.y, 3);	pending S6/S7 semantic disposition
src/app/component/linkage-table/linkage-table.component.ts	93	changeJointProp	point graph; legacy record	l.CoM = RealLink.determineCenterOfMass(l.joints);	pending S6/S7 semantic disposition
src/app/component/linkage-table/linkage-table.component.ts	95	changeJointProp	point graph; legacy record	// l.bound = RealLink.getBounds(new Coord(l.joints[0].x, l.joints[0].y), new Coord(l.joints[1].x, l.joints[1].y), Shape.line);	pending S6/S7 semantic disposition
src/app/component/linkage-table/linkage-table.component.ts	96	changeJointProp	legacy record	// l.d = RealLink.getPointsFromBounds(l.bound, l.shape);	pending S6/S7 semantic disposition
src/app/component/linkage-table/linkage-table.component.ts	107	changeJointProp	scale boundary	joint.y = Number(($event.target as HTMLInputElement).value) * MODEL_SCALE;	pending S6/S7 semantic disposition
src/app/component/linkage-table/linkage-table.component.ts	108	changeJointProp	point graph	joint.links.forEach((l) => {	pending S6/S7 semantic disposition
src/app/component/linkage-table/linkage-table.component.ts	109	changeJointProp	legacy record	if (!(l instanceof RealLink)) {	pending S6/S7 semantic disposition
src/app/component/linkage-table/linkage-table.component.ts	113	changeJointProp	point graph	const jointIndex = l.joints.findIndex((jt) => jt.id === joint.id);	pending S6/S7 semantic disposition
src/app/component/linkage-table/linkage-table.component.ts	114	changeJointProp	point graph	l.joints[jointIndex].x = roundNumber(joint.x, 3);	pending S6/S7 semantic disposition
src/app/component/linkage-table/linkage-table.component.ts	115	changeJointProp	point graph	l.joints[jointIndex].y = roundNumber(joint.y, 3);	pending S6/S7 semantic disposition
src/app/component/linkage-table/linkage-table.component.ts	116	changeJointProp	point graph; legacy record	l.CoM = RealLink.determineCenterOfMass(l.joints);	pending S6/S7 semantic disposition
src/app/component/linkage-table/linkage-table.component.ts	127	changeJointProp	point graph	joint.links.forEach((l) => {	pending S6/S7 semantic disposition
src/app/component/linkage-table/linkage-table.component.ts	136	changeJointProp	legacy record	if (!(joint instanceof PrisJoint)) {	pending S6/S7 semantic disposition
src/app/component/linkage-table/linkage-table.component.ts	148	changeLinkProp	legacy record	if (!(link instanceof RealLink)) {	pending S6/S7 semantic disposition
src/app/component/linkage-table/linkage-table.component.ts	180	changeLinkProp	scale boundary	x: Number(($event.target as HTMLInputElement).value) * MODEL_SCALE,	pending S6/S7 semantic disposition
src/app/component/linkage-table/linkage-table.component.ts	190	changeLinkProp	scale boundary	y: Number(($event.target as HTMLInputElement).value) * MODEL_SCALE,	pending S6/S7 semantic disposition
src/app/component/linkage-table/linkage-table.component.ts	215	changeForceProp	scale boundary	Number(($event.target as HTMLInputElement).value) * MODEL_SCALE,	pending S6/S7 semantic disposition
src/app/component/linkage-table/linkage-table.component.ts	227	changeForceProp	scale boundary	Number(($event.target as HTMLInputElement).value) * MODEL_SCALE	pending S6/S7 semantic disposition
src/app/component/linkage-table/linkage-table.component.ts	267	typeOfJoint	legacy record	case RealJoint:	pending S6/S7 semantic disposition
src/app/component/linkage-table/linkage-table.component.ts	269	typeOfJoint	legacy record	case RevJoint:	pending S6/S7 semantic disposition
src/app/component/linkage-table/linkage-table.component.ts	271	typeOfJoint	legacy record	case PrisJoint:	pending S6/S7 semantic disposition
src/app/component/linkage-table/linkage-table.component.ts	279	typeofLink	legacy record	case RealLink:	pending S6/S7 semantic disposition
src/app/component/linkage-table/linkage-table.component.ts	281	typeofLink	legacy record	case SliderBlock:	pending S6/S7 semantic disposition
src/app/component/linkage-table/linkage-table.component.ts	288	getJointAngle	legacy record	if (!(joint instanceof PrisJoint)) {	pending S6/S7 semantic disposition
src/app/component/linkage-table/linkage-table.component.ts	295	getLinkProp	legacy record	if (!(link instanceof RealLink)) {	pending S6/S7 semantic disposition
src/app/component/linkage-table/linkage-table.component.ts	313	connectedJoints	legacy record	if (!(joint instanceof PrisJoint || joint instanceof RevJoint)) {	pending S6/S7 semantic disposition
src/app/component/linkage-table/linkage-table.component.ts	316	connectedJoints	point graph	return joint.connectedJoints;	pending S6/S7 semantic disposition
src/app/component/linkage-table/linkage-table.component.ts	323	getJoints	point graph	return this.mechanismService.joints.filter((joint) => {	pending S6/S7 semantic disposition
src/app/component/linkage-table/linkage-table.component.ts	330	getLinks	point graph	return this.mechanismService.links;	pending S6/S7 semantic disposition
src/app/component/mechanism-panel/mechanism-panel.component.ts	4	<module>	legacy record	import { RealJoint } from '../../model/joint';	pending S6/S7 semantic disposition
src/app/component/mechanism-panel/mechanism-panel.component.ts	5	<module>	legacy record	import { RealLink } from '../../model/link';	pending S6/S7 semantic disposition
src/app/component/mechanism-panel/mechanism-panel.component.ts	6	<module>	legacy authority	import { MechanismService } from '../../services/mechanism.service';	pending S6/S7 semantic disposition
src/app/component/mechanism-panel/mechanism-panel.component.ts	8	<module>	legacy authority	import { ActiveObjService } from '../../services/active-obj.service';	pending S6/S7 semantic disposition
src/app/component/mechanism-panel/mechanism-panel.component.ts	31	sweepOf	legacy record	function sweepOf(link: RealLink, solved: Mechanism): boolean | undefined {	pending S6/S7 semantic disposition
src/app/component/mechanism-panel/mechanism-panel.component.ts	32	sweepOf	point graph	const frames = solved.joints;	pending S6/S7 semantic disposition
src/app/component/mechanism-panel/mechanism-panel.component.ts	34	sweepOf	point graph; legacy record	const pivot = link.joints.find((joint) => (joint as RealJoint).ground);	pending S6/S7 semantic disposition
src/app/component/mechanism-panel/mechanism-panel.component.ts	35	sweepOf	point graph	const arm = link.joints.find((joint) => joint !== pivot);	pending S6/S7 semantic disposition
src/app/component/mechanism-panel/mechanism-panel.component.ts	80	<module>	legacy authority	mechanism = inject(MechanismService);	pending S6/S7 semantic disposition
src/app/component/mechanism-panel/mechanism-panel.component.ts	81	<module>	legacy authority	activeObj = inject(ActiveObjService);	pending S6/S7 semantic disposition
src/app/component/mechanism-panel/mechanism-panel.component.ts	145	links	point graph	return partition.links	pending S6/S7 semantic disposition
src/app/component/mechanism-panel/mechanism-panel.component.ts	146	links	legacy record	.filter((link): link is RealLink => link instanceof RealLink)	pending S6/S7 semantic disposition
src/app/component/mechanism-panel/mechanism-panel.component.ts	162	roleOf	legacy record	private roleOf(link: RealLink): string {	pending S6/S7 semantic disposition
src/app/component/mechanism-panel/mechanism-panel.component.ts	163	roleOf	point graph; legacy record	if (link.joints.some((joint) => (joint as RealJoint).input)) {	pending S6/S7 semantic disposition
src/app/component/mechanism-panel/mechanism-panel.component.ts	166	roleOf	point graph; legacy record	const grounded = link.joints.filter((joint) => (joint as RealJoint).ground).length;	pending S6/S7 semantic disposition
src/app/component/mechanism-panel/mechanism-panel.component.ts	170	roleOf	point graph	if (grounded > 1 || link.joints.length < 2) {	pending S6/S7 semantic disposition
src/app/component/mechanism-panel/mechanism-panel.component.ts	189	turnsFully	legacy record	private turnsFully(link: RealLink): boolean | undefined {	pending S6/S7 semantic disposition
src/app/component/mechanism-panel/mechanism-panel.component.ts	205	lengthOf	legacy record	private lengthOf(link: RealLink): string {	pending S6/S7 semantic disposition
src/app/component/mechanism-panel/mechanism-panel.component.ts	206	lengthOf	point graph	const ends = link.joints;	pending S6/S7 semantic disposition
src/app/component/multi-edit-panel/multi-edit-panel.component.ts	12	<module>	legacy record	import { RealJoint } from '../../model/joint';	pending S6/S7 semantic disposition
src/app/component/multi-edit-panel/multi-edit-panel.component.ts	13	<module>	legacy record	import { LinkHold, RealLink } from '../../model/link';	pending S6/S7 semantic disposition
src/app/component/multi-edit-panel/multi-edit-panel.component.ts	14	<module>	scale boundary	import { MODEL_SCALE } from '../../model/render-scale';	pending S6/S7 semantic disposition
src/app/component/multi-edit-panel/multi-edit-panel.component.ts	17	<module>	legacy authority	import { ActiveObjService } from '../../services/active-obj.service';	pending S6/S7 semantic disposition
src/app/component/multi-edit-panel/multi-edit-panel.component.ts	19	<module>	legacy authority	import { MechanismService } from '../../services/mechanism.service';	pending S6/S7 semantic disposition
src/app/component/multi-edit-panel/multi-edit-panel.component.ts	20	<module>	legacy authority	import { GridUtilsService } from '../../services/grid-utils.service';	pending S6/S7 semantic disposition
src/app/component/multi-edit-panel/multi-edit-panel.component.ts	26	<module>	legacy authority	import { SvgGridService } from '../../services/svg-grid.service';	pending S6/S7 semantic disposition
src/app/component/multi-edit-panel/multi-edit-panel.component.ts	58	<module>	legacy authority	readonly active = inject(ActiveObjService);	pending S6/S7 semantic disposition
src/app/component/multi-edit-panel/multi-edit-panel.component.ts	59	<module>	legacy authority	private mechanism = inject(MechanismService);	pending S6/S7 semantic disposition
src/app/component/multi-edit-panel/multi-edit-panel.component.ts	61	<module>	legacy authority	private grid = inject(GridUtilsService);	pending S6/S7 semantic disposition
src/app/component/multi-edit-panel/multi-edit-panel.component.ts	66	<module>	legacy authority	private svgGrid = inject(SvgGridService);	pending S6/S7 semantic disposition
src/app/component/multi-edit-panel/multi-edit-panel.component.ts	195	joints	legacy record	get joints(): RealJoint[] {	pending S6/S7 semantic disposition
src/app/component/multi-edit-panel/multi-edit-panel.component.ts	196	joints	legacy record	return this.active.selectedParts.filter((part): part is RealJoint => part instanceof RealJoint);	pending S6/S7 semantic disposition
src/app/component/multi-edit-panel/multi-edit-panel.component.ts	199	links	legacy record	get links(): RealLink[] {	pending S6/S7 semantic disposition
src/app/component/multi-edit-panel/multi-edit-panel.component.ts	200	links	legacy record	return this.active.selectedParts.filter((part): part is RealLink => part instanceof RealLink);	pending S6/S7 semantic disposition
src/app/component/multi-edit-panel/multi-edit-panel.component.ts	204	homogeneousJoints	point graph	return this.joints.length > 0 && this.joints.length === this.active.selectedParts.length;	pending S6/S7 semantic disposition
src/app/component/multi-edit-panel/multi-edit-panel.component.ts	208	homogeneousLinks	point graph	return this.links.length > 0 && this.links.length === this.active.selectedParts.length;	pending S6/S7 semantic disposition
src/app/component/multi-edit-panel/multi-edit-panel.component.ts	287	ordinaryBinaryLinks	point graph	this.links.every(	pending S6/S7 semantic disposition
src/app/component/multi-edit-panel/multi-edit-panel.component.ts	289	ordinaryBinaryLinks	point graph	link.joints.length === 2 &&	pending S6/S7 semantic disposition
src/app/component/multi-edit-panel/multi-edit-panel.component.ts	290	ordinaryBinaryLinks	point graph	link.subset.length === 0 &&	pending S6/S7 semantic disposition
src/app/component/multi-edit-panel/multi-edit-panel.component.ts	298	selectionLabel	point graph	[this.joints.length, 'joint', 'joints'],	pending S6/S7 semantic disposition
src/app/component/multi-edit-panel/multi-edit-panel.component.ts	299	selectionLabel	point graph	[this.links.length, 'link', 'links'],	pending S6/S7 semantic disposition
src/app/component/multi-edit-panel/multi-edit-panel.component.ts	314	jointValue	point graph	this.joints.map((joint) => joint[axis]),	pending S6/S7 semantic disposition
src/app/component/multi-edit-panel/multi-edit-panel.component.ts	321	linkValue	point graph	this.links.map((link) => (field === 'angle' ? link.angleRad : link[field])),	pending S6/S7 semantic disposition
src/app/component/multi-edit-panel/multi-edit-panel.component.ts	360	groundState	point graph	this.joints.map((joint) => this.mechanism.sliderFor(joint)?.ground ?? joint.ground === true)	pending S6/S7 semantic disposition
src/app/component/multi-edit-panel/multi-edit-panel.component.ts	365	weldState	point graph	return this.common(this.joints.map((joint) => joint.isWelded === true));	pending S6/S7 semantic disposition
src/app/component/multi-edit-panel/multi-edit-panel.component.ts	369	sliderState	point graph	return this.common(this.joints.map((joint) => this.grid.isAttachedToSlider(joint)));	pending S6/S7 semantic disposition
src/app/component/multi-edit-panel/multi-edit-panel.component.ts	373	holdState	point graph	return this.common(this.links.map((link) => link.hold === which));	pending S6/S7 semantic disposition
src/app/component/multi-edit-panel/multi-edit-panel.component.ts	412	traceState	point graph	return this.common(this.joints.map((joint) => joint.showCurve === true));	pending S6/S7 semantic disposition
src/app/component/multi-edit-panel/multi-edit-panel.component.ts	490	duplicate	scale boundary	const step = this.svgGrid.minorCellSize || MODEL_SCALE;	pending S6/S7 semantic disposition
src/app/component/multi-edit-panel/multi-edit-panel.component.ts	498	duplicate	point graph	this.mechanism.joints,	pending S6/S7 semantic disposition
src/app/component/multi-edit-panel/multi-edit-panel.component.ts	499	duplicate	point graph	this.mechanism.links	pending S6/S7 semantic disposition
src/app/component/new-grid/new-grid.component.html	93	<template>	point graph	@if (mechanismSrv.joints.length == 0) {	pending S6/S7 semantic disposition
src/app/component/new-grid/new-grid.component.html	95	<template>	scale boundary	[attr.x]="-10 * MODEL_SCALE"	pending S6/S7 semantic disposition
src/app/component/new-grid/new-grid.component.html	96	<template>	scale boundary	[attr.y]="-10 * MODEL_SCALE"	pending S6/S7 semantic disposition
src/app/component/new-grid/new-grid.component.html	97	<template>	scale boundary	[attr.width]="20 * MODEL_SCALE"	pending S6/S7 semantic disposition
src/app/component/new-grid/new-grid.component.html	98	<template>	scale boundary	[attr.height]="20 * MODEL_SCALE"	pending S6/S7 semantic disposition
src/app/component/new-grid/new-grid.component.html	695	<template>	point graph	(pointerover)="item.plate.links[0].showHighlight = true"	pending S6/S7 semantic disposition
src/app/component/new-grid/new-grid.component.html	696	<template>	point graph	(pointerout)="item.plate.links[0].showHighlight = false"	pending S6/S7 semantic disposition
src/app/component/new-grid/new-grid.component.html	697	<template>	point graph	(pointerdown)="setLastLeftClick(item.plate.links[0], $event)"	pending S6/S7 semantic disposition
src/app/component/new-grid/new-grid.component.html	698	<template>	point graph	(contextmenu)="setLastRightClick(item.plate.links[0], $event)"	pending S6/S7 semantic disposition
src/app/component/new-grid/new-grid.component.html	699	<template>	point graph	[attr.d]="markPathWithPreview(item.mark, item.plate, item.plate.links[0])"	pending S6/S7 semantic disposition
src/app/component/new-grid/new-grid.component.html	705	<template>	point graph	[class]="mechanismSrv.getLinkCSSClass(item.plate.links[0])"	pending S6/S7 semantic disposition
src/app/component/new-grid/new-grid.component.html	711	<template>	point graph	@if (item.plate.cuts.length > 0 || channelCountOn(item.plate.links[0]) > 0) {	pending S6/S7 semantic disposition
src/app/component/new-grid/new-grid.component.html	714	<template>	point graph	(pointerover)="item.plate.links[0].showHighlight = true"	pending S6/S7 semantic disposition
src/app/component/new-grid/new-grid.component.html	715	<template>	point graph	(pointerout)="item.plate.links[0].showHighlight = false"	pending S6/S7 semantic disposition
src/app/component/new-grid/new-grid.component.html	716	<template>	point graph	(pointerdown)="setLastLeftClick(item.plate.links[0], $event)"	pending S6/S7 semantic disposition
src/app/component/new-grid/new-grid.component.html	717	<template>	point graph	(contextmenu)="setLastRightClick(item.plate.links[0], $event)"	pending S6/S7 semantic disposition
src/app/component/new-grid/new-grid.component.html	718	<template>	point graph	[attr.d]="markChannelsCutInto(item.mark, item.plate, item.plate.links[0])"	pending S6/S7 semantic disposition
src/app/component/new-grid/new-grid.component.html	1648	<template>	point graph	@if (gridUtils.typeOfLink(link) == 'R' && link.subset.length == 0) {	pending S6/S7 semantic disposition
src/app/component/new-grid/new-grid.component.html	2474	<template>	scale boundary	Mouse Location: {{ (mouseLocation.x / MODEL_SCALE).toFixed(2) }},	pending S6/S7 semantic disposition
src/app/component/new-grid/new-grid.component.html	2475	<template>	scale boundary	{{ (mouseLocation.y / MODEL_SCALE).toFixed(2) }} Zoom: {{ svgGrid.getZoom().toFixed(2) }} Mouse	pending S6/S7 semantic disposition
src/app/component/new-grid/new-grid.component.ts	1	<module>	legacy authority	import { SvgGridService } from '../../services/svg-grid.service';	pending S6/S7 semantic disposition
src/app/component/new-grid/new-grid.component.ts	15	<module>	legacy authority	import { MechanismService } from '../../services/mechanism.service';	pending S6/S7 semantic disposition
src/app/component/new-grid/new-grid.component.ts	19	<module>	legacy authority	import { GridUtilsService } from '../../services/grid-utils.service';	pending S6/S7 semantic disposition
src/app/component/new-grid/new-grid.component.ts	21	<module>	legacy authority	import { ActiveObjService } from '../../services/active-obj.service';	pending S6/S7 semantic disposition
src/app/component/new-grid/new-grid.component.ts	32	<module>	legacy record	import { Link, RealLink, SliderBlock } from '../../model/link';	pending S6/S7 semantic disposition
src/app/component/new-grid/new-grid.component.ts	34	<module>	legacy record	import { Joint, PrisJoint, RealJoint, RevJoint } from '../../model/joint';	pending S6/S7 semantic disposition
src/app/component/new-grid/new-grid.component.ts	112	<module>	scale boundary	import { MODEL_SCALE } from '../../model/render-scale';	pending S6/S7 semantic disposition
src/app/component/new-grid/new-grid.component.ts	204	<module>	legacy authority	svgGrid = inject(SvgGridService);	pending S6/S7 semantic disposition
src/app/component/new-grid/new-grid.component.ts	205	<module>	legacy authority	mechanismSrv = inject(MechanismService);	pending S6/S7 semantic disposition
src/app/component/new-grid/new-grid.component.ts	209	<module>	legacy authority	gridUtils = inject(GridUtilsService);	pending S6/S7 semantic disposition
src/app/component/new-grid/new-grid.component.ts	212	<module>	legacy authority	activeObjService = inject(ActiveObjService);	pending S6/S7 semantic disposition
src/app/component/new-grid/new-grid.component.ts	293	<module>	legacy record	public snapTargetJoint?: RevJoint;	pending S6/S7 semantic disposition
src/app/component/new-grid/new-grid.component.ts	341	<module>	legacy record	private overlayOtherJoints: readonly RealJoint[] = [];	pending S6/S7 semantic disposition
src/app/component/new-grid/new-grid.component.ts	343	setLinkLengthOverlay	legacy record	setLinkLengthOverlay(index: number, others: readonly RealJoint[]): void {	pending S6/S7 semantic disposition
src/app/component/new-grid/new-grid.component.ts	348	setLinkAngleOverlay	legacy record	setLinkAngleOverlay(index: number, others: readonly RealJoint[]): void {	pending S6/S7 semantic disposition
src/app/component/new-grid/new-grid.component.ts	364	<module>	scale boundary	readonly MODEL_SCALE = MODEL_SCALE;	pending S6/S7 semantic disposition
src/app/component/new-grid/new-grid.component.ts	368	<module>	scale boundary	* model coordinates (MODEL_SCALE times the user's unit); the label is the	pending S6/S7 semantic disposition
src/app/component/new-grid/new-grid.component.ts	374	axisLabel	scale boundary	return Math.round((line / MODEL_SCALE) * 1e6) / 1e6;	pending S6/S7 semantic disposition
src/app/component/new-grid/new-grid.component.ts	553	duplicateSelected	scale boundary	const step = this.svgGrid.minorCellSize || MODEL_SCALE;	pending S6/S7 semantic disposition
src/app/component/new-grid/new-grid.component.ts	564	duplicateSelected	point graph	this.mechanismSrv.joints,	pending S6/S7 semantic disposition
src/app/component/new-grid/new-grid.component.ts	565	duplicateSelected	point graph	this.mechanismSrv.links,	pending S6/S7 semantic disposition
src/app/component/new-grid/new-grid.component.ts	647	objectKind	legacy record	if (value instanceof RealLink) return 'RealLink';	pending S6/S7 semantic disposition
src/app/component/new-grid/new-grid.component.ts	648	objectKind	legacy record	if (value instanceof PrisJoint) return 'PrisJoint';	pending S6/S7 semantic disposition
src/app/component/new-grid/new-grid.component.ts	649	objectKind	legacy record	if (value instanceof RevJoint) return 'RevJoint';	pending S6/S7 semantic disposition
src/app/component/new-grid/new-grid.component.ts	913	<module>	legacy record	private cylinderCreateOn?: RealLink;	pending S6/S7 semantic disposition
src/app/component/new-grid/new-grid.component.ts	915	<module>	legacy record	private cylinderCreateAt?: RealJoint;	pending S6/S7 semantic disposition
src/app/component/new-grid/new-grid.component.ts	931	startCreatingCylinder	legacy record	this.lastRightClick instanceof RealLink ? this.lastRightClick : undefined;	pending S6/S7 semantic disposition
src/app/component/new-grid/new-grid.component.ts	933	startCreatingCylinder	legacy record	this.lastRightClick instanceof RealJoint ? this.lastRightClick : undefined;	pending S6/S7 semantic disposition
src/app/component/new-grid/new-grid.component.ts	990	commitCylinderCreation	legacy record	private commitCylinderCreation(end: Coord, endAt?: RealJoint) {	pending S6/S7 semantic disposition
src/app/component/new-grid/new-grid.component.ts	999	commitCylinderCreationNow	legacy record	private commitCylinderCreationNow(end: Coord, endAt?: RealJoint) {	pending S6/S7 semantic disposition
src/app/component/new-grid/new-grid.component.ts	1021	setLastRightClick	legacy record	(clickedObj instanceof RealJoint ||	pending S6/S7 semantic disposition
src/app/component/new-grid/new-grid.component.ts	1022	setLastRightClick	legacy record	clickedObj instanceof RealLink ||	pending S6/S7 semantic disposition
src/app/component/new-grid/new-grid.component.ts	1046	setLastRightClick	legacy record	case 'RealLink':	pending S6/S7 semantic disposition
src/app/component/new-grid/new-grid.component.ts	1048	setLastRightClick	point graph; legacy record	if ((clickedObj as RealLink).subset.length > 1) {	pending S6/S7 semantic disposition
src/app/component/new-grid/new-grid.component.ts	1049	setLastRightClick	legacy record	this.gridUtils.updateLastSelectedSublink(event!, clickedObj as RealLink);	pending S6/S7 semantic disposition
src/app/component/new-grid/new-grid.component.ts	1083	jointUnderForceBase	legacy record	private jointUnderForceBase(force: Force): RealJoint | undefined {	pending S6/S7 semantic disposition
src/app/component/new-grid/new-grid.component.ts	1086	jointUnderForceBase	point graph	return force.link.joints.find(	pending S6/S7 semantic disposition
src/app/component/new-grid/new-grid.component.ts	1087	jointUnderForceBase	legacy record	(joint): joint is RealJoint =>	pending S6/S7 semantic disposition
src/app/component/new-grid/new-grid.component.ts	1088	jointUnderForceBase	legacy record	joint instanceof RealJoint &&	pending S6/S7 semantic disposition
src/app/component/new-grid/new-grid.component.ts	1110	setLastLeftClick	legacy record	case 'RealLink':	pending S6/S7 semantic disposition
src/app/component/new-grid/new-grid.component.ts	1112	setLastLeftClick	point graph; legacy record	if ((clickedObj as RealLink).subset.length > 1) {	pending S6/S7 semantic disposition
src/app/component/new-grid/new-grid.component.ts	1113	setLastLeftClick	legacy record	this.gridUtils.updateLastSelectedSublink(event!, clickedObj as RealLink);	pending S6/S7 semantic disposition
src/app/component/new-grid/new-grid.component.ts	1116	setLastLeftClick	legacy record	case 'PrisJoint':	pending S6/S7 semantic disposition
src/app/component/new-grid/new-grid.component.ts	1118	setLastLeftClick	legacy record	case 'RevJoint':	pending S6/S7 semantic disposition
src/app/component/new-grid/new-grid.component.ts	1138	setLastLeftClick	legacy record	(clickedObj instanceof RealJoint ||	pending S6/S7 semantic disposition
src/app/component/new-grid/new-grid.component.ts	1139	setLastLeftClick	legacy record	clickedObj instanceof RealLink ||	pending S6/S7 semantic disposition
src/app/component/new-grid/new-grid.component.ts	1197	<module>	legacy record	private selectionBeforeGesture?: RealJoint | RealLink | Force;	pending S6/S7 semantic disposition
src/app/component/new-grid/new-grid.component.ts	1200	graphedPart	legacy record	private graphedPart(): RealJoint | RealLink | Force | undefined {	pending S6/S7 semantic disposition
src/app/component/new-grid/new-grid.component.ts	1234	restoreSelectionAfterDrag	point graph	? this.mechanismSrv.links.includes(before)	pending S6/S7 semantic disposition
src/app/component/new-grid/new-grid.component.ts	1235	restoreSelectionAfterDrag	point graph	: this.mechanismSrv.joints.includes(before);	pending S6/S7 semantic disposition
src/app/component/new-grid/new-grid.component.ts	1259	selectionBounds	point graph	this.mechanismSrv.joints,	pending S6/S7 semantic disposition
src/app/component/new-grid/new-grid.component.ts	1260	selectionBounds	point graph	this.mechanismSrv.links	pending S6/S7 semantic disposition
src/app/component/new-grid/new-grid.component.ts	1262	selectionBounds	point graph	if (closure.joints.length === 0) return undefined;	pending S6/S7 semantic disposition
src/app/component/new-grid/new-grid.component.ts	1263	selectionBounds	point graph	const xs = closure.joints.map((joint) => joint.x);	pending S6/S7 semantic disposition
src/app/component/new-grid/new-grid.component.ts	1264	selectionBounds	point graph	const ys = closure.joints.map((joint) => joint.y);	pending S6/S7 semantic disposition
src/app/component/new-grid/new-grid.component.ts	1424	beginSelectionGesture	point graph	this.mechanismSrv.joints,	pending S6/S7 semantic disposition
src/app/component/new-grid/new-grid.component.ts	1425	beginSelectionGesture	point graph	this.mechanismSrv.links	pending S6/S7 semantic disposition
src/app/component/new-grid/new-grid.component.ts	1569	nudgeSelection	point graph	this.mechanismSrv.joints,	pending S6/S7 semantic disposition
src/app/component/new-grid/new-grid.component.ts	1570	nudgeSelection	point graph	this.mechanismSrv.links	pending S6/S7 semantic disposition
src/app/component/new-grid/new-grid.component.ts	1679	createForce	legacy record	createForce(onLink: RealLink) {	pending S6/S7 semantic disposition
src/app/component/new-grid/new-grid.component.ts	1695	<module>	legacy record	private forceCreateOn?: RealLink;	pending S6/S7 semantic disposition
src/app/component/new-grid/new-grid.component.ts	1710	fitObjectScaleToFirstPart	point graph	if (this.mechanismSrv.links.length === 0) {	pending S6/S7 semantic disposition
src/app/component/new-grid/new-grid.component.ts	1810	<module>	legacy record	forceRefusedJoint?: RealJoint;	pending S6/S7 semantic disposition
src/app/component/new-grid/new-grid.component.ts	1853	moveForceAnchor	point graph	link.joints.find(	pending S6/S7 semantic disposition
src/app/component/new-grid/new-grid.component.ts	1854	moveForceAnchor	legacy record	(joint): joint is RealJoint =>	pending S6/S7 semantic disposition
src/app/component/new-grid/new-grid.component.ts	1855	moveForceAnchor	legacy record	joint instanceof RealJoint &&	pending S6/S7 semantic disposition
src/app/component/new-grid/new-grid.component.ts	1856	moveForceAnchor	point graph	joint.links.length > 1 &&	pending S6/S7 semantic disposition
src/app/component/new-grid/new-grid.component.ts	1892	heldOffJoint	legacy record	private heldOffJoint(link: RealLink, pin: RealJoint, at: Coord, margin: number): Coord {	pending S6/S7 semantic disposition
src/app/component/new-grid/new-grid.component.ts	1897	heldOffJoint	point graph	const other = link.joints.find((joint) => joint !== pin) ?? pin;	pending S6/S7 semantic disposition
src/app/component/new-grid/new-grid.component.ts	1911	forceSnappedJoint	legacy record	forceSnappedJoint(force: Force): RealJoint | undefined {	pending S6/S7 semantic disposition
src/app/component/new-grid/new-grid.component.ts	1912	forceSnappedJoint	point graph	for (const joint of force.link.joints) {	pending S6/S7 semantic disposition
src/app/component/new-grid/new-grid.component.ts	1913	forceSnappedJoint	point graph; legacy record	if (!(joint instanceof RealJoint) || joint.links.length > 1) continue;	pending S6/S7 semantic disposition
src/app/component/new-grid/new-grid.component.ts	1966	startCreatingLink	legacy record	case 'PrisJoint':	pending S6/S7 semantic disposition
src/app/component/new-grid/new-grid.component.ts	1967	startCreatingLink	legacy record	case 'RevJoint':	pending S6/S7 semantic disposition
src/app/component/new-grid/new-grid.component.ts	1972	startCreatingLink	legacy record	case 'RealLink':	pending S6/S7 semantic disposition
src/app/component/new-grid/new-grid.component.ts	2196	mouseMove	point graph	const reference = this.activeObjService.selectedLink.joints[0];	pending S6/S7 semantic disposition
src/app/component/new-grid/new-grid.component.ts	2326	frozenCarriedJoints	point graph	link.joints.forEach((joint) => {	pending S6/S7 semantic disposition
src/app/component/new-grid/new-grid.component.ts	2328	frozenCarriedJoints	legacy record	if (!(joint instanceof RealJoint)) return;	pending S6/S7 semantic disposition
src/app/component/new-grid/new-grid.component.ts	2329	frozenCarriedJoints	point graph	joint.links.forEach((other) => {	pending S6/S7 semantic disposition
src/app/component/new-grid/new-grid.component.ts	2330	frozenCarriedJoints	point graph; legacy record	if (other instanceof SliderBlock) other.joints.forEach(add);	pending S6/S7 semantic disposition
src/app/component/new-grid/new-grid.component.ts	2339	refuseLockedJoint	legacy record	private refuseLockedJoint(joint: RealJoint): boolean {	pending S6/S7 semantic disposition
src/app/component/new-grid/new-grid.component.ts	2345	refuseLockedJoint	point graph; legacy record	const block = joint.links.find((link): link is SliderBlock => link instanceof SliderBlock);	pending S6/S7 semantic disposition
src/app/component/new-grid/new-grid.component.ts	2346	refuseLockedJoint	point graph	const itself = new Set([joint.id, ...(block?.joints.map((member) => member.id) ?? [])]);	pending S6/S7 semantic disposition
src/app/component/new-grid/new-grid.component.ts	2378	<module>	legacy record	holdRing?: RealJoint;	pending S6/S7 semantic disposition
src/app/component/new-grid/new-grid.component.ts	2388	afterHoldMove	legacy record	private afterHoldMove(joint: RealJoint): void {	pending S6/S7 semantic disposition
src/app/component/new-grid/new-grid.component.ts	2405	holdGuideFor	legacy record	private holdGuideFor(joint: RealJoint): NewGridComponent['holdGuide'] {	pending S6/S7 semantic disposition
src/app/component/new-grid/new-grid.component.ts	2406	holdGuideFor	point graph	const links = this.mechanismSrv.links;	pending S6/S7 semantic disposition
src/app/component/new-grid/new-grid.component.ts	2415	holdGuideFor	point graph	const other = this.mechanismSrv.joints.find(	pending S6/S7 semantic disposition
src/app/component/new-grid/new-grid.component.ts	2418	holdGuideFor	legacy record	if (!(other instanceof RealJoint) || !this.gridUtils.isHoldAnchor(other)) return undefined;	pending S6/S7 semantic disposition
src/app/component/new-grid/new-grid.component.ts	2440	refuseHeldByHolds	legacy record	private refuseHeldByHolds(joint: RealJoint, bars: RealLink[]): void {	pending S6/S7 semantic disposition
src/app/component/new-grid/new-grid.component.ts	2443	refuseHeldByHolds	point graph	`${heldBySentence(bars, this.mechanismSrv.joints)}. Release one to move joint ${joint.name || joint.id}.`,	pending S6/S7 semantic disposition
src/app/component/new-grid/new-grid.component.ts	2449	refuseBeyondHolds	legacy record	private refuseBeyondHolds(joint: RealJoint, bars: RealLink[]): void {	pending S6/S7 semantic disposition
src/app/component/new-grid/new-grid.component.ts	2452	refuseBeyondHolds	point graph	`Joint ${joint.name || joint.id} can go no further while ${holdList(bars, this.mechanismSrv.joints)} holds.`,	pending S6/S7 semantic disposition
src/app/component/new-grid/new-grid.component.ts	2458	releaseAction	legacy record	private releaseAction(bars: RealLink[]): { label: string; run: () => void }[] {	pending S6/S7 semantic disposition
src/app/component/new-grid/new-grid.component.ts	2475	heldChips	point graph	for (const bar of heldBars(this.mechanismSrv.links, this.mechanismSrv.sealedStructures())) {	pending S6/S7 semantic disposition
src/app/component/new-grid/new-grid.component.ts	2476	heldChips	point graph	const link = this.mechanismSrv.links.find((one) => one.id === bar.id);	pending S6/S7 semantic disposition
src/app/component/new-grid/new-grid.component.ts	2477	heldChips	legacy record	if (!(link instanceof RealLink) || this.mechanismSrv.isLockedTarget(link)) continue;	pending S6/S7 semantic disposition
src/app/component/new-grid/new-grid.component.ts	2478	heldChips	point graph	const a = this.mechanismSrv.joints.find((joint) => joint.id === bar.a);	pending S6/S7 semantic disposition
src/app/component/new-grid/new-grid.component.ts	2479	heldChips	point graph	const b = this.mechanismSrv.joints.find((joint) => joint.id === bar.b);	pending S6/S7 semantic disposition
src/app/component/new-grid/new-grid.component.ts	2550	ghostBodyPath	point graph	const link = this.mechanismSrv.links.find((one) => one.id === body.linkId);	pending S6/S7 semantic disposition
src/app/component/new-grid/new-grid.component.ts	2665	lockNoun	legacy record	const joint = holds.find((lock): lock is RealJoint => lock instanceof RealJoint);	pending S6/S7 semantic disposition
src/app/component/new-grid/new-grid.component.ts	2668	lockNoun	point graph	const lockedLink = joint.links.find((link) => this.mechanismSrv.isLockedTarget(link));	pending S6/S7 semantic disposition
src/app/component/new-grid/new-grid.component.ts	2766	dragArcs	point graph	? (this.activeObjService.selectedLink?.joints ?? [])	pending S6/S7 semantic disposition
src/app/component/new-grid/new-grid.component.ts	2924	updateDropCandidate	point graph	this.mechanismSrv.joints.filter((joint) => !this.isCylinderInterior(joint)),	pending S6/S7 semantic disposition
src/app/component/new-grid/new-grid.component.ts	2944	updateDropCandidate	point graph	const overAJoint = this.mechanismSrv.joints.some(	pending S6/S7 semantic disposition
src/app/component/new-grid/new-grid.component.ts	2947	updateDropCandidate	legacy record	!(joint instanceof PrisJoint) &&	pending S6/S7 semantic disposition
src/app/component/new-grid/new-grid.component.ts	2959	updateDropCandidate	point graph	this.mechanismSrv.links.filter(	pending S6/S7 semantic disposition
src/app/component/new-grid/new-grid.component.ts	2960	updateDropCandidate	legacy record	(link) => link instanceof RealLink && !this.isCylinderMemberLink(link)	pending S6/S7 semantic disposition
src/app/component/new-grid/new-grid.component.ts	3102	withAxisSnap	legacy record	.filter((other) => other.id !== joint.id && !(other instanceof PrisJoint));	pending S6/S7 semantic disposition
src/app/component/new-grid/new-grid.component.ts	3129	mountAxisSnap	legacy record	.filter((other) => !memberIds.has(other.id) && !(other instanceof PrisJoint));	pending S6/S7 semantic disposition
src/app/component/new-grid/new-grid.component.ts	3253	showPathWhileDragging	point graph	if (!solved || solved.joints[0].length === 0) return;	pending S6/S7 semantic disposition
src/app/component/new-grid/new-grid.component.ts	3307	rememberBeforeDrag	point graph	joints: this.mechanismSrv.joints.map((joint) => ({	pending S6/S7 semantic disposition
src/app/component/new-grid/new-grid.component.ts	3326	putBackTheDrag	point graph	const joints = new Map(was.joints.map((joint) => [joint.id, joint]));	pending S6/S7 semantic disposition
src/app/component/new-grid/new-grid.component.ts	3329	putBackTheDrag	point graph	this.mechanismSrv.joints.forEach((joint) => {	pending S6/S7 semantic disposition
src/app/component/new-grid/new-grid.component.ts	3821	<module>	legacy authority	* Called from the window-level release in SvgGridService, for the presses	pending S6/S7 semantic disposition
src/app/component/new-grid/new-grid.component.ts	4072	mouseDownNow	legacy record	let joint1: RevJoint;	pending S6/S7 semantic disposition
src/app/component/new-grid/new-grid.component.ts	4073	mouseDownNow	legacy record	let joint2: RevJoint;	pending S6/S7 semantic disposition
src/app/component/new-grid/new-grid.component.ts	4074	mouseDownNow	legacy record	let link: RealLink;	pending S6/S7 semantic disposition
src/app/component/new-grid/new-grid.component.ts	4109	mouseDownNow	legacy record	this.lastLeftClickType === 'Joint' && this.lastLeftClick instanceof RealJoint	pending S6/S7 semantic disposition
src/app/component/new-grid/new-grid.component.ts	4144	mouseDownNow	point graph	joint1.connectedJoints.push(joint2);	pending S6/S7 semantic disposition
src/app/component/new-grid/new-grid.component.ts	4145	mouseDownNow	point graph	joint2.connectedJoints.push(joint1);	pending S6/S7 semantic disposition
src/app/component/new-grid/new-grid.component.ts	4148	mouseDownNow	point graph	joint1.links.push(link);	pending S6/S7 semantic disposition
src/app/component/new-grid/new-grid.component.ts	4149	mouseDownNow	point graph	joint2.links.push(link);	pending S6/S7 semantic disposition
src/app/component/new-grid/new-grid.component.ts	4162	mouseDownNow	point graph	this.activeObjService.prevSelectedJoint.connectedJoints.push(joint2);	pending S6/S7 semantic disposition
src/app/component/new-grid/new-grid.component.ts	4163	mouseDownNow	point graph	joint2.connectedJoints.push(this.activeObjService.prevSelectedJoint);	pending S6/S7 semantic disposition
src/app/component/new-grid/new-grid.component.ts	4169	mouseDownNow	point graph	this.activeObjService.prevSelectedJoint.links.push(link);	pending S6/S7 semantic disposition
src/app/component/new-grid/new-grid.component.ts	4170	mouseDownNow	point graph	joint2.links.push(link);	pending S6/S7 semantic disposition
src/app/component/new-grid/new-grid.component.ts	4193	mouseDownNow	point graph	joint1.connectedJoints.push(joint2);	pending S6/S7 semantic disposition
src/app/component/new-grid/new-grid.component.ts	4194	mouseDownNow	point graph	joint2.connectedJoints.push(joint1);	pending S6/S7 semantic disposition
src/app/component/new-grid/new-grid.component.ts	4197	mouseDownNow	legacy record	// one directly skipped it. The link came out in RealLink's own	pending S6/S7 semantic disposition
src/app/component/new-grid/new-grid.component.ts	4202	mouseDownNow	point graph	joint1.links.push(link);	pending S6/S7 semantic disposition
src/app/component/new-grid/new-grid.component.ts	4203	mouseDownNow	point graph	joint2.links.push(link);	pending S6/S7 semantic disposition
src/app/component/new-grid/new-grid.component.ts	4205	mouseDownNow	point graph	this.activeObjService.selectedLink.joints.forEach((j) => {	pending S6/S7 semantic disposition
src/app/component/new-grid/new-grid.component.ts	4206	mouseDownNow	legacy record	if (!(j instanceof RealJoint)) {	pending S6/S7 semantic disposition
src/app/component/new-grid/new-grid.component.ts	4209	mouseDownNow	point graph	j.connectedJoints.push(joint1);	pending S6/S7 semantic disposition
src/app/component/new-grid/new-grid.component.ts	4210	mouseDownNow	point graph	joint1.connectedJoints.push(j);	pending S6/S7 semantic disposition
src/app/component/new-grid/new-grid.component.ts	4222	mouseDownNow	point graph	this.activeObjService.selectedLink.lastSelectedSublink.joints.push(joint1);	pending S6/S7 semantic disposition
src/app/component/new-grid/new-grid.component.ts	4224	mouseDownNow	point graph	joint1.links.push(this.activeObjService.selectedLink);	pending S6/S7 semantic disposition
src/app/component/new-grid/new-grid.component.ts	4225	mouseDownNow	point graph	this.activeObjService.selectedLink.joints.push(joint1);	pending S6/S7 semantic disposition
src/app/component/new-grid/new-grid.component.ts	4256	mouseDownNow	point graph	joint1.connectedJoints.push(joint2);	pending S6/S7 semantic disposition
src/app/component/new-grid/new-grid.component.ts	4257	mouseDownNow	point graph	joint2.connectedJoints.push(joint1);	pending S6/S7 semantic disposition
src/app/component/new-grid/new-grid.component.ts	4260	mouseDownNow	point graph	joint1.links.push(link);	pending S6/S7 semantic disposition
src/app/component/new-grid/new-grid.component.ts	4261	mouseDownNow	point graph	joint2.links.push(link);	pending S6/S7 semantic disposition
src/app/component/new-grid/new-grid.component.ts	4279	mouseDownNow	point graph	joint2.links.forEach((l) => {	pending S6/S7 semantic disposition
src/app/component/new-grid/new-grid.component.ts	4282	mouseDownNow	point graph	this.activeObjService.prevSelectedJoint.links.findIndex(	pending S6/S7 semantic disposition
src/app/component/new-grid/new-grid.component.ts	4306	mouseDownNow	point graph	this.activeObjService.prevSelectedJoint.connectedJoints.push(joint2);	pending S6/S7 semantic disposition
src/app/component/new-grid/new-grid.component.ts	4307	mouseDownNow	point graph	joint2.connectedJoints.push(this.activeObjService.prevSelectedJoint);	pending S6/S7 semantic disposition
src/app/component/new-grid/new-grid.component.ts	4313	mouseDownNow	point graph	this.activeObjService.prevSelectedJoint.links.push(link);	pending S6/S7 semantic disposition
src/app/component/new-grid/new-grid.component.ts	4314	mouseDownNow	point graph	joint2.links.push(link);	pending S6/S7 semantic disposition
src/app/component/new-grid/new-grid.component.ts	4334	mouseDownNow	point graph	joint1.connectedJoints.push(joint2);	pending S6/S7 semantic disposition
src/app/component/new-grid/new-grid.component.ts	4335	mouseDownNow	point graph	joint2.connectedJoints.push(joint1);	pending S6/S7 semantic disposition
src/app/component/new-grid/new-grid.component.ts	4338	mouseDownNow	legacy record	// one directly skipped it. The link came out in RealLink's own	pending S6/S7 semantic disposition
src/app/component/new-grid/new-grid.component.ts	4343	mouseDownNow	point graph	joint1.links.push(link);	pending S6/S7 semantic disposition
src/app/component/new-grid/new-grid.component.ts	4344	mouseDownNow	point graph	joint2.links.push(link);	pending S6/S7 semantic disposition
src/app/component/new-grid/new-grid.component.ts	4346	mouseDownNow	point graph	this.activeObjService.selectedLink.joints.forEach((j) => {	pending S6/S7 semantic disposition
src/app/component/new-grid/new-grid.component.ts	4347	mouseDownNow	legacy record	if (!(j instanceof RealJoint)) {	pending S6/S7 semantic disposition
src/app/component/new-grid/new-grid.component.ts	4350	mouseDownNow	point graph	j.connectedJoints.push(joint1);	pending S6/S7 semantic disposition
src/app/component/new-grid/new-grid.component.ts	4351	mouseDownNow	point graph	joint1.connectedJoints.push(j);	pending S6/S7 semantic disposition
src/app/component/new-grid/new-grid.component.ts	4353	mouseDownNow	point graph	joint1.links.push(this.activeObjService.selectedLink);	pending S6/S7 semantic disposition
src/app/component/new-grid/new-grid.component.ts	4354	mouseDownNow	point graph	this.activeObjService.selectedLink.joints.push(joint1);	pending S6/S7 semantic disposition
src/app/component/new-grid/new-grid.component.ts	4484	getFirstPosCoords	point graph	const anchor = link.joints[0];	pending S6/S7 semantic disposition
src/app/component/new-grid/new-grid.component.ts	4485	getFirstPosCoords	point graph	return solved?.joints[0]?.find((candidate) => candidate.id === anchor.id) ?? anchor;	pending S6/S7 semantic disposition
src/app/component/new-grid/new-grid.component.ts	4557	guides	point graph	const frames = mechanism?.isMechanismValid() ? mechanism.joints : undefined;	pending S6/S7 semantic disposition
src/app/component/new-grid/new-grid.component.ts	4563	guides	legacy record	if (!(joint instanceof PrisJoint) || !joint.ground) continue;	pending S6/S7 semantic disposition
src/app/component/new-grid/new-grid.component.ts	4597	drivenClockwise	legacy record	this.mechanismSrv.driveSpeedOf(joint instanceof RealJoint ? joint : undefined)	pending S6/S7 semantic disposition
src/app/component/new-grid/new-grid.component.ts	4602	<module>	legacy record	private readonly driveForward = (joint: RealJoint): boolean => !this.drivenClockwise(joint);	pending S6/S7 semantic disposition
src/app/component/new-grid/new-grid.component.ts	4614	driveDirections	legacy record	.filter((joint) => (joint as RealJoint).input)	pending S6/S7 semantic disposition
src/app/component/new-grid/new-grid.component.ts	4652	drivenPinMotors	legacy record	? angleReference(actuator.referenceBody, joint as RealJoint)	pending S6/S7 semantic disposition
src/app/component/new-grid/new-grid.component.ts	4769	comDraggable	legacy record	link instanceof RealLink &&	pending S6/S7 semantic disposition
src/app/component/new-grid/new-grid.component.ts	4783	comCentroidDot	legacy record	if (!(link instanceof RealLink) || !link.comIsCustom) return null;	pending S6/S7 semantic disposition
src/app/component/new-grid/new-grid.component.ts	4784	comCentroidDot	point graph	const centroid = uniformBodyOf(link.joints).centroid;	pending S6/S7 semantic disposition
src/app/component/new-grid/new-grid.component.ts	4790	<module>	legacy record	draggingCoMLink?: RealLink;	pending S6/S7 semantic disposition
src/app/component/new-grid/new-grid.component.ts	4792	startComDrag	legacy record	startComDrag(link: RealLink, event: PointerEvent): void {	pending S6/S7 semantic disposition
src/app/component/new-grid/new-grid.component.ts	4874	refuseLockedCoM	legacy record	private refuseLockedCoM(link: RealLink): void {	pending S6/S7 semantic disposition
src/app/component/new-grid/new-grid.component.ts	4886	snapComToJointLines	legacy record	private snapComToJointLines(link: RealLink, pos: Coord): { x: number; y: number } {	pending S6/S7 semantic disposition
src/app/component/new-grid/new-grid.component.ts	4887	snapComToJointLines	point graph	const joints = link.joints;	pending S6/S7 semantic disposition
src/app/component/new-grid/new-grid.component.ts	5177	slotStack	point graph	depth: depths.link.get(plate.links[0]?.id ?? '') ?? blockDepth + 1,	pending S6/S7 semantic disposition
src/app/component/new-grid/new-grid.component.ts	5230	platedLink	point graph	if (mark.plate?.links.some((rider) => rider.id === link.id)) return true;	pending S6/S7 semantic disposition
src/app/component/new-grid/new-grid.component.ts	5396	linkLabelAngle	point graph	if ((link.joints?.length ?? 0) !== 2) return 0;	pending S6/S7 semantic disposition
src/app/component/new-grid/new-grid.component.ts	5398	linkLabelAngle	point graph	const [from, to] = link.joints;	pending S6/S7 semantic disposition
src/app/component/new-grid/new-grid.component.ts	5422	showsCoM	legacy record	return this.settings.isShowCOM.value && link instanceof RealLink && link.mass > 0;	pending S6/S7 semantic disposition
src/app/component/new-grid/new-grid.component.ts	5473	linkLabelStyle	point graph; legacy record	const parts = (link instanceof RealLink ? link.subset : []) ?? [];	pending S6/S7 semantic disposition
src/app/component/new-grid/new-grid.component.ts	5475	linkLabelStyle	point graph	const joints = of.joints ?? [];	pending S6/S7 semantic disposition
src/app/component/new-grid/new-grid.component.ts	5483	linkLabelStyle	point graph	const first = part.joints[0];	pending S6/S7 semantic disposition
src/app/component/new-grid/new-grid.component.ts	5484	linkLabelStyle	point graph	const last = part.joints[part.joints.length - 1];	pending S6/S7 semantic disposition
src/app/component/new-grid/new-grid.component.ts	5512	barAxis	point graph	if ((link.joints?.length ?? 0) !== 2) return undefined;	pending S6/S7 semantic disposition
src/app/component/new-grid/new-grid.component.ts	5513	barAxis	point graph; legacy record	if (link instanceof RealLink && link.subset.length > 0) return undefined;	pending S6/S7 semantic disposition
src/app/component/new-grid/new-grid.component.ts	5514	barAxis	point graph	const [from, to] = link.joints;	pending S6/S7 semantic disposition
src/app/component/new-grid/new-grid.component.ts	5566	lengthChipPlace	point graph	const [a, b] = link.joints;	pending S6/S7 semantic disposition
src/app/component/new-grid/new-grid.component.ts	5614	slotCarriedBy	legacy record	private slotCarriedBy(link: Link): PrisJoint | undefined {	pending S6/S7 semantic disposition
src/app/component/new-grid/new-grid.component.ts	5615	slotCarriedBy	point graph	if ((link.joints?.length ?? 0) !== 2) return undefined;	pending S6/S7 semantic disposition
src/app/component/new-grid/new-grid.component.ts	5616	slotCarriedBy	point graph	return this.mechanismSrv.joints.find(	pending S6/S7 semantic disposition
src/app/component/new-grid/new-grid.component.ts	5617	slotCarriedBy	legacy record	(joint): joint is PrisJoint =>	pending S6/S7 semantic disposition
src/app/component/new-grid/new-grid.component.ts	5618	slotCarriedBy	legacy record	joint instanceof PrisJoint &&	pending S6/S7 semantic disposition
src/app/component/new-grid/new-grid.component.ts	5902	linkPaint	legacy record	.map((link) => `${link.id}:${(link as RealLink).fill}`)	pending S6/S7 semantic disposition
src/app/component/new-grid/new-grid.component.ts	5944	drawingDigest	legacy record	const painted = RealLink.paintRevision;	pending S6/S7 semantic disposition
src/app/component/new-grid/new-grid.component.ts	5964	drawingDigest	legacy record	const real = joint as RealJoint;	pending S6/S7 semantic disposition
src/app/component/new-grid/new-grid.component.ts	5970	drawingDigest	legacy record	return joint instanceof PrisJoint	pending S6/S7 semantic disposition
src/app/component/new-grid/new-grid.component.ts	6237	findStartAndEndPoints	point graph	const [from, to] = sealed ? [sealed.barrelFar, sealed.rodFar] : link.joints;	pending S6/S7 semantic disposition
src/app/component/new-grid/new-grid.component.ts	6263	findStartAndEndPoints	point graph	const [from, to] = sealed ? [sealed.barrelFar, sealed.rodFar] : link.joints;	pending S6/S7 semantic disposition
src/app/component/new-grid/new-grid.component.ts	6473	<module>	legacy record	protected readonly RealJoint = RealJoint;	pending S6/S7 semantic disposition
src/app/component/new-grid/new-grid.component.ts	6475	secondJointIsGrounded	legacy record	secondJointIsGrounded(selectedLink: RealLink) {	pending S6/S7 semantic disposition
src/app/component/new-grid/new-grid.component.ts	6480	secondJointIsGrounded	point graph; legacy record	return (selectedLink.joints[1] as RealJoint).ground;	pending S6/S7 semantic disposition
src/app/component/playback-bar/playback-bar.component.ts	15	<module>	legacy authority	import { MechanismService } from '../../services/mechanism.service';	pending S6/S7 semantic disposition
src/app/component/playback-bar/playback-bar.component.ts	18	<module>	legacy authority	import { ActiveObjService } from '../../services/active-obj.service';	pending S6/S7 semantic disposition
src/app/component/playback-bar/playback-bar.component.ts	26	<module>	scale boundary	import { MODEL_SCALE } from '../../model/render-scale';	pending S6/S7 semantic disposition
src/app/component/playback-bar/playback-bar.component.ts	35	<module>	legacy record	import { RealJoint } from '../../model/joint';	pending S6/S7 semantic disposition
src/app/component/playback-bar/playback-bar.component.ts	219	<module>	legacy authority	mechanism = inject(MechanismService);	pending S6/S7 semantic disposition
src/app/component/playback-bar/playback-bar.component.ts	221	<module>	legacy authority	activeObj = inject(ActiveObjService);	pending S6/S7 semantic disposition
src/app/component/playback-bar/playback-bar.component.ts	498	maxStep	point graph	return master ? master.joints.length - 1 : 0;	pending S6/S7 semantic disposition
src/app/component/playback-bar/playback-bar.component.ts	682	offsetLabel	scale boundary	(fraction * profile.span) / MODEL_SCALE,	pending S6/S7 semantic disposition
src/app/component/playback-bar/playback-bar.component.ts	735	deferredRows	legacy record	(joint) => joint instanceof RealJoint && joint.input	pending S6/S7 semantic disposition
src/app/component/playback-bar/playback-bar.component.ts	736	deferredRows	legacy record	) as RealJoint | undefined;	pending S6/S7 semantic disposition
src/app/component/playback-bar/playback-bar.component.ts	835	positionLabel	scale boundary	(along * profile.span) / MODEL_SCALE,	pending S6/S7 semantic disposition
src/app/component/right-panel/right-panel.component.ts	15	<module>	legacy authority	import { ActiveObjService } from '../../services/active-obj.service';	pending S6/S7 semantic disposition
src/app/component/right-panel/right-panel.component.ts	16	<module>	legacy authority	import { MechanismService } from '../../services/mechanism.service';	pending S6/S7 semantic disposition
src/app/component/right-panel/right-panel.component.ts	17	<module>	legacy record	import { RealLink } from '../../model/link';	pending S6/S7 semantic disposition
src/app/component/right-panel/right-panel.component.ts	22	<module>	legacy authority	import { SvgGridService } from '../../services/svg-grid.service';	pending S6/S7 semantic disposition
src/app/component/right-panel/right-panel.component.ts	101	<module>	legacy authority	activeObjService = inject(ActiveObjService);	pending S6/S7 semantic disposition
src/app/component/right-panel/right-panel.component.ts	102	<module>	legacy authority	mechanismService = inject(MechanismService);	pending S6/S7 semantic disposition
src/app/component/right-panel/right-panel.component.ts	104	<module>	legacy authority	svgService = inject(SvgGridService);	pending S6/S7 semantic disposition
src/app/component/right-panel/right-panel.component.ts	369	getLinkDesiredOrder	legacy record	return RealLink.debugDesiredJointsIDs;	pending S6/S7 semantic disposition
src/app/component/right-panel/right-panel.component.ts	375	printMechanism	point graph	console.log(this.mechanismService.links);	pending S6/S7 semantic disposition
src/app/component/right-panel/right-panel.component.ts	376	printMechanism	point graph	console.log(this.mechanismService.joints);	pending S6/S7 semantic disposition
src/app/component/right-panel/right-panel.component.ts	381	redrawAllLinks	point graph	this.mechanismService.links.forEach((link) => {	pending S6/S7 semantic disposition
src/app/component/right-panel/right-panel.component.ts	382	redrawAllLinks	legacy record	(link as RealLink).reComputeDPath();	pending S6/S7 semantic disposition
src/app/component/settings-panel/settings-panel.component.ts	11	<module>	legacy authority	import { MechanismService } from '../../services/mechanism.service';	pending S6/S7 semantic disposition
src/app/component/settings-panel/settings-panel.component.ts	12	<module>	legacy authority	import { SvgGridService } from '../../services/svg-grid.service';	pending S6/S7 semantic disposition
src/app/component/settings-panel/settings-panel.component.ts	16	<module>	scale boundary	import { MODEL_SCALE } from '../../model/render-scale';	pending S6/S7 semantic disposition
src/app/component/settings-panel/settings-panel.component.ts	71	<module>	legacy authority	mechanismSrv = inject(MechanismService);	pending S6/S7 semantic disposition
src/app/component/settings-panel/settings-panel.component.ts	72	<module>	legacy authority	private svgGrid = inject(SvgGridService);	pending S6/S7 semantic disposition
src/app/component/settings-panel/settings-panel.component.ts	94	ngOnInit	scale boundary	// MODEL_SCALE times larger (render-scale.ts), like every other length.	pending S6/S7 semantic disposition
src/app/component/settings-panel/settings-panel.component.ts	95	ngOnInit	scale boundary	this.currentObjectScaleSetting = SettingsService.objectScale / MODEL_SCALE;	pending S6/S7 semantic disposition
src/app/component/settings-panel/settings-panel.component.ts	119	ngOnInit	scale boundary	this.currentObjectScaleSetting = val / MODEL_SCALE;	pending S6/S7 semantic disposition
src/app/component/settings-panel/settings-panel.component.ts	125	ngOnInit	legacy record	// This used to cast every Link to RealLink and call reComputeDPath,	pending S6/S7 semantic disposition
src/app/component/settings-panel/settings-panel.component.ts	126	ngOnInit	legacy record	// which throws on the first SliderBlock and abandons every link after	pending S6/S7 semantic disposition
src/app/component/settings-panel/settings-panel.component.ts	206	onChanges	scale boundary	SettingsService._objectScale.next(this.currentObjectScaleSetting * MODEL_SCALE);	pending S6/S7 semantic disposition
src/app/component/settings-panel/settings-panel.component.ts	407	changeLengthUnit	point graph	if (this.mechanismSrv.joints.length === 0 && this.mechanismSrv.links.length === 0) {	pending S6/S7 semantic disposition
src/app/component/synthesis-panel/synthesis-panel.component.ts	23	<module>	legacy authority	import { MechanismService } from '../../services/mechanism.service';	pending S6/S7 semantic disposition
src/app/component/synthesis-panel/synthesis-panel.component.ts	35	<module>	scale boundary	import { MODEL_SCALE } from 'src/app/model/render-scale';	pending S6/S7 semantic disposition
src/app/component/synthesis-panel/synthesis-panel.component.ts	36	<module>	legacy authority	import { SvgGridService } from '../../services/svg-grid.service';	pending S6/S7 semantic disposition
src/app/component/synthesis-panel/synthesis-panel.component.ts	128	<module>	legacy authority	mechanismSrv = inject(MechanismService);	pending S6/S7 semantic disposition
src/app/component/synthesis-panel/synthesis-panel.component.ts	134	<module>	legacy authority	svgGrid = inject(SvgGridService);	pending S6/S7 semantic disposition
src/app/component/synthesis-panel/synthesis-panel.component.ts	303	sizeCouplerToView	scale boundary	// Model units are the reader's own unit times MODEL_SCALE -- changing the	pending S6/S7 semantic disposition
src/app/component/synthesis-panel/synthesis-panel.component.ts	307	sizeCouplerToView	scale boundary	const nice = niceRound(span / 6 / MODEL_SCALE);	pending S6/S7 semantic disposition
src/app/component/synthesis-panel/synthesis-panel.component.ts	308	sizeCouplerToView	scale boundary	if (nice > 0) this.design.suggestLength(nice * MODEL_SCALE);	pending S6/S7 semantic disposition
src/app/component/synthesis-panel/synthesis-panel.component.ts	387	plain	scale boundary	return (model / MODEL_SCALE).toFixed(2);	pending S6/S7 semantic disposition
src/app/component/synthesis-panel/synthesis-panel.component.ts	459	readRegionFromForm	scale boundary	w: Math.max(MODEL_SCALE, parsed[2][1]),	pending S6/S7 semantic disposition
src/app/component/synthesis-panel/synthesis-panel.component.ts	460	readRegionFromForm	scale boundary	h: Math.max(MODEL_SCALE, parsed[3][1]),	pending S6/S7 semantic disposition
src/app/component/synthesis-panel/synthesis-panel.component.ts	560	arm	point graph	this.mechanismSrv.links.length === 0 && this.mechanismSrv.joints.length === 0;	pending S6/S7 semantic disposition
src/app/component/synthesis-panel/synthesis-panel.component.ts	745	frameRegionOnCurrentAnswer	scale boundary	const pad = 3 * MODEL_SCALE;	pending S6/S7 semantic disposition
src/app/component/synthesis-panel/synthesis-panel.component.ts	753	frameRegionOnCurrentAnswer	scale boundary	w: Math.max(8 * MODEL_SCALE, Math.max(...xs) - x + pad),	pending S6/S7 semantic disposition
src/app/component/synthesis-panel/synthesis-panel.component.ts	754	frameRegionOnCurrentAnswer	scale boundary	h: Math.max(8 * MODEL_SCALE, Math.max(...ys) - y + pad),	pending S6/S7 semantic disposition
src/app/component/top-bar/top-bar.component.ts	17	<module>	legacy authority	import { MechanismService } from '../../services/mechanism.service';	pending S6/S7 semantic disposition
src/app/component/top-bar/top-bar.component.ts	32	<module>	legacy authority	import { GridUtilsService } from '../../services/grid-utils.service';	pending S6/S7 semantic disposition
src/app/component/top-bar/top-bar.component.ts	137	<module>	legacy authority	mechanism = inject(MechanismService);	pending S6/S7 semantic disposition
src/app/component/top-bar/top-bar.component.ts	154	<module>	legacy authority	private gridUtils = inject(GridUtilsService);	pending S6/S7 semantic disposition
src/app/component/top-bar/top-bar.component.ts	425	hasStatus	point graph	return this.mechanism.joints.length > 0 || this.mechanism.links.length > 0;	pending S6/S7 semantic disposition
src/app/component/tutorial-panel/tutorial-panel.component.ts	21	<module>	legacy authority	import { MechanismService } from '../../services/mechanism.service';	pending S6/S7 semantic disposition
src/app/component/tutorial-panel/tutorial-panel.component.ts	68	<module>	legacy authority	private mechanism = inject(MechanismService);	pending S6/S7 semantic disposition
src/app/component/view-controls/view-controls.component.ts	9	<module>	legacy authority	import { MechanismService } from '../../services/mechanism.service';	pending S6/S7 semantic disposition
src/app/component/view-controls/view-controls.component.ts	11	<module>	legacy authority	import { SvgGridService } from '../../services/svg-grid.service';	pending S6/S7 semantic disposition
src/app/component/view-controls/view-controls.component.ts	13	<module>	legacy record	import { RealLink } from '../../model/link';	pending S6/S7 semantic disposition
src/app/component/view-controls/view-controls.component.ts	34	<module>	legacy authority	svgGrid = inject(SvgGridService);	pending S6/S7 semantic disposition
src/app/component/view-controls/view-controls.component.ts	66	<module>	legacy authority	mechanismService = inject(MechanismService);	pending S6/S7 semantic disposition
src/app/component/view-controls/view-controls.component.ts	167	noJointExists	point graph	return this.mechanismService.joints.length === 0;	pending S6/S7 semantic disposition
src/app/component/view-controls/view-controls.component.ts	174	noMassiveLink	point graph; legacy record	return !this.mechanismService.links.some((link) => link instanceof RealLink && link.mass > 0);	pending S6/S7 semantic disposition
src/app/component/view-controls/view-controls.component.ts	178	noTracedJoint	point graph	return !this.mechanismService.joints.some(	pending S6/S7 semantic disposition
src/app/model/actuator.ts	13	<module>	point graph	* The record is derived, never stored. `joint.links` order is the serialization	pending S6/S7 semantic disposition
src/app/model/actuator.ts	18	<module>	legacy record	import { Joint, PrisJoint, RealJoint } from './joint';	pending S6/S7 semantic disposition
src/app/model/actuator.ts	20	<module>	scale boundary	import { MODEL_SCALE } from './render-scale';	pending S6/S7 semantic disposition
src/app/model/actuator.ts	26	<module>	legacy record	joint: RealJoint;	pending S6/S7 semantic disposition
src/app/model/actuator.ts	44	incidentBodies	legacy record	export function incidentBodies(joint: RealJoint): (Link | typeof GROUND_BODY)[] {	pending S6/S7 semantic disposition
src/app/model/actuator.ts	51	incidentBodies	point graph	for (const link of joint.links) {	pending S6/S7 semantic disposition
src/app/model/actuator.ts	57	incidentBodies	legacy record	if (joint instanceof PrisJoint && joint.carrier && !seen.has(joint.carrier.id)) {	pending S6/S7 semantic disposition
src/app/model/actuator.ts	73	describeActuator	legacy record	if (!(joint instanceof RealJoint)) {	pending S6/S7 semantic disposition
src/app/model/actuator.ts	100	describeActuator	legacy record	kind: joint instanceof PrisJoint ? 'length' : 'angle',	pending S6/S7 semantic disposition
src/app/model/actuator.ts	132	describeActuatorRefusal	legacy record	if (!(joint instanceof RealJoint)) return { short: 'not a joint', long };	pending S6/S7 semantic disposition
src/app/model/actuator.ts	169	angleReference	legacy record	joint: RealJoint	pending S6/S7 semantic disposition
src/app/model/actuator.ts	172	angleReference	point graph	return body.joints.find((member) => member.id !== joint.id && !coincident(member, joint));	pending S6/S7 semantic disposition
src/app/model/actuator.ts	182	coincident	scale boundary	return Math.hypot(a.x - b.x, a.y - b.y) < 1e-6 * MODEL_SCALE;	pending S6/S7 semantic disposition
src/app/model/body-label.ts	2	<module>	legacy record	import { PrisJoint } from './joint';	pending S6/S7 semantic disposition
src/app/model/body-label.ts	3	<module>	legacy record	import { Link, RealLink, SliderBlock } from './link';	pending S6/S7 semantic disposition
src/app/model/body-label.ts	39	labelForBody	legacy record	if (body instanceof SliderBlock) {	pending S6/S7 semantic disposition
src/app/model/body-label.ts	40	labelForBody	point graph; legacy record	const pin = body.joints.find((joint) => !(joint instanceof PrisJoint));	pending S6/S7 semantic disposition
src/app/model/body-label.ts	43	labelForBody	legacy record	return `Link ${(body as RealLink).name || body.id}`;	pending S6/S7 semantic disposition
src/app/model/body-system/body-anchor-recovery.ts	133	bodyAnchorCoordinateSign	point graph	const a = before.joints.find((joint) => joint.id === old.coordinate.jointId);	pending S6/S7 semantic disposition
src/app/model/body-system/body-anchor-recovery.ts	134	bodyAnchorCoordinateSign	point graph	const b = after.joints.find((joint) => joint.id === next.coordinate.jointId);	pending S6/S7 semantic disposition
src/app/model/body-system/body-coordinate-edit.ts	28	editBodyCoordinate	point graph	const joint = document.joints.find((item) => item.id === operation.coordinate.jointId);	pending S6/S7 semantic disposition
src/app/model/body-system/body-copy-edit.ts	52	planBodyCopy	point graph	const joints = document.joints.filter((joint) => owns(joint.bodyA) && owns(joint.bodyB));	pending S6/S7 semantic disposition
src/app/model/body-system/body-copy-edit.ts	100	planBodyCopy	point graph	const jointIds = new Set(connections.joints.map((joint) => joint.id));	pending S6/S7 semantic disposition
src/app/model/body-system/body-copy-ids.ts	40	bodyCopyIds	point graph	document.joints.map((item) => item.id)	pending S6/S7 semantic disposition
src/app/model/body-system/body-copy-records.ts	21	copyBodyRecords	point graph	jointId: copiedId(ids.joints, c.jointId),	pending S6/S7 semantic disposition
src/app/model/body-system/body-copy-records.ts	76	copyBodyRecords	point graph	joints: source.joints.map((joint): BodyJoint => ({	pending S6/S7 semantic disposition
src/app/model/body-system/body-copy-records.ts	78	copyBodyRecords	point graph	id: copiedId(ids.joints, joint.id),	pending S6/S7 semantic disposition
src/app/model/body-system/body-copy-records.ts	101	copyBodyRecords	point graph	joints: pin.joints.map((id) => copiedId(ids.joints, id)),	pending S6/S7 semantic disposition
src/app/model/body-system/body-copy-records.ts	110	copyBodyRecords	point graph	internalJoint: copiedId(ids.joints, assembly.internalJoint),	pending S6/S7 semantic disposition
src/app/model/body-system/body-cylinder-dimension-edit.ts	48	editBodyCylinderDimensions	point graph	const internal = source.joints.find((j) => j.id === assembly.internalJoint)!;	pending S6/S7 semantic disposition
src/app/model/body-system/body-cylinder-shape.ts	15	reshapeBodyCylinder	point graph	const internal = source.joints.find((j) => j.id === assembly.internalJoint) as GuidedJoint;	pending S6/S7 semantic disposition
src/app/model/body-system/body-cylinder-shape.ts	91	reshapeBodyCylinder	point graph	joints: source.joints.map((j) =>	pending S6/S7 semantic disposition
src/app/model/body-system/body-delete-plan.ts	84	deleteBodyRecords	point graph	pin.joints.forEach((id) => joints.add(id));	pending S6/S7 semantic disposition
src/app/model/body-system/body-delete-plan.ts	99	deleteBodyRecords	point graph	for (const joint of document.joints)	pending S6/S7 semantic disposition
src/app/model/body-system/body-delete-plan.ts	125	deleteBodyRecords	point graph	joints: document.joints	pending S6/S7 semantic disposition
src/app/model/body-system/body-drive-edit.ts	92	editBodyDrive	point graph	const joint = document.joints.find((item) => item.id === operation.coordinate.jointId);	pending S6/S7 semantic disposition
src/app/model/body-system/body-edit-effects.ts	121	bodyEditEffects	point graph	const joint = document.joints.find((item) => item.id === id);	pending S6/S7 semantic disposition
src/app/model/body-system/body-edit-interval.ts	26	clearBodyEditInterval	point graph	joint: model.document.joints.find((item) => item.id === limit.coordinate.jointId)!,	pending S6/S7 semantic disposition
src/app/model/body-system/body-edit-limit-projection.ts	14	projectLimitedBodyEdit	point graph	const j = model.document.joints.find((j) => j.id === l.coordinate.jointId)!;	pending S6/S7 semantic disposition
src/app/model/body-system/body-edit-limit-projection.ts	19	projectLimitedBodyEdit	point graph	joint = model.document.joints.find((j) => j.id === limit.coordinate.jointId)!;	pending S6/S7 semantic disposition
src/app/model/body-system/body-edit-rows.ts	28	bodyEditRows	point graph	for (const joint of document.joints) {	pending S6/S7 semantic disposition
src/app/model/body-system/body-edit-rows.ts	44	bodyEditRows	point graph	const joint = document.joints.find((j) => j.id === driver.coordinate.jointId)!;	pending S6/S7 semantic disposition
src/app/model/body-system/body-factory.ts	146	joint	point graph	this.value = { ...this.value, joints: [...this.value.joints, joint] };	pending S6/S7 semantic disposition
src/app/model/body-system/body-force-frame.ts	103	solveBodyForceFrame	point graph	const joints = mapped.joints;	pending S6/S7 semantic disposition
src/app/model/body-system/body-force-frame.ts	135	solveBodyForceFrame	point graph	joints: snapshotMap([...joints].sort(([a], [b]) => compareRecordIds(a, b))),	pending S6/S7 semantic disposition
src/app/model/body-system/body-geometry-edit.ts	80	editBodyGeometry	point graph	const internal = document.joints.find((item) => item.id === cylinder.internalJoint)!;	pending S6/S7 semantic disposition
src/app/model/body-system/body-guide-axis-component.ts	48	editGuideAxisComponent	point graph	joints: document.joints.map((joint) => replacements.get(joint.id) ?? joint),	pending S6/S7 semantic disposition
src/app/model/body-system/body-guide-axis-edit.ts	37	editBodyGuideAxis	point graph	const joint = document.joints.find((item) => item.id === request.jointId)!;	pending S6/S7 semantic disposition
src/app/model/body-system/body-joint-kind-edit.ts	16	changeBodyJointKind	point graph	const joint = document.joints.find((item) => item.id === operation.jointId)!;	pending S6/S7 semantic disposition
src/app/model/body-system/body-joint-kind-edit.ts	26	changeBodyJointKind	point graph	joints: document.joints.map((item) => (item.id === joint.id ? reverseJoint(item) : item)),	pending S6/S7 semantic disposition
src/app/model/body-system/body-joint-kind-edit.ts	148	changeBodyJointKind	point graph	joints: document.joints.map((item) => (item.id === joint.id ? replacement : item)),	pending S6/S7 semantic disposition
src/app/model/body-system/body-pin-lifecycle.ts	15	retainPinConnections	point graph	const current = new Map(candidate.joints.map((joint) => [joint.id, joint]));	pending S6/S7 semantic disposition
src/app/model/body-system/body-pin-lifecycle.ts	16	retainPinConnections	point graph	const joints = [...candidate.joints],	pending S6/S7 semantic disposition
src/app/model/body-system/body-pin-lifecycle.ts	25	retainPinConnections	point graph	const oldEdges = before.joints.filter(	pending S6/S7 semantic disposition
src/app/model/body-system/body-pin-lifecycle.ts	27	retainPinConnections	point graph	pin.joints.includes(joint.id) &&	pending S6/S7 semantic disposition
src/app/model/body-system/body-pin-lifecycle.ts	56	retainPinConnections	point graph	pin.joints.includes(joint.id) &&	pending S6/S7 semantic disposition
src/app/model/body-system/body-point-edit.ts	45	pointCandidate	point graph	const joint = document.joints.find((j) => j.id === assembly.internalJoint)!;	pending S6/S7 semantic disposition
src/app/model/body-system/body-point-path.ts	15	bodyPointPathIsClear	point graph	const choices = model.document.joints	pending S6/S7 semantic disposition
src/app/model/body-system/body-point-reach.ts	16	pointEditReach	point graph	for (const joint of document.joints)	pending S6/S7 semantic disposition
src/app/model/body-system/body-point-reach.ts	31	pointEditReach	point graph	for (const joint of document.joints) {	pending S6/S7 semantic disposition
src/app/model/body-system/body-point-reach.ts	58	pointEditReach	point graph	for (const joint of document.joints) {	pending S6/S7 semantic disposition
src/app/model/body-system/body-point-reach.ts	68	pointEditReach	point graph	const connected = document.joints.some(	pending S6/S7 semantic disposition
src/app/model/body-system/body-point-reach.ts	89	pointEditReach	point graph	const internal = document.joints.find((j) => j.id === c.internalJoint)!;	pending S6/S7 semantic disposition
src/app/model/body-system/body-posed-property-edit.ts	28	directBodyFrameOperation	point graph	!document.joints.some(	pending S6/S7 semantic disposition
src/app/model/body-system/body-posed-property-edit.ts	62	planPosedBodyProperties	point graph	!sameBodyRecord(displayed.joints, proposed.joints) ||	pending S6/S7 semantic disposition
src/app/model/body-system/body-posed-property-edit.ts	67	planPosedBodyProperties	point graph	displayed.joints.some(	pending S6/S7 semantic disposition
src/app/model/body-system/body-project-edit.ts	98	retainSynthesisOwnership	point graph	const joints = original.joints.filter(	pending S6/S7 semantic disposition
src/app/model/body-system/body-project-edit.ts	100	retainSynthesisOwnership	point graph	!before.joints.some((joint) => joint.id === id) ||	pending S6/S7 semantic disposition
src/app/model/body-system/body-project-edit.ts	101	retainSynthesisOwnership	point graph	document.joints.some((joint) => joint.id === id)	pending S6/S7 semantic disposition
src/app/model/body-system/body-project-edit.ts	119	retainSynthesisOwnership	point graph	joints.length !== original.joints.length ||	pending S6/S7 semantic disposition
src/app/model/body-system/body-reanchor-edit.ts	51	reanchorBodyEdit	point graph	const joint = driver && proposed.joints.find((item) => item.id === driver.coordinate.jointId);	pending S6/S7 semantic disposition
src/app/model/body-system/body-reanchor-edit.ts	170	unchangedBodyMotion	point graph	const joints = document.joints.filter(	pending S6/S7 semantic disposition
src/app/model/body-system/body-reanchor-edit.ts	176	unchangedBodyMotion	point graph	...joints.flatMap((joint) => [joint.bodyA, joint.bodyB]),	pending S6/S7 semantic disposition
src/app/model/body-system/body-reanchor-edit.ts	253	removedBodyDriveAnchors	point graph	const joint = proposed.joints.find((item) => item.id === driver.coordinate.jointId);	pending S6/S7 semantic disposition
src/app/model/body-system/body-unit-edit.ts	75	convertBodyUnits	point graph	joints: document.joints.map((joint) => {	pending S6/S7 semantic disposition
src/app/model/body-system/body-validation.ts	28	validateBodyDocument	point graph	joints: document.joints,	pending S6/S7 semantic disposition
src/app/model/body-system/body-validation.ts	48	validateBodyDocument	point graph	joints: new Map(document.joints.map((joint) => [joint.id, joint])),	pending S6/S7 semantic disposition
src/app/model/body-system/compile-joint-rows.ts	26	compileJointRows	point graph	for (const joint of [...document.joints].sort((a, b) => compareRecordIds(a.id, b.id))) {	pending S6/S7 semantic disposition
src/app/model/body-system/constraint-compiler.ts	62	compileBodyDocument	point graph	document.joints	pending S6/S7 semantic disposition
src/app/model/body-system/cylinder-factory.ts	84	createBodyCylinder	point graph	joints: f.document.joints.map((joint) =>	pending S6/S7 semantic disposition
src/app/model/body-system/fixed-force-balance.ts	70	fixedForceBalance	point graph	const joints = [...mapped.joints].map(	pending S6/S7 semantic disposition
src/app/model/body-system/fixed-force-components.ts	21	fixedForceComponents	point graph	for (const joint of document.joints)	pending S6/S7 semantic disposition
src/app/model/body-system/fixed-force-components.ts	40	fixedForceComponents	point graph	const joints = document.joints	pending S6/S7 semantic disposition
src/app/model/body-system/fixed-force-inputs.ts	33	fixedForceInputs	point graph	const joints = new Map(document.joints.map((joint) => [joint.id, joint]));	pending S6/S7 semantic disposition
src/app/model/body-system/fixed-force-inputs.ts	72	fixedForceInputs	point graph	const pair = frame.joints.get(jointId),	pending S6/S7 semantic disposition
src/app/model/body-system/fixed-force-projection.ts	22	fixedForceProjection	point graph	jointIds = new Set(component.joints);	pending S6/S7 semantic disposition
src/app/model/body-system/fixed-force-projection.ts	65	fixedForceProjection	point graph	joints: document.joints.filter((joint) => jointIds.has(joint.id)),	pending S6/S7 semantic disposition
src/app/model/body-system/fixed-force-snapshot.ts	81	solveFixedForceComponents	point graph	for (const id of component.joints)	pending S6/S7 semantic disposition
src/app/model/body-system/fixed-force-snapshot.ts	85	solveFixedForceComponents	point graph	? (result.joints.get(id) ?? forceUnavailable('invalid'))	pending S6/S7 semantic disposition
src/app/model/body-system/fixed-force-snapshot.ts	106	fixedJointBodyWrench	point graph	? pairBodyWrench(snapshot.joints.get(joint), body)	pending S6/S7 semantic disposition
src/app/model/body-system/force-frame-joints.ts	38	forceFrameJoints	point graph	const records = new Map(document.joints.map((joint) => [joint.id, joint]));	pending S6/S7 semantic disposition
src/app/model/body-system/force-frame-joints.ts	86	forceFrameJoints	point graph	const internal = document.joints.filter(	pending S6/S7 semantic disposition
src/app/model/body-system/force-frame-joints.ts	111	forceFrameJoints	point graph	const result = recovered.joints.get(joint.id);	pending S6/S7 semantic disposition
src/app/model/body-system/force-frame-result.ts	90	jointBodyWrench	point graph	return pairBodyWrench(frame.joints.get(jointId), body);	pending S6/S7 semantic disposition
src/app/model/body-system/internal-force-partition.ts	22	internalForcePartition	point graph	const joints = new Map(document.joints.map((joint) => [joint.id, joint]));	pending S6/S7 semantic disposition
src/app/model/body-system/internal-force-partition.ts	40	internalForcePartition	point graph	for (const joint of document.joints) {	pending S6/S7 semantic disposition
src/app/model/body-system/joint-permission.ts	38	refuseNativeJointChange	point graph	if (!document.joints.some((joint) => joint.id === jointId))	pending S6/S7 semantic disposition
src/app/model/body-system/member-reactions.ts	61	recoverMemberReactions	point graph	const joints = new Map(document.joints.map((joint) => [joint.id, joint]));	pending S6/S7 semantic disposition
src/app/model/body-system/rebase-body.ts	43	rebaseBody	point graph	joints: document.joints.map((joint) => {	pending S6/S7 semantic disposition
src/app/model/body-system/simulation-coordinate-readers.ts	25	context	point graph	const joint = snapshot.document.joints.find((item) => item.id === ref.jointId)!;	pending S6/S7 semantic disposition
src/app/model/body-system/simulation-force-readers.ts	17	simulationJointReaction	point graph	joint = snapshot.document.joints.find((item) => item.id === id);	pending S6/S7 semantic disposition
src/app/model/body-system/simulation-force-readers.ts	28	simulationJointReaction	point graph	pair = forces.joints.get(id);	pending S6/S7 semantic disposition
src/app/model/body-system/simulation-force-readers.ts	31	simulationJointReaction	point graph	pair = view.fixedForces.joints.get(id);	pending S6/S7 semantic disposition
src/app/model/body-system/simulation-force-readers.ts	46	simulationDriverEffort	point graph	const joint = snapshot.document.joints.find((item) => item.id === driver.coordinate.jointId)!;	pending S6/S7 semantic disposition
src/app/model/body-system/validate-joints.ts	7	validateJoints	point graph	for (const joint of document.joints) {	pending S6/S7 semantic disposition
src/app/model/body-system/validate-project.ts	65	validateProject	point graph	['joints', generated.joints, joints],	pending S6/S7 semantic disposition
src/app/model/body-system/validate-project.ts	75	validateProject	point graph	generated.joints.some((id) => {	pending S6/S7 semantic disposition
src/app/model/body-system/validate-project.ts	82	validateProject	point graph	issue('invalid-synthesis-owner', 'synthesis.generated.joints');	pending S6/S7 semantic disposition
src/app/model/body-system/validate-relations.ts	66	validatePinTrees	point graph	junction.joints.length === memberSet.size - 1 &&	pending S6/S7 semantic disposition
src/app/model/body-system/validate-relations.ts	67	validatePinTrees	point graph	new Set(junction.joints).size === junction.joints.length;	pending S6/S7 semantic disposition
src/app/model/body-system/validate-relations.ts	68	validatePinTrees	point graph	for (const id of junction.joints) {	pending S6/S7 semantic disposition
src/app/model/body-system/validate-relations.ts	79	validatePinTrees	point graph	for (const id of junction.joints) {	pending S6/S7 semantic disposition
src/app/model/body-system/weld-frames.ts	38	compileWeldFrames	point graph	document.joints.some((joint) => joint.kind === 'weld' && !finitePose(joint.rest))	pending S6/S7 semantic disposition
src/app/model/body-system/weld-frames.ts	43	compileWeldFrames	point graph	for (const joint of [...document.joints].sort((a, b) => compareRecordIds(a.id, b.id))) {	pending S6/S7 semantic disposition
src/app/model/coord.ts	3	<module>	scale boundary	import { OBJECT_SCALE } from './object-scale';	pending S6/S7 semantic disposition
src/app/model/coord.ts	45	equals	scale boundary	return this.getDistanceTo(coord) < 0.0001 * OBJECT_SCALE.value;	pending S6/S7 semantic disposition
src/app/model/coord.ts	49	looselyEquals	scale boundary	return this.getDistanceTo(coord) < 0.04 * OBJECT_SCALE.value;	pending S6/S7 semantic disposition
src/app/model/cylinder-pose-plan.ts	33	<module>	legacy record	import { Joint, RealJoint } from './joint';	pending S6/S7 semantic disposition
src/app/model/cylinder-pose-plan.ts	34	<module>	legacy record	import { Link, RealLink, SliderBlock } from './link';	pending S6/S7 semantic disposition
src/app/model/cylinder-pose-plan.ts	137	jointsOfBody	point graph	node.joints.forEach((joint) => found.set(joint.id, joint));	pending S6/S7 semantic disposition
src/app/model/cylinder-pose-plan.ts	138	jointsOfBody	point graph; legacy record	if (node instanceof RealLink) node.subset.forEach(walk);	pending S6/S7 semantic disposition
src/app/model/cylinder-pose-plan.ts	149	leavesOfBody	point graph; legacy record	if (node instanceof RealLink) node.subset.forEach(walk);	pending S6/S7 semantic disposition
src/app/model/cylinder-pose-plan.ts	233	planEdit	legacy record	if (!(joint instanceof RealJoint)) continue;	pending S6/S7 semantic disposition
src/app/model/cylinder-pose-plan.ts	234	planEdit	point graph	for (const link of joint.links) {	pending S6/S7 semantic disposition
src/app/model/cylinder-pose-plan.ts	235	planEdit	legacy record	if (!(link instanceof SliderBlock)) continue;	pending S6/S7 semantic disposition
src/app/model/cylinder-pose-plan.ts	236	planEdit	point graph	for (const partner of link.joints) {	pending S6/S7 semantic disposition
src/app/model/cylinder.ts	14	<module>	legacy record	import { Joint, PrisJoint, RealJoint } from './joint';	pending S6/S7 semantic disposition
src/app/model/cylinder.ts	15	<module>	legacy record	import { Link, RealLink, SliderBlock } from './link';	pending S6/S7 semantic disposition
src/app/model/cylinder.ts	21	<module>	legacy record	slider: PrisJoint;	pending S6/S7 semantic disposition
src/app/model/cylinder.ts	22	<module>	legacy record	pin: RealJoint;	pending S6/S7 semantic disposition
src/app/model/cylinder.ts	24	<module>	legacy record	block: SliderBlock;	pending S6/S7 semantic disposition
src/app/model/cylinder.ts	28	<module>	legacy record	rod: RealLink;	pending S6/S7 semantic disposition
src/app/model/cylinder.ts	41	<module>	legacy record	rodRoot: RealLink;	pending S6/S7 semantic disposition
src/app/model/cylinder.ts	170	memberCandidates	point graph	if (node.joints.length === 2 && keep(node)) found.set(node.id, node);	pending S6/S7 semantic disposition
src/app/model/cylinder.ts	171	memberCandidates	point graph; legacy record	if (node instanceof RealLink) node.subset.forEach(walk);	pending S6/S7 semantic disposition
src/app/model/cylinder.ts	231	describeCylinderStructure	point graph	leaf.joints.some((member) => member.id === pin.id)	pending S6/S7 semantic disposition
src/app/model/cylinder.ts	236	describeCylinderStructure	point graph	leaf.joints.some((member) => member.id === slotA.id) &&	pending S6/S7 semantic disposition
src/app/model/cylinder.ts	237	describeCylinderStructure	point graph	leaf.joints.some((member) => member.id === slotB.id)	pending S6/S7 semantic disposition
src/app/model/cylinder.ts	239	describeCylinderStructure	legacy record	if (!rod || !(rod.leaf instanceof RealLink) || !barrel) {	pending S6/S7 semantic disposition
src/app/model/cylinder.ts	243	describeCylinderStructure	point graph	const rodFar = rod.leaf.joints.find((member) => member.id !== pin.id);	pending S6/S7 semantic disposition
src/app/model/cylinder.ts	252	describeCylinderStructure	point graph	const barrelFar = barrel.leaf.joints.reduce((far, member) => {	pending S6/S7 semantic disposition
src/app/model/cylinder.ts	257	describeCylinderStructure	point graph	const barrelNear = barrel.leaf.joints.find((member) => member.id !== barrelFar.id)!;	pending S6/S7 semantic disposition
src/app/model/cylinder.ts	288	describeCylinder	point graph	const members = [rodFar, ...barrel.joints];	pending S6/S7 semantic disposition
src/app/model/cylinder.ts	331	sealedCylinders	legacy record	.filter((joint): joint is RealJoint => joint instanceof RealJoint)	pending S6/S7 semantic disposition
src/app/model/cylinder.ts	339	sealedCylinderStructures	legacy record	.filter((joint): joint is RealJoint => joint instanceof RealJoint)	pending S6/S7 semantic disposition
src/app/model/cylinder.ts	419	ownsMember	point graph; legacy record	(node instanceof RealLink && node.subset.some((leaf) => holds(leaf)));	pending S6/S7 semantic disposition
src/app/model/draw-order.ts	1	<module>	legacy record	import { Joint, PrisJoint, RealJoint } from './joint';	pending S6/S7 semantic disposition
src/app/model/draw-order.ts	2	<module>	legacy record	import { Link, RealLink, SliderBlock } from './link';	pending S6/S7 semantic disposition
src/app/model/draw-order.ts	31	drawDepths	legacy record	const sliders = joints.filter((joint): joint is PrisJoint => joint instanceof PrisJoint);	pending S6/S7 semantic disposition
src/app/model/draw-order.ts	35	drawDepths	legacy record	slider: PrisJoint;	pending S6/S7 semantic disposition
src/app/model/draw-order.ts	71	ridersOf	legacy record	function ridersOf(slider: PrisJoint): Link[] | undefined {	pending S6/S7 semantic disposition
src/app/model/draw-order.ts	72	ridersOf	point graph; legacy record	const body = slider.links.find((member): member is SliderBlock => member instanceof SliderBlock);	pending S6/S7 semantic disposition
src/app/model/draw-order.ts	73	ridersOf	point graph	const pin = body?.joints.find(	pending S6/S7 semantic disposition
src/app/model/draw-order.ts	74	ridersOf	legacy record	(joint): joint is RealJoint => joint instanceof RealJoint && !(joint instanceof PrisJoint)	pending S6/S7 semantic disposition
src/app/model/draw-order.ts	77	ridersOf	point graph	return pin.links.filter(	pending S6/S7 semantic disposition
src/app/model/draw-order.ts	78	ridersOf	legacy record	(member): member is RealLink => member instanceof RealLink && !(member instanceof SliderBlock)	pending S6/S7 semantic disposition
src/app/model/drop-target.ts	1	<module>	legacy record	import { Joint, PrisJoint, RealJoint, RevJoint } from './joint';	pending S6/S7 semantic disposition
src/app/model/drop-target.ts	2	<module>	legacy record	import { Link, RealLink, SliderBlock } from './link';	pending S6/S7 semantic disposition
src/app/model/drop-target.ts	91	drivenWouldLoseItsPair	legacy record	function drivenWouldLoseItsPair(source: RealJoint, target: RealJoint): boolean {	pending S6/S7 semantic disposition
src/app/model/drop-target.ts	94	drivenWouldLoseItsPair	point graph	[...source.links, ...target.links].forEach((link) => bodies.add(link.id));	pending S6/S7 semantic disposition
src/app/model/drop-target.ts	116	refuseJointMerge	legacy record	// to; the coincident RevJoint is the thing a link rides on.	pending S6/S7 semantic disposition
src/app/model/drop-target.ts	117	refuseJointMerge	legacy record	if (source instanceof PrisJoint || target instanceof PrisJoint) return 'prismatic';	pending S6/S7 semantic disposition
src/app/model/drop-target.ts	118	refuseJointMerge	legacy record	if (!(source instanceof RealJoint) || !(target instanceof RealJoint)) return 'not-a-real-joint';	pending S6/S7 semantic disposition
src/app/model/drop-target.ts	127	refuseJointMerge	legacy record	// answer. `isSlotWellFormed` refuses that shape for the PrisJoint, but the	pending S6/S7 semantic disposition
src/app/model/drop-target.ts	142	refuseJointMerge	point graph	if (source.links.some((link) => target.links.some((other) => other.id === link.id))) {	pending S6/S7 semantic disposition
src/app/model/drop-target.ts	179	wouldOverConstrain	legacy record	function wouldOverConstrain(source: RealJoint, target: RealJoint): boolean {	pending S6/S7 semantic disposition
src/app/model/drop-target.ts	180	wouldOverConstrain	point graph	return source.links.some((link) => {	pending S6/S7 semantic disposition
src/app/model/drop-target.ts	182	wouldOverConstrain	point graph	return target.links.some((other) => sharedIDCount(merged, jointIDSet(other)) >= 2);	pending S6/S7 semantic disposition
src/app/model/drop-target.ts	186	carriesASlider	legacy record	function carriesASlider(joint: RealJoint): boolean {	pending S6/S7 semantic disposition
src/app/model/drop-target.ts	187	carriesASlider	point graph; legacy record	return joint.connectedJoints.some((connected) => connected instanceof PrisJoint);	pending S6/S7 semantic disposition
src/app/model/drop-target.ts	191	ridesOn	legacy record	function ridesOn(joint: RealJoint, other: RealJoint): boolean {	pending S6/S7 semantic disposition
src/app/model/drop-target.ts	192	ridesOn	point graph	return joint.connectedJoints.some(	pending S6/S7 semantic disposition
src/app/model/drop-target.ts	194	ridesOn	legacy record	connected instanceof PrisJoint &&	pending S6/S7 semantic disposition
src/app/model/drop-target.ts	196	ridesOn	point graph	connected.carrier!.joints.some((member) => member.id === other.id)	pending S6/S7 semantic disposition
src/app/model/drop-target.ts	201	jointIDSet	point graph	return new Set(link.joints.map((joint) => (joint.id === replace ? replacement! : joint.id)));	pending S6/S7 semantic disposition
src/app/model/drop-target.ts	226	resolveJointDropTarget	legacy record	): RevJoint | undefined {	pending S6/S7 semantic disposition
src/app/model/drop-target.ts	227	resolveJointDropTarget	legacy record	let best: RevJoint | undefined;	pending S6/S7 semantic disposition
src/app/model/drop-target.ts	231	resolveJointDropTarget	legacy record	if (!(candidate instanceof RevJoint)) return;	pending S6/S7 semantic disposition
src/app/model/drop-target.ts	289	resolveSlotDropTarget	point graph	if (carrier.joints.some((joint) => joint.id === source.id)) continue;	pending S6/S7 semantic disposition
src/app/model/drop-target.ts	338	slotWouldFoldACylinder	point graph	const collect = (link: Link) => link.joints.forEach((joint) => members.add(joint.id));	pending S6/S7 semantic disposition
src/app/model/drop-target.ts	340	slotWouldFoldACylinder	point graph; legacy record	if (carrier instanceof RealLink) carrier.subset.forEach(collect);	pending S6/S7 semantic disposition
src/app/model/drop-target.ts	356	slotJointPools	point graph; legacy record	if (carrier instanceof RealLink && carrier.subset.length > 0) {	pending S6/S7 semantic disposition
src/app/model/drop-target.ts	357	slotJointPools	point graph	const pools = carrier.subset	pending S6/S7 semantic disposition
src/app/model/drop-target.ts	359	slotJointPools	legacy record	(leaf): leaf is RealLink => leaf instanceof RealLink && !(leaf instanceof SliderBlock)	pending S6/S7 semantic disposition
src/app/model/drop-target.ts	361	slotJointPools	point graph	.map((leaf) => leaf.joints);	pending S6/S7 semantic disposition
src/app/model/drop-target.ts	364	slotJointPools	point graph	return [carrier.joints];	pending S6/S7 semantic disposition
src/app/model/drop-target.ts	386	<module>	legacy record	joint: RevJoint;	pending S6/S7 semantic disposition
src/app/model/drop-target.ts	426	resolveDropCandidate	legacy record	if (!(candidate instanceof RevJoint)) return;	pending S6/S7 semantic disposition
src/app/model/force-anchor.ts	21	<module>	legacy record	import { RealLink } from './link';	pending S6/S7 semantic disposition
src/app/model/force-anchor.ts	35	anchorBodiesOf	legacy record	export function anchorBodiesOf(link: RealLink): Point[][] {	pending S6/S7 semantic disposition
src/app/model/force-anchor.ts	37	anchorBodiesOf	point graph	link.subset.length > 0	pending S6/S7 semantic disposition
src/app/model/force-anchor.ts	38	anchorBodiesOf	point graph; legacy record	? link.subset.filter((piece): piece is RealLink => piece instanceof RealLink)	pending S6/S7 semantic disposition
src/app/model/force-anchor.ts	40	anchorBodiesOf	point graph	return (pieces.length > 0 ? pieces : [link]).map((piece) => distinctCenters(piece.joints));	pending S6/S7 semantic disposition
src/app/model/force-anchor.ts	52	constrainForceAnchor	legacy record	export function constrainForceAnchor(link: RealLink, wanted: Point, snapWithin: number): Coord {	pending S6/S7 semantic disposition
src/app/model/force-anchor.ts	75	anchorIsOnLink	legacy record	export function anchorIsOnLink(link: RealLink, point: Point, tolerance: number): boolean {	pending S6/S7 semantic disposition
src/app/model/force.ts	1	<module>	legacy record	import { RealLink } from './link';	pending S6/S7 semantic disposition
src/app/model/force.ts	13	<module>	legacy record	private _link: RealLink;	pending S6/S7 semantic disposition
src/app/model/force.ts	57	constructor	legacy record	link: RealLink,	pending S6/S7 semantic disposition
src/app/model/force.ts	329	link	legacy record	get link(): RealLink {	pending S6/S7 semantic disposition
src/app/model/force.ts	333	link	legacy record	set link(value: RealLink) {	pending S6/S7 semantic disposition
src/app/model/hold-solver.ts	148	settleHolds	point graph	for (const id of reach.joints) {	pending S6/S7 semantic disposition
src/app/model/joint-operation-permission.ts	20	<module>	legacy record	import { Joint, PrisJoint, RealJoint } from './joint';	pending S6/S7 semantic disposition
src/app/model/joint-operation-permission.ts	42	<module>	legacy authority	* `GridUtilsService` has settled.	pending S6/S7 semantic disposition
src/app/model/joint-operation-permission.ts	46	<module>	legacy record	isDriven: (joint: RealJoint) => boolean;	pending S6/S7 semantic disposition
src/app/model/joint-operation-permission.ts	47	<module>	legacy record	hasSlider: (joint: RealJoint) => boolean;	pending S6/S7 semantic disposition
src/app/model/joint-operation-permission.ts	62	refuseJointOperation	legacy record	if (!(joint instanceof RealJoint)) {	pending S6/S7 semantic disposition
src/app/model/joint-operation-permission.ts	84	refuseWeld	legacy record	joint: RealJoint,	pending S6/S7 semantic disposition
src/app/model/joint-operation-permission.ts	89	refuseWeld	legacy record	if (joint instanceof PrisJoint) {	pending S6/S7 semantic disposition
src/app/model/joint-operation-permission.ts	126	refuseWeld	point graph	const meeting = joint.links.length;	pending S6/S7 semantic disposition
src/app/model/joint-operation-permission.ts	139	refuseUnweld	legacy record	joint: RealJoint,	pending S6/S7 semantic disposition
src/app/model/joint-operation-permission.ts	158	refuseAddSlider	legacy record	joint: RealJoint,	pending S6/S7 semantic disposition
src/app/model/joint-operation-permission.ts	190	refuseRemoveSlider	legacy record	joint: RealJoint,	pending S6/S7 semantic disposition
src/app/model/joint.ts	57	<module>	legacy record	export class RealJoint extends Joint {	pending S6/S7 semantic disposition
src/app/model/joint.ts	177	canBeWelded	point graph	return !this.input && !this.isWelded && this.links.length >= 2;	pending S6/S7 semantic disposition
src/app/model/joint.ts	199	<module>	legacy record	export class RevJoint extends RealJoint {	pending S6/S7 semantic disposition
src/app/model/joint.ts	213	<module>	legacy record	export class PrisJoint extends RealJoint {	pending S6/S7 semantic disposition
src/app/model/joint.ts	350	isSlotWellFormed	point graph	const members = this._carrier.joints;	pending S6/S7 semantic disposition
src/app/model/line.ts	4	<module>	legacy record	import { RealLink } from './link';	pending S6/S7 semantic disposition
src/app/model/line.ts	22	<module>	legacy record	parentLink: RealLink | null = null;	pending S6/S7 semantic disposition
src/app/model/link-holds.ts	1	<module>	legacy record	import { Joint, RealJoint } from './joint';	pending S6/S7 semantic disposition
src/app/model/link-holds.ts	2	<module>	legacy record	import { Link, RealLink, LinkHold } from './link';	pending S6/S7 semantic disposition
src/app/model/link-holds.ts	9	<module>	legacy record	* `RealLink.hold` is a flag; these are the rules around it. A hold is only	pending S6/S7 semantic disposition
src/app/model/link-holds.ts	16	holdableBar	legacy record	export function holdableBar(link: Link | undefined): link is RealLink {	pending S6/S7 semantic disposition
src/app/model/link-holds.ts	18	holdableBar	legacy record	link instanceof RealLink &&	pending S6/S7 semantic disposition
src/app/model/link-holds.ts	19	holdableBar	point graph	link.joints.length === 2 &&	pending S6/S7 semantic disposition
src/app/model/link-holds.ts	20	holdableBar	point graph	link.subset.length === 0 &&	pending S6/S7 semantic disposition
src/app/model/link-holds.ts	21	holdableBar	point graph; legacy record	link.joints.every((joint) => joint instanceof RealJoint)	pending S6/S7 semantic disposition
src/app/model/link-holds.ts	45	<module>	legacy authority	* cached list (`MechanismService.sealedStructures`) hands it over rather than	pending S6/S7 semantic disposition
src/app/model/link-holds.ts	68	jointsOf	point graph	for (const joint of link.joints) seen.set(joint.id, joint);	pending S6/S7 semantic disposition
src/app/model/link-holds.ts	85	cylinderOf	legacy record	// Any member, including the block, which is a SliderBlock rather than a	pending S6/S7 semantic disposition
src/app/model/link-holds.ts	86	cylinderOf	legacy record	// RealLink and is as clickable as the other two.	pending S6/S7 semantic disposition
src/app/model/link-holds.ts	96	cylinderHoldCarrier	legacy record	export function cylinderHoldCarrier(sealed: Cylinder): RealLink | undefined {	pending S6/S7 semantic disposition
src/app/model/link-holds.ts	97	cylinderHoldCarrier	legacy record	return sealed.barrel instanceof RealLink ? sealed.barrel : undefined;	pending S6/S7 semantic disposition
src/app/model/link-holds.ts	155	heldBars	point graph	const [a, b] = sealed ? [sealed.barrelFar, sealed.rodFar] : link.joints;	pending S6/S7 semantic disposition
src/app/model/link-holds.ts	176	holdJoints	legacy record	fixed: (joint: RealJoint) => boolean	pending S6/S7 semantic disposition
src/app/model/link-holds.ts	179	holdJoints	legacy record	.filter((joint): joint is RealJoint => joint instanceof RealJoint)	pending S6/S7 semantic disposition
src/app/model/link-holds.ts	195	heldBarsAt	legacy record	): RealLink[] {	pending S6/S7 semantic disposition
src/app/model/link-holds.ts	197	heldBarsAt	legacy record	const held: RealLink[] = [];	pending S6/S7 semantic disposition
src/app/model/link-holds.ts	205	heldBarsAt	point graph	: link.joints.map((end) => end.id);	pending S6/S7 semantic disposition
src/app/model/link-holds.ts	207	heldBarsAt	legacy record	const bar = sealed ? carrier! : (link as RealLink);	pending S6/S7 semantic disposition
src/app/model/link-holds.ts	220	heldBarsReaching	legacy record	): RealLink[] {	pending S6/S7 semantic disposition
src/app/model/link-holds.ts	224	heldBarsReaching	legacy record	(link): link is RealLink => reached.includes(link.id) && !at.includes(link as RealLink)	pending S6/S7 semantic disposition
src/app/model/link-holds.ts	236	describeHold	legacy record	export function describeHold(link: RealLink, joints?: readonly Joint[]): string {	pending S6/S7 semantic disposition
src/app/model/link-holds.ts	245	holdList	legacy record	export function holdList(bars: readonly RealLink[], joints?: readonly Joint[]): string {	pending S6/S7 semantic disposition
src/app/model/link-holds.ts	260	heldBySentence	legacy record	export function heldBySentence(bars: readonly RealLink[], joints?: readonly Joint[]): string {	pending S6/S7 semantic disposition
src/app/model/link.ts	1	<module>	legacy record	import { Joint, PrisJoint, RealJoint } from './joint';	pending S6/S7 semantic disposition
src/app/model/link.ts	34	<module>	legacy record	* What a hand-placed center of mass is held against. See RealLink.comAnchor.	pending S6/S7 semantic disposition
src/app/model/link.ts	125	<module>	legacy record	export class RealLink extends Link {	pending S6/S7 semantic disposition
src/app/model/link.ts	274	<module>	legacy record	* the sealed `PrisJoint` — its `carrier` is the root and its two slot joints	pending S6/S7 semantic disposition
src/app/model/link.ts	326	anchorPoint	point graph	const pin = this.joints.find((joint) => joint.id === anchor.joint);	pending S6/S7 semantic disposition
src/app/model/link.ts	344	comFrame	point graph	const origin = uniformBodyOf(this.joints).centroid;	pending S6/S7 semantic disposition
src/app/model/link.ts	345	comFrame	point graph	let a = pair ? this.joints.find((joint) => joint.id === pair[0]) : undefined;	pending S6/S7 semantic disposition
src/app/model/link.ts	346	comFrame	point graph	let b = pair ? this.joints.find((joint) => joint.id === pair[1]) : undefined;	pending S6/S7 semantic disposition
src/app/model/link.ts	351	comFrame	point graph	for (let i = 0; i < this.joints.length; i++) {	pending S6/S7 semantic disposition
src/app/model/link.ts	352	comFrame	point graph	for (let j = i + 1; j < this.joints.length; j++) {	pending S6/S7 semantic disposition
src/app/model/link.ts	354	comFrame	point graph	(this.joints[i].x - this.joints[j].x) ** 2 + (this.joints[i].y - this.joints[j].y) ** 2;	pending S6/S7 semantic disposition
src/app/model/link.ts	357	comFrame	point graph	a = this.joints[i];	pending S6/S7 semantic disposition
src/app/model/link.ts	358	comFrame	point graph	b = this.joints[j];	pending S6/S7 semantic disposition
src/app/model/link.ts	440	constructor	legacy record	visualSource?: RealLink	pending S6/S7 semantic disposition
src/app/model/link.ts	454	constructor	point graph	this.subset = subSet;	pending S6/S7 semantic disposition
src/app/model/link.ts	456	constructor	legacy record	this._CoM = CoM !== undefined ? CoM : RealLink.determineCenterOfMass(joints);	pending S6/S7 semantic disposition
src/app/model/link.ts	466	constructor	point graph	visualSource.joints.length >= 2 &&	pending S6/S7 semantic disposition
src/app/model/link.ts	467	constructor	point graph	this.joints.length >= 2	pending S6/S7 semantic disposition
src/app/model/link.ts	469	constructor	point graph	const [from, to] = visualSource.joints;	pending S6/S7 semantic disposition
src/app/model/link.ts	499	realizeVisualGeometry	point graph	const [targetStart, targetEnd] = this.joints;	pending S6/S7 semantic disposition
src/app/model/link.ts	565	updateLengthAndAngle	point graph	this._length = getDistance(this.joints[0], this.joints[1]);	pending S6/S7 semantic disposition
src/app/model/link.ts	566	updateLengthAndAngle	point graph	this._angle = getAngle(this.joints[0], this.joints[1]);	pending S6/S7 semantic disposition
src/app/model/link.ts	580	getCompoundPathString	legacy record	// pin, the joint that shares a SliderBlock with a sealed slider, and there	pending S6/S7 semantic disposition
src/app/model/link.ts	582	getCompoundPathString	legacy record	const isSealedRodLeaf = (leaf: RealLink) =>	pending S6/S7 semantic disposition
src/app/model/link.ts	583	getCompoundPathString	point graph	leaf.joints.length === 2 &&	pending S6/S7 semantic disposition
src/app/model/link.ts	584	getCompoundPathString	point graph	leaf.joints.some(	pending S6/S7 semantic disposition
src/app/model/link.ts	586	getCompoundPathString	legacy record	joint instanceof RealJoint &&	pending S6/S7 semantic disposition
src/app/model/link.ts	587	getCompoundPathString	point graph	joint.links.some(	pending S6/S7 semantic disposition
src/app/model/link.ts	589	getCompoundPathString	point graph; legacy record	l instanceof SliderBlock && l.joints.some((j) => j instanceof PrisJoint && j.isSealed)	pending S6/S7 semantic disposition
src/app/model/link.ts	592	getCompoundPathString	legacy record	const drawnElsewhere = (leaf: RealLink) => leaf.drawnByACylinderSkin || isSealedRodLeaf(leaf);	pending S6/S7 semantic disposition
src/app/model/link.ts	593	getCompoundPathString	point graph	const linkSubset = this.subset.filter(	pending S6/S7 semantic disposition
src/app/model/link.ts	594	getCompoundPathString	legacy record	(link): link is RealLink =>	pending S6/S7 semantic disposition
src/app/model/link.ts	595	getCompoundPathString	point graph; legacy record	link instanceof RealLink && !(this.subset.length > 1 && drawnElsewhere(link))	pending S6/S7 semantic disposition
src/app/model/link.ts	616	getPathString	point graph	return this.subset.length === 0 ? this.getSimplePathString() : this.getCompoundPathString();	pending S6/S7 semantic disposition
src/app/model/link.ts	634	outlineLoops	point graph	if (this.subset.length > 0) {	pending S6/S7 semantic disposition
src/app/model/link.ts	642	outlineLoops	point graph	const reach = this.joints.reduce(	pending S6/S7 semantic disposition
src/app/model/link.ts	661	outlineLoops	legacy record	const outward = RealLink.ringWinding(this.externalLines);	pending S6/S7 semantic disposition
src/app/model/link.ts	666	outlineLoops	legacy record	bulge: line instanceof Arc ? outward * Math.abs(RealLink.arcBulge(line)) : 0,	pending S6/S7 semantic disposition
src/app/model/link.ts	696	getHullPoints	point graph	const allJoints = this.joints;	pending S6/S7 semantic disposition
src/app/model/link.ts	707	isPointInsideHull	point graph	let points = this.joints.map((j) => [j.x, j.y]);	pending S6/S7 semantic disposition
src/app/model/link.ts	760	groundPivot	point graph	const pivots = this.joints.filter(	pending S6/S7 semantic disposition
src/app/model/link.ts	761	groundPivot	legacy record	(joint) => joint instanceof RealJoint && joint.ground && !(joint instanceof PrisJoint)	pending S6/S7 semantic disposition
src/app/model/link.ts	768	canBeCircular	point graph	return this.subset.length === 0 && this.groundPivot() !== undefined;	pending S6/S7 semantic disposition
src/app/model/link.ts	782	circularOutline	point graph	const reach = this.joints.reduce((far, joint) => Math.max(far, getDistance(center, joint)), 0);	pending S6/S7 semantic disposition
src/app/model/link.ts	796	getSimplePathString	point graph	const allJoints = l.joints;	pending S6/S7 semantic disposition
src/app/model/link.ts	800	getSimplePathString	legacy record	const collapsed = RealLink.collapsedOutline(points);	pending S6/S7 semantic disposition
src/app/model/link.ts	836	getSimplePathString	legacy record	// RealLink.debugDesiredJointsIDs = desiredJointsIDs;	pending S6/S7 semantic disposition
src/app/model/link.ts	906	getSimplePathString	legacy record	if (!RealLink.isClockwise(this.externalLines[0], this.CoM)) {	pending S6/S7 semantic disposition
src/app/model/link.ts	1094	fill	legacy record	if (value !== this._fill) RealLink.paintRevision++;	pending S6/S7 semantic disposition
src/app/model/link.ts	1151	isWelded	point graph	return this.subset.length >= 1;	pending S6/S7 semantic disposition
src/app/model/link.ts	1241	<module>	legacy record	* The body a slider rides on: a zero-length link joining a PrisJoint to the	pending S6/S7 semantic disposition
src/app/model/link.ts	1242	<module>	legacy record	* coincident RevJoint that the sliding link pins to. It is a real body so it can	pending S6/S7 semantic disposition
src/app/model/link.ts	1249	<module>	legacy record	export class SliderBlock extends Link {	pending S6/S7 semantic disposition
src/app/model/link.ts	1255	<module>	legacy record	// export class BinaryLink extends RealLink {}	pending S6/S7 semantic disposition
src/app/model/link.ts	1257	<module>	legacy record	// export class NonBinaryLink extends RealLink {}	pending S6/S7 semantic disposition
src/app/model/lock-set.ts	1	<module>	legacy record	import { Joint, RealJoint } from './joint';	pending S6/S7 semantic disposition
src/app/model/lock-set.ts	2	<module>	legacy record	import { Link, RealLink, SliderBlock } from './link';	pending S6/S7 semantic disposition
src/app/model/lock-set.ts	35	<module>	legacy record	export type Lockable = RealJoint | Force;	pending S6/S7 semantic disposition
src/app/model/lock-set.ts	48	allBodies	point graph; legacy record	return links.flatMap((link) => [link, ...(link instanceof RealLink ? link.subset : [])]);	pending S6/S7 semantic disposition
src/app/model/lock-set.ts	66	frozenJointIds	legacy record	if (joint instanceof RealJoint && joint.locked) frozen.add(joint.id);	pending S6/S7 semantic disposition
src/app/model/lock-set.ts	89	closeOverConsequences	legacy record	if (!(link instanceof SliderBlock)) return;	pending S6/S7 semantic disposition
src/app/model/lock-set.ts	90	closeOverConsequences	point graph	const pair = link.joints.map((joint) => joint.id);	pending S6/S7 semantic disposition
src/app/model/lock-set.ts	129	locksHolding	legacy record	.filter((joint): joint is RealJoint => joint instanceof RealJoint && joint.locked)	pending S6/S7 semantic disposition
src/app/model/mechanism/anchor.ts	1	<module>	legacy record	import { Joint, PrisJoint, RealJoint } from '../joint';	pending S6/S7 semantic disposition
src/app/model/mechanism/anchor.ts	142	coordinateRuleFor	legacy record	if (!(driven instanceof PrisJoint)) return undefined;	pending S6/S7 semantic disposition
src/app/model/mechanism/anchor.ts	145	coordinateRuleFor	point graph	const ends = carrier.joints.filter((member) => member.id !== driven.id);	pending S6/S7 semantic disposition
src/app/model/mechanism/anchor.ts	155	slotAxis	legacy record	function slotAxis(joint: RealJoint): { x: number; y: number } | undefined {	pending S6/S7 semantic disposition
src/app/model/mechanism/anchor.ts	156	slotAxis	legacy record	if (!(joint instanceof PrisJoint)) return undefined;	pending S6/S7 semantic disposition
src/app/model/mechanism/bodies.ts	1	<module>	legacy record	import { Joint, PrisJoint, RealJoint } from '../joint';	pending S6/S7 semantic disposition
src/app/model/mechanism/bodies.ts	13	<module>	legacy record	bodiesAt(joint: RealJoint): Set<string>;	pending S6/S7 semantic disposition
src/app/model/mechanism/bodies.ts	33	assignBodies	point graph; legacy record	.filter((link) => link.joints.length > 0 && link.joints.every((j) => (j as RealJoint).ground))	pending S6/S7 semantic disposition
src/app/model/mechanism/bodies.ts	49	assignBodies	point graph; legacy record	(link) => link.joints.length > 0 && link.joints.every((j) => (j as RealJoint).ground)	pending S6/S7 semantic disposition
src/app/model/mechanism/bodies.ts	61	assignBodies	legacy record	const bodiesAt = (joint: RealJoint): Set<string> => {	pending S6/S7 semantic disposition
src/app/model/mechanism/bodies.ts	62	assignBodies	point graph	const bodies = new Set(joint.links.map(bodyOf));	pending S6/S7 semantic disposition
src/app/model/mechanism/bodies.ts	66	assignBodies	legacy record	if (joint instanceof PrisJoint && !joint.ground) {	pending S6/S7 semantic disposition
src/app/model/mechanism/drive-profile.ts	1	<module>	legacy record	import { PrisJoint, RealJoint } from '../joint';	pending S6/S7 semantic disposition
src/app/model/mechanism/drive-profile.ts	61	driveProfileOf	point graph	const frames = mechanism.joints;	pending S6/S7 semantic disposition
src/app/model/mechanism/drive-profile.ts	65	driveProfileOf	legacy record	const at = frames[0].findIndex((joint) => (joint as RealJoint).input);	pending S6/S7 semantic disposition
src/app/model/mechanism/drive-profile.ts	70	driveProfileOf	legacy record	const linear = frames[0][at] instanceof PrisJoint;	pending S6/S7 semantic disposition
src/app/model/mechanism/finite-difference-kinematics.ts	2	<module>	legacy record	import { Link, RealLink } from '../link';	pending S6/S7 semantic disposition
src/app/model/mechanism/finite-difference-kinematics.ts	40	fillRatesByDifference	point graph	const count = Math.min(mechanism.joints.length, mechanism.timeNum.length);	pending S6/S7 semantic disposition
src/app/model/mechanism/finite-difference-kinematics.ts	44	fillRatesByDifference	point graph	for (const joint of mechanism.joints[index] ?? []) {	pending S6/S7 semantic disposition
src/app/model/mechanism/finite-difference-kinematics.ts	46	fillRatesByDifference	point graph	const xs = (i: number) => mechanism.joints[i]?.find((one) => one.id === joint.id)?.x;	pending S6/S7 semantic disposition
src/app/model/mechanism/finite-difference-kinematics.ts	47	fillRatesByDifference	point graph	const ys = (i: number) => mechanism.joints[i]?.find((one) => one.id === joint.id)?.y;	pending S6/S7 semantic disposition
src/app/model/mechanism/finite-difference-kinematics.ts	62	fillRatesByDifference	point graph	for (const link of mechanism.links[index] ?? []) {	pending S6/S7 semantic disposition
src/app/model/mechanism/finite-difference-kinematics.ts	63	fillRatesByDifference	legacy record	if (!(link instanceof RealLink)) continue;	pending S6/S7 semantic disposition
src/app/model/mechanism/finite-difference-kinematics.ts	64	fillRatesByDifference	legacy record	const bodyAt = (i: number): RealLink | undefined =>	pending S6/S7 semantic disposition
src/app/model/mechanism/finite-difference-kinematics.ts	65	fillRatesByDifference	point graph	mechanism.links[i]?.find(	pending S6/S7 semantic disposition
src/app/model/mechanism/finite-difference-kinematics.ts	66	fillRatesByDifference	legacy record	(one): one is RealLink => one.id === link.id && one instanceof RealLink	pending S6/S7 semantic disposition
src/app/model/mechanism/finite-difference-kinematics.ts	87	fillRatesByDifference	point graph	if (!body || body.joints.length < 2) return undefined;	pending S6/S7 semantic disposition
src/app/model/mechanism/finite-difference-kinematics.ts	88	fillRatesByDifference	point graph	return Math.atan2(body.joints[1].y - body.joints[0].y, body.joints[1].x - body.joints[0].x);	pending S6/S7 semantic disposition
src/app/model/mechanism/force-solver.ts	1	<module>	legacy record	import { Joint, PrisJoint, RealJoint } from '../joint';	pending S6/S7 semantic disposition
src/app/model/mechanism/force-solver.ts	2	<module>	legacy record	import { Link, SliderBlock, RealLink } from '../link';	pending S6/S7 semantic disposition
src/app/model/mechanism/force-solver.ts	98	<module>	legacy record	joint: RealJoint;	pending S6/S7 semantic disposition
src/app/model/mechanism/force-solver.ts	116	<module>	legacy record	slider: PrisJoint;	pending S6/S7 semantic disposition
src/app/model/mechanism/force-solver.ts	118	<module>	legacy record	rider: RealLink;	pending S6/S7 semantic disposition
src/app/model/mechanism/force-solver.ts	252	analyzeMechanism	point graph	const frameCount = Math.min(mechanism.joints.length, mechanism.links.length);	pending S6/S7 semantic disposition
src/app/model/mechanism/force-solver.ts	286	analyzeMechanism	point graph	reactionIndex: this.buildReactionIndex(mechanism.joints[0] ?? [], mechanism.links[0] ?? []),	pending S6/S7 semantic disposition
src/app/model/mechanism/force-solver.ts	312	frameAt	point graph	mechanism.joints[index],	pending S6/S7 semantic disposition
src/app/model/mechanism/force-solver.ts	313	frameAt	point graph	mechanism.links[index],	pending S6/S7 semantic disposition
src/app/model/mechanism/force-solver.ts	320	frameAt	point graph	kinematics = this.captureCurrentKinematics(mechanism.links[index], fallback[index]);	pending S6/S7 semantic disposition
src/app/model/mechanism/force-solver.ts	323	frameAt	point graph	mechanism.joints[index],	pending S6/S7 semantic disposition
src/app/model/mechanism/force-solver.ts	324	frameAt	point graph	mechanism.links[index],	pending S6/S7 semantic disposition
src/app/model/mechanism/force-solver.ts	345	analyzeFrame	legacy record	(link): link is RealLink | SliderBlock =>	pending S6/S7 semantic disposition
src/app/model/mechanism/force-solver.ts	346	analyzeFrame	legacy record	link instanceof RealLink || link instanceof SliderBlock	pending S6/S7 semantic disposition
src/app/model/mechanism/force-solver.ts	380	analyzeFrame	legacy record	const count = body instanceof RealLink ? 3 : 2;	pending S6/S7 semantic disposition
src/app/model/mechanism/force-solver.ts	403	analyzeFrame	legacy record	!(rider instanceof RealLink) ||	pending S6/S7 semantic disposition
src/app/model/mechanism/force-solver.ts	405	analyzeFrame	legacy record	(carrier !== undefined && !(carrier instanceof RealLink))	pending S6/S7 semantic disposition
src/app/model/mechanism/force-solver.ts	422	analyzeFrame	legacy record	(joint): joint is RealJoint => joint instanceof RealJoint && joint.input	pending S6/S7 semantic disposition
src/app/model/mechanism/force-solver.ts	429	analyzeFrame	legacy record	if (inputJoint instanceof PrisJoint) {	pending S6/S7 semantic disposition
src/app/model/mechanism/force-solver.ts	430	analyzeFrame	legacy record	inputBody = incident.find((body) => body instanceof SliderBlock);	pending S6/S7 semantic disposition
src/app/model/mechanism/force-solver.ts	436	analyzeFrame	legacy record	inputBody = incident.find((body) => body instanceof RealLink);	pending S6/S7 semantic disposition
src/app/model/mechanism/force-solver.ts	468	analyzeFrame	legacy record	if (body instanceof RealLink) {	pending S6/S7 semantic disposition
src/app/model/mechanism/force-solver.ts	505	analyzeFrame	legacy record	if (inputKind === 'torque' && inputBody instanceof RealLink) {	pending S6/S7 semantic disposition
src/app/model/mechanism/force-solver.ts	515	analyzeFrame	legacy record	if (inputJoint instanceof PrisJoint && inputJoint.isFloating) {	pending S6/S7 semantic disposition
src/app/model/mechanism/force-solver.ts	529	analyzeFrame	legacy record	? body instanceof RealLink	pending S6/S7 semantic disposition
src/app/model/mechanism/force-solver.ts	538	analyzeFrame	legacy record	if (body instanceof RealLink) {	pending S6/S7 semantic disposition
src/app/model/mechanism/force-solver.ts	655	rootBody	point graph; legacy record	(link instanceof RealLink && link.subset.some((member) => contains(member)));	pending S6/S7 semantic disposition
src/app/model/mechanism/force-solver.ts	703	frameBodies	legacy record	if (!(body instanceof RealLink)) continue;	pending S6/S7 semantic disposition
src/app/model/mechanism/force-solver.ts	704	frameBodies	point graph	const pins = body.joints.filter(	pending S6/S7 semantic disposition
src/app/model/mechanism/force-solver.ts	705	frameBodies	legacy record	(joint): joint is RealJoint =>	pending S6/S7 semantic disposition
src/app/model/mechanism/force-solver.ts	706	frameBodies	legacy record	joint instanceof RealJoint && joint.ground && !(joint instanceof PrisJoint)	pending S6/S7 semantic disposition
src/app/model/mechanism/force-solver.ts	721	jointsOnFrame	point graph	if (frame.has(body.id)) body.joints.forEach((joint) => joints.add(joint.id));	pending S6/S7 semantic disposition
src/app/model/mechanism/force-solver.ts	740	enumerateReactions	legacy record	if (!(candidate instanceof RealJoint)) continue;	pending S6/S7 semantic disposition
src/app/model/mechanism/force-solver.ts	747	enumerateReactions	legacy record	if (candidate instanceof PrisJoint) {	pending S6/S7 semantic disposition
src/app/model/mechanism/force-solver.ts	748	enumerateReactions	legacy record	const piston = incident.find((body) => body instanceof SliderBlock);	pending S6/S7 semantic disposition
src/app/model/mechanism/force-solver.ts	812	buildReactionIndex	legacy record	(link): link is RealLink | SliderBlock =>	pending S6/S7 semantic disposition
src/app/model/mechanism/force-solver.ts	813	buildReactionIndex	legacy record	link instanceof RealLink || link instanceof SliderBlock	pending S6/S7 semantic disposition
src/app/model/mechanism/force-solver.ts	838	incidentBodies	legacy record	private static incidentBodies(joint: RealJoint, bodies: Link[]): Link[] {	pending S6/S7 semantic disposition
src/app/model/mechanism/force-solver.ts	843	incidentBodies	point graph	joint.links.forEach((link) => add(bodies.find((body) => body.id === link.id)));	pending S6/S7 semantic disposition
src/app/model/mechanism/force-solver.ts	845	incidentBodies	point graph	if (body.joints.some((candidate) => candidate.id === joint.id)) add(body);	pending S6/S7 semantic disposition
src/app/model/mechanism/force-solver.ts	851	incidentBodies	legacy record	if (joint instanceof PrisJoint && joint.isFloating) {	pending S6/S7 semantic disposition
src/app/model/mechanism/force-solver.ts	871	invalidProperty	legacy record	if (body instanceof RealLink) {	pending S6/S7 semantic disposition
src/app/model/mechanism/force-solver.ts	897	kinematicsAreComplete	legacy record	if (body instanceof RealLink) {	pending S6/S7 semantic disposition
src/app/model/mechanism/force-solver.ts	920	captureCurrentKinematics	legacy record	if (link instanceof RealLink) {	pending S6/S7 semantic disposition
src/app/model/mechanism/force-solver.ts	931	captureCurrentKinematics	legacy record	} else if (link instanceof SliderBlock) {	pending S6/S7 semantic disposition
src/app/model/mechanism/force-solver.ts	932	captureCurrentKinematics	point graph; legacy record	const movingJoint = link.joints.find((joint) => !(joint instanceof PrisJoint));	pending S6/S7 semantic disposition
src/app/model/mechanism/force-solver.ts	965	finiteDifferenceKinematics	point graph	const ids = new Set(mechanism.links.flatMap((links) => links.map((link) => link.id)));	pending S6/S7 semantic disposition
src/app/model/mechanism/force-solver.ts	969	finiteDifferenceKinematics	point graph	mechanism.links[index]?.find((link) => link.id === id);	pending S6/S7 semantic disposition
src/app/model/mechanism/force-solver.ts	972	finiteDifferenceKinematics	legacy record	if (body instanceof RealLink) return [body.CoM.x, body.CoM.y];	pending S6/S7 semantic disposition
src/app/model/mechanism/force-solver.ts	973	finiteDifferenceKinematics	legacy record	if (body instanceof SliderBlock) {	pending S6/S7 semantic disposition
src/app/model/mechanism/force-solver.ts	974	finiteDifferenceKinematics	point graph; legacy record	const moving = body.joints.find((joint) => !(joint instanceof PrisJoint));	pending S6/S7 semantic disposition
src/app/model/mechanism/force-solver.ts	982	finiteDifferenceKinematics	point graph; legacy record	if (!(body instanceof RealLink) || body.joints.length < 2) return 0;	pending S6/S7 semantic disposition
src/app/model/mechanism/force-solver.ts	984	finiteDifferenceKinematics	point graph	body.joints[1].y - body.joints[0].y,	pending S6/S7 semantic disposition
src/app/model/mechanism/force-solver.ts	985	finiteDifferenceKinematics	point graph	body.joints[1].x - body.joints[0].x	pending S6/S7 semantic disposition
src/app/model/mechanism/force-solver.ts	1002	finiteDifferenceKinematics	legacy record	if (body instanceof RealLink) {	pending S6/S7 semantic disposition
src/app/model/mechanism/force-solver.ts	1008	finiteDifferenceKinematics	legacy record	} else if (body instanceof SliderBlock) {	pending S6/S7 semantic disposition
src/app/model/mechanism/kinematic-solver.ts	1	<module>	legacy record	import { Joint, PrisJoint, RealJoint } from '../joint';	pending S6/S7 semantic disposition
src/app/model/mechanism/kinematic-solver.ts	2	<module>	legacy record	import { SliderBlock, Link, RealLink } from '../link';	pending S6/S7 semantic disposition
src/app/model/mechanism/kinematic-solver.ts	10	<module>	legacy record	slider: PrisJoint;	pending S6/S7 semantic disposition
src/app/model/mechanism/kinematic-solver.ts	167	settleFixedLinks	point graph; legacy record	if (link instanceof SliderBlock || !link.joints.length) continue;	pending S6/S7 semantic disposition
src/app/model/mechanism/kinematic-solver.ts	168	settleFixedLinks	point graph; legacy record	if (!link.joints.every((joint) => (joint as RealJoint).ground)) continue;	pending S6/S7 semantic disposition
src/app/model/mechanism/kinematic-solver.ts	169	settleFixedLinks	point graph	const [first, second] = link.joints;	pending S6/S7 semantic disposition
src/app/model/mechanism/kinematic-solver.ts	176	settleFixedLinks	legacy record	if (link instanceof RealLink) {	pending S6/S7 semantic disposition
src/app/model/mechanism/kinematic-solver.ts	225	<module>	legacy record	* `ground` reads differently on the two joint types. On a RevJoint it means	pending S6/S7 semantic disposition
src/app/model/mechanism/kinematic-solver.ts	227	<module>	legacy record	* grounded joint with zero rates on that reading. On a PrisJoint it means	pending S6/S7 semantic disposition
src/app/model/mechanism/kinematic-solver.ts	242	matchGuidesToRiders	legacy record	if (!(link instanceof SliderBlock)) {	pending S6/S7 semantic disposition
src/app/model/mechanism/kinematic-solver.ts	245	matchGuidesToRiders	point graph	const guide = link.joints.find(	pending S6/S7 semantic disposition
src/app/model/mechanism/kinematic-solver.ts	246	matchGuidesToRiders	legacy record	(joint): joint is PrisJoint =>	pending S6/S7 semantic disposition
src/app/model/mechanism/kinematic-solver.ts	247	matchGuidesToRiders	legacy record	joint instanceof PrisJoint && joint.ground && !joint.isFloating	pending S6/S7 semantic disposition
src/app/model/mechanism/kinematic-solver.ts	249	matchGuidesToRiders	point graph; legacy record	const rider = link.joints.find((joint) => !(joint instanceof PrisJoint));	pending S6/S7 semantic disposition
src/app/model/mechanism/kinematic-solver.ts	279	slotFrame	legacy record	if (!(slider instanceof PrisJoint) || !slider.carrier || !slider.slotJointA) {	pending S6/S7 semantic disposition
src/app/model/mechanism/kinematic-solver.ts	396	applyConstraintKinematics	point graph	const [first, second] = link.joints;	pending S6/S7 semantic disposition
src/app/model/mechanism/kinematic-solver.ts	422	applyConstraintKinematics	legacy record	if (link instanceof RealLink) {	pending S6/S7 semantic disposition
src/app/model/mechanism/kinematic-solver.ts	442	determineLooplessKinematics	legacy record	(joint): joint is RealJoint => joint instanceof RealJoint && joint.input	pending S6/S7 semantic disposition
src/app/model/mechanism/kinematic-solver.ts	445	determineLooplessKinematics	legacy record	(link): link is RealLink =>	pending S6/S7 semantic disposition
src/app/model/mechanism/kinematic-solver.ts	446	determineLooplessKinematics	legacy record	link instanceof RealLink &&	pending S6/S7 semantic disposition
src/app/model/mechanism/kinematic-solver.ts	448	determineLooplessKinematics	point graph	link.joints.some((joint) => joint.id === inputJoint.id)	pending S6/S7 semantic disposition
src/app/model/mechanism/kinematic-solver.ts	467	determineLooplessKinematics	point graph	inputLink.joints.forEach((joint) => {	pending S6/S7 semantic disposition
src/app/model/mechanism/kinematic-solver.ts	480	kinematicsInitializer	legacy record	if (!(j instanceof RealJoint)) {	pending S6/S7 semantic disposition
src/app/model/mechanism/kinematic-solver.ts	491	kinematicsInitializer	legacy record	if (!(j instanceof RealJoint)) {	pending S6/S7 semantic disposition
src/app/model/mechanism/kinematic-solver.ts	497	kinematicsInitializer	legacy record	if (!(inputJoint instanceof RealJoint)) {	pending S6/S7 semantic disposition
src/app/model/mechanism/kinematic-solver.ts	500	kinematicsInitializer	point graph	// this.inputLinkIndex = links.findIndex(l => l.id === inputJoint.links[0])	pending S6/S7 semantic disposition
src/app/model/mechanism/kinematic-solver.ts	501	kinematicsInitializer	point graph	// this.inputLinkIndex = links.indexOf(inputJoint.links[0]);	pending S6/S7 semantic disposition
src/app/model/mechanism/kinematic-solver.ts	502	kinematicsInitializer	point graph	this.inputLinkIndex = links.findIndex((l) => l.id === inputJoint.links[0].id);	pending S6/S7 semantic disposition
src/app/model/mechanism/kinematic-solver.ts	511	kinematicsInitializer	legacy record	case RealLink:	pending S6/S7 semantic disposition
src/app/model/mechanism/kinematic-solver.ts	515	kinematicsInitializer	legacy record	case SliderBlock:	pending S6/S7 semantic disposition
src/app/model/mechanism/kinematic-solver.ts	519	kinematicsInitializer	legacy record	// search. `RealLink` was copied over from the case above, and a	pending S6/S7 semantic disposition
src/app/model/mechanism/kinematic-solver.ts	520	kinematicsInitializer	legacy record	// SliderBlock extends Link rather than RealLink -- so the guard was	pending S6/S7 semantic disposition
src/app/model/mechanism/kinematic-solver.ts	526	kinematicsInitializer	point graph; legacy record	if (!(inputLink instanceof SliderBlock) || inputLink.joints === undefined) {	pending S6/S7 semantic disposition
src/app/model/mechanism/kinematic-solver.ts	529	kinematicsInitializer	legacy record	// The sliding joint, specifically. `instanceof RealJoint` matched the	pending S6/S7 semantic disposition
src/app/model/mechanism/kinematic-solver.ts	530	kinematicsInitializer	legacy record	// block's *pin* first -- a PrisJoint is a RealJoint -- and the	pending S6/S7 semantic disposition
src/app/model/mechanism/kinematic-solver.ts	531	kinematicsInitializer	legacy record	// PrisJoint check below then bailed out of the whole initializer, so	pending S6/S7 semantic disposition
src/app/model/mechanism/kinematic-solver.ts	533	kinematicsInitializer	point graph; legacy record	const realJoint = inputLink.joints.find((j): j is PrisJoint => j instanceof PrisJoint);	pending S6/S7 semantic disposition
src/app/model/mechanism/kinematic-solver.ts	555	kinematicsInitializer	legacy record	if (!(realJoint instanceof PrisJoint)) {	pending S6/S7 semantic disposition
src/app/model/mechanism/kinematic-solver.ts	576	kinematicsInitializer	point graph	for (const blockJoint of links[this.inputLinkIndex].joints) {	pending S6/S7 semantic disposition
src/app/model/mechanism/kinematic-solver.ts	587	kinematicsInitializer	legacy record	if (l instanceof SliderBlock) {	pending S6/S7 semantic disposition
src/app/model/mechanism/kinematic-solver.ts	590	kinematicsInitializer	point graph	const angle = Math.atan2(l.joints[1].y - l.joints[0].y, l.joints[1].x - l.joints[0].x);	pending S6/S7 semantic disposition
src/app/model/mechanism/kinematic-solver.ts	638	kinematicsInitializer	legacy record	case RealLink:	pending S6/S7 semantic disposition
src/app/model/mechanism/kinematic-solver.ts	639	kinematicsInitializer	legacy record	if (!(link instanceof RealLink)) {	pending S6/S7 semantic disposition
src/app/model/mechanism/kinematic-solver.ts	645	kinematicsInitializer	point graph	link.joints.findIndex((j) => {	pending S6/S7 semantic disposition
src/app/model/mechanism/kinematic-solver.ts	646	kinematicsInitializer	legacy record	if (!(j instanceof RealJoint)) {	pending S6/S7 semantic disposition
src/app/model/mechanism/kinematic-solver.ts	660	kinematicsInitializer	legacy record	case SliderBlock:	pending S6/S7 semantic disposition
src/app/model/mechanism/kinematic-solver.ts	662	kinematicsInitializer	point graph; legacy record	const connectedJoint = link.joints.find((j) => j instanceof RealJoint)!;	pending S6/S7 semantic disposition
src/app/model/mechanism/kinematic-solver.ts	670	kinematicsInitializer	point graph; legacy record	const prisJoint = link.joints.find((jt) => jt instanceof PrisJoint) as PrisJoint;	pending S6/S7 semantic disposition
src/app/model/mechanism/kinematic-solver.ts	678	kinematicsInitializer	point graph	link.joints.findIndex((j) => {	pending S6/S7 semantic disposition
src/app/model/mechanism/kinematic-solver.ts	679	kinematicsInitializer	legacy record	if (!(j instanceof RealJoint)) {	pending S6/S7 semantic disposition
src/app/model/mechanism/kinematic-solver.ts	736	registerSlotUnknowns	point graph; legacy record	frame.carrier.joints.some((joint) => joint instanceof RealJoint && joint.input)	pending S6/S7 semantic disposition
src/app/model/mechanism/kinematic-solver.ts	763	determineAng	legacy record	if (linkOrJoint instanceof RealLink) {	pending S6/S7 semantic disposition
src/app/model/mechanism/kinematic-solver.ts	772	determineAng	legacy record	} else if (linkOrJoint instanceof PrisJoint && linkOrJoint.isFloating) {	pending S6/S7 semantic disposition
src/app/model/mechanism/kinematic-solver.ts	822	determineLin	legacy record	if (simLinks[this.linkIndexMap.get(edge.linkId)!] instanceof SliderBlock) {	pending S6/S7 semantic disposition
src/app/model/mechanism/kinematic-solver.ts	829	determineLin	legacy record	if (!(desiredLink instanceof RealLink)) {	pending S6/S7 semantic disposition
src/app/model/mechanism/kinematic-solver.ts	841	determineLin	point graph	for (const linkJoint of desiredLink.joints) {	pending S6/S7 semantic disposition
src/app/model/mechanism/kinematic-solver.ts	895	isFloatingBlock	legacy record	link instanceof SliderBlock &&	pending S6/S7 semantic disposition
src/app/model/mechanism/kinematic-solver.ts	896	isFloatingBlock	point graph; legacy record	link.joints.some((joint) => joint instanceof PrisJoint && joint.isFloating)	pending S6/S7 semantic disposition
src/app/model/mechanism/kinematic-solver.ts	920	spreadCarrierMotion	legacy record	if (!frame || !(frame.carrier instanceof RealLink)) {	pending S6/S7 semantic disposition
src/app/model/mechanism/kinematic-solver.ts	927	spreadCarrierMotion	point graph	for (const member of frame.carrier.joints) {	pending S6/S7 semantic disposition
src/app/model/mechanism/kinematic-solver.ts	969	knownCarrierSeed	point graph	const grounded = frame.carrier.joints.find(	pending S6/S7 semantic disposition
src/app/model/mechanism/kinematic-solver.ts	970	knownCarrierSeed	legacy record	(member) => member instanceof RealJoint && member.ground && settled(member.id)	pending S6/S7 semantic disposition
src/app/model/mechanism/kinematic-solver.ts	978	knownCarrierSeed	point graph	return frame.carrier.joints.find((member) => settled(member.id));	pending S6/S7 semantic disposition
src/app/model/mechanism/kinematic-solver.ts	1071	determineArrays	legacy record	case RealLink:	pending S6/S7 semantic disposition
src/app/model/mechanism/kinematic-solver.ts	1079	determineArrays	legacy record	case SliderBlock:	pending S6/S7 semantic disposition
src/app/model/mechanism/kinematic-solver.ts	1149	determineArrays	legacy record	case RealLink:	pending S6/S7 semantic disposition
src/app/model/mechanism/kinematic-solver.ts	1157	determineArrays	legacy record	case SliderBlock:	pending S6/S7 semantic disposition
src/app/model/mechanism/kinematic-solver.ts	1180	determineArrays	legacy record	case RealLink:	pending S6/S7 semantic disposition
src/app/model/mechanism/kinematic-solver.ts	1184	determineArrays	legacy record	case SliderBlock:	pending S6/S7 semantic disposition
src/app/model/mechanism/kinematic-solver.ts	1205	determineArrays	legacy record	case RealLink:	pending S6/S7 semantic disposition
src/app/model/mechanism/kinematic-solver.ts	1219	determineArrays	legacy record	case SliderBlock:	pending S6/S7 semantic disposition
src/app/model/mechanism/kinematic-solver.ts	1237	determineArrays	legacy record	case RealLink:	pending S6/S7 semantic disposition
src/app/model/mechanism/kinematic-solver.ts	1253	determineArrays	legacy record	case SliderBlock:	pending S6/S7 semantic disposition
src/app/model/mechanism/loop-solver.ts	1	<module>	legacy record	import { Joint, PrisJoint, RealJoint } from '../joint';	pending S6/S7 semantic disposition
src/app/model/mechanism/loop-solver.ts	12	<module>	legacy record	* `PrisJoint.rebindSlot`, which exists solely to re-resolve slot references by	pending S6/S7 semantic disposition
src/app/model/mechanism/loop-solver.ts	52	<module>	legacy record	joint: RealJoint;	pending S6/S7 semantic disposition
src/app/model/mechanism/loop-solver.ts	97	determineLoops	legacy record	if (!(j instanceof RealJoint) || !j.ground) {	pending S6/S7 semantic disposition
src/app/model/mechanism/loop-solver.ts	112	determineLoops	legacy record	if (!(desiredGround instanceof RealJoint)) {	pending S6/S7 semantic disposition
src/app/model/mechanism/loop-solver.ts	159	topologySignature	legacy record	if (!(joint instanceof RealJoint)) {	pending S6/S7 semantic disposition
src/app/model/mechanism/loop-solver.ts	164	topologySignature	legacy record	joint instanceof PrisJoint	pending S6/S7 semantic disposition
src/app/model/mechanism/loop-solver.ts	168	topologySignature	point graph	const linked = joint.connectedJoints.map((one) => one.id).join('.');	pending S6/S7 semantic disposition
src/app/model/mechanism/loop-solver.ts	169	topologySignature	point graph	const holding = joint.links.map((one) => one.id).join('.');	pending S6/S7 semantic disposition
src/app/model/mechanism/loop-solver.ts	177	topologySignature	point graph	parts.push(`${link.id}:${link.joints.map((one) => one.id).join('.')}`);	pending S6/S7 semantic disposition
src/app/model/mechanism/loop-solver.ts	278	<module>	point graph; legacy record	* The carrier stays out of `PrisJoint.links` and `connectedJoints` — the	pending S6/S7 semantic disposition
src/app/model/mechanism/loop-solver.ts	291	slotAdjacency	legacy record	const add = (fromId: string, joint: RealJoint, viaSliderId: string) => {	pending S6/S7 semantic disposition
src/app/model/mechanism/loop-solver.ts	297	slotAdjacency	legacy record	if (!(joint instanceof PrisJoint) || !joint.isFloating || !joint.isSlotWellFormed) {	pending S6/S7 semantic disposition
src/app/model/mechanism/loop-solver.ts	301	slotAdjacency	legacy record	if (!(anchor instanceof RealJoint)) {	pending S6/S7 semantic disposition
src/app/model/mechanism/loop-solver.ts	319	neighborsOf	legacy record	joint: RealJoint,	pending S6/S7 semantic disposition
src/app/model/mechanism/loop-solver.ts	325	neighborsOf	point graph	const linked = joint.connectedJoints	pending S6/S7 semantic disposition
src/app/model/mechanism/loop-solver.ts	326	neighborsOf	legacy record	.filter((candidate): candidate is RealJoint => candidate instanceof RealJoint)	pending S6/S7 semantic disposition
src/app/model/mechanism/loop-solver.ts	382	findGround	legacy record	if (!(joint instanceof RealJoint)) {	pending S6/S7 semantic disposition
src/app/model/mechanism/loop-solver.ts	442	linkBetween	point graph	link.joints.some((joint) => joint.id === fromId) &&	pending S6/S7 semantic disposition
src/app/model/mechanism/loop-solver.ts	443	linkBetween	point graph	link.joints.some((joint) => joint.id === toId)	pending S6/S7 semantic disposition
src/app/model/mechanism/mechanism-partition.ts	1	<module>	legacy record	import { Joint, PrisJoint, RealJoint } from '../joint';	pending S6/S7 semantic disposition
src/app/model/mechanism/mechanism-partition.ts	73	partitionKey	legacy record	.filter((joint) => !(joint instanceof RealJoint && joint.ground))	pending S6/S7 semantic disposition
src/app/model/mechanism/mechanism-partition.ts	113	partitionMechanisms	legacy record	const realJoints = joints.filter((joint): joint is RealJoint => joint instanceof RealJoint);	pending S6/S7 semantic disposition
src/app/model/mechanism/mechanism-partition.ts	161	partitionMechanisms	point graph	entry.links.add(link);	pending S6/S7 semantic disposition
src/app/model/mechanism/mechanism-partition.ts	162	partitionMechanisms	point graph	link.joints.forEach((joint) => {	pending S6/S7 semantic disposition
src/app/model/mechanism/mechanism-partition.ts	163	partitionMechanisms	point graph	entry.joints.add(joint);	pending S6/S7 semantic disposition
src/app/model/mechanism/mechanism-partition.ts	173	partitionMechanisms	point graph	if (link.joints.some((joint) => entry.joints.has(joint))) {	pending S6/S7 semantic disposition
src/app/model/mechanism/mechanism-partition.ts	174	partitionMechanisms	point graph	entry.links.add(link);	pending S6/S7 semantic disposition
src/app/model/mechanism/mechanism-partition.ts	175	partitionMechanisms	point graph	link.joints.forEach((joint) => entry.joints.add(joint));	pending S6/S7 semantic disposition
src/app/model/mechanism/mechanism-partition.ts	192	partitionMechanisms	point graph	[...entry.joints].forEach((joint) => {	pending S6/S7 semantic disposition
src/app/model/mechanism/mechanism-partition.ts	193	partitionMechanisms	legacy record	if (!(joint instanceof PrisJoint)) {	pending S6/S7 semantic disposition
src/app/model/mechanism/mechanism-partition.ts	204	partitionMechanisms	point graph	if (!entry.joints.has(part)) {	pending S6/S7 semantic disposition
src/app/model/mechanism/mechanism-partition.ts	205	partitionMechanisms	point graph	entry.joints.add(part);	pending S6/S7 semantic disposition
src/app/model/mechanism/mechanism-partition.ts	210	partitionMechanisms	point graph	if (!entry.links.has(part)) {	pending S6/S7 semantic disposition
src/app/model/mechanism/mechanism-partition.ts	211	partitionMechanisms	point graph	entry.links.add(part);	pending S6/S7 semantic disposition
src/app/model/mechanism/mechanism-partition.ts	214	partitionMechanisms	point graph	part.joints.forEach((railJoint) => {	pending S6/S7 semantic disposition
src/app/model/mechanism/mechanism-partition.ts	215	partitionMechanisms	point graph	if (!entry.joints.has(railJoint)) {	pending S6/S7 semantic disposition
src/app/model/mechanism/mechanism-partition.ts	216	partitionMechanisms	point graph	entry.joints.add(railJoint);	pending S6/S7 semantic disposition
src/app/model/mechanism/mechanism-partition.ts	231	partitionMechanisms	point graph	joint.links.forEach((link) => {	pending S6/S7 semantic disposition
src/app/model/mechanism/mechanism-partition.ts	234	partitionMechanisms	point graph	memberOf(find(body)).joints.add(joint);	pending S6/S7 semantic disposition
src/app/model/mechanism/mechanism-partition.ts	242	partitionMechanisms	point graph	[...memberOf(component).joints].map((joint) => joint.id).sort(byJointId)[0] ?? '';	pending S6/S7 semantic disposition
src/app/model/mechanism/mechanism-partition.ts	250	partitionMechanisms	point graph	const partitionLinks = [...entry.links];	pending S6/S7 semantic disposition
src/app/model/mechanism/mechanism-partition.ts	253	partitionMechanisms	point graph	joints: [...entry.joints],	pending S6/S7 semantic disposition
src/app/model/mechanism/mechanism-partition.ts	265	partitionMechanisms	point graph	return { joints: [...entry.joints], links: [...entry.links] };	pending S6/S7 semantic disposition
src/app/model/mechanism/mechanism-partition.ts	269	partitionMechanisms	point graph	members.forEach((entry) => entry.joints.forEach((joint) => placed.add(joint)));	pending S6/S7 semantic disposition
src/app/model/mechanism/mechanism-partition.ts	275	partitionMechanisms	point graph; legacy record	(joint) => !placed.has(joint) && (!(joint instanceof RealJoint) || joint.links.length === 0)	pending S6/S7 semantic disposition
src/app/model/mechanism/mechanism-partition.ts	277	partitionMechanisms	point graph	const fixedLinks = links.filter((link) => !placed.has(link.joints[0]) && link.joints.length > 0);	pending S6/S7 semantic disposition
src/app/model/mechanism/mechanism.ts	1	<module>	legacy record	import { Joint, PrisJoint, RealJoint, RevJoint } from '../joint';	pending S6/S7 semantic disposition
src/app/model/mechanism/mechanism.ts	2	<module>	legacy record	import { Link, SliderBlock, RealLink } from '../link';	pending S6/S7 semantic disposition
src/app/model/mechanism/mechanism.ts	14	<module>	scale boundary	import { MODEL_SCALE } from '../render-scale';	pending S6/S7 semantic disposition
src/app/model/mechanism/mechanism.ts	127	constructor	legacy record	if (ownJointIds && !ownJointIds.has(clone.id) && clone instanceof RealJoint) {	pending S6/S7 semantic disposition
src/app/model/mechanism/mechanism.ts	133	constructor	point graph	const linkJoints = l.joints.map((joint) => this._joints[0].find((j) => j.id === joint.id)!);	pending S6/S7 semantic disposition
src/app/model/mechanism/mechanism.ts	135	constructor	legacy record	case RealLink:	pending S6/S7 semantic disposition
src/app/model/mechanism/mechanism.ts	136	constructor	legacy record	if (!(l instanceof RealLink)) {	pending S6/S7 semantic disposition
src/app/model/mechanism/mechanism.ts	139	constructor	legacy record	const realLink = new RealLink(	pending S6/S7 semantic disposition
src/app/model/mechanism/mechanism.ts	145	constructor	point graph	this.cloneLinkSubset(l.subset, this._joints[0], true),	pending S6/S7 semantic disposition
src/app/model/mechanism/mechanism.ts	150	constructor	point graph	this.restoreLinkSubsetState(l.subset, realLink.subset);	pending S6/S7 semantic disposition
src/app/model/mechanism/mechanism.ts	153	constructor	legacy record	case SliderBlock:	pending S6/S7 semantic disposition
src/app/model/mechanism/mechanism.ts	154	constructor	legacy record	if (!(l instanceof SliderBlock)) {	pending S6/S7 semantic disposition
src/app/model/mechanism/mechanism.ts	157	constructor	legacy record	const piston = new SliderBlock(l.id, linkJoints, l.mass);	pending S6/S7 semantic disposition
src/app/model/mechanism/mechanism.ts	166	constructor	legacy record	if (!(link instanceof RealLink)) {	pending S6/S7 semantic disposition
src/app/model/mechanism/mechanism.ts	189	constructor	legacy record	(joint) => joint instanceof PrisJoint && joint.isDangling	pending S6/S7 semantic disposition
src/app/model/mechanism/mechanism.ts	191	constructor	legacy record	const driven = this._joints[0].some((j) => j instanceof RealJoint && j.input);	pending S6/S7 semantic disposition
src/app/model/mechanism/mechanism.ts	226	cloneJointAt	legacy record	if (source instanceof PrisJoint) {	pending S6/S7 semantic disposition
src/app/model/mechanism/mechanism.ts	227	cloneJointAt	legacy record	const prisJoint = new PrisJoint(source.id, x, y, source.input, source.ground);	pending S6/S7 semantic disposition
src/app/model/mechanism/mechanism.ts	236	cloneJointAt	legacy record	} else if (source instanceof RevJoint) {	pending S6/S7 semantic disposition
src/app/model/mechanism/mechanism.ts	237	cloneJointAt	legacy record	copy = new RevJoint(source.id, x, y, source.input, source.ground);	pending S6/S7 semantic disposition
src/app/model/mechanism/mechanism.ts	238	cloneJointAt	legacy record	} else if (source instanceof RealJoint) {	pending S6/S7 semantic disposition
src/app/model/mechanism/mechanism.ts	239	cloneJointAt	legacy record	copy = new RealJoint(source.id, x, y, source.input, source.ground);	pending S6/S7 semantic disposition
src/app/model/mechanism/mechanism.ts	244	cloneJointAt	legacy record	if (copy instanceof RealJoint && source instanceof RealJoint) {	pending S6/S7 semantic disposition
src/app/model/mechanism/mechanism.ts	256	wireJointGraph	legacy record	if (!(joint instanceof RealJoint)) {	pending S6/S7 semantic disposition
src/app/model/mechanism/mechanism.ts	260	wireJointGraph	legacy record	if (!(source instanceof RealJoint)) {	pending S6/S7 semantic disposition
src/app/model/mechanism/mechanism.ts	263	wireJointGraph	point graph	joint.links = source.links	pending S6/S7 semantic disposition
src/app/model/mechanism/mechanism.ts	266	wireJointGraph	point graph	joint.connectedJoints = source.connectedJoints	pending S6/S7 semantic disposition
src/app/model/mechanism/mechanism.ts	273	wireJointGraph	legacy record	if (joint instanceof PrisJoint) {	pending S6/S7 semantic disposition
src/app/model/mechanism/mechanism.ts	286	cloneLinkSubset	point graph	const joints = source.joints	pending S6/S7 semantic disposition
src/app/model/mechanism/mechanism.ts	289	cloneLinkSubset	point graph	if (joints.length !== source.joints.length) {	pending S6/S7 semantic disposition
src/app/model/mechanism/mechanism.ts	292	cloneLinkSubset	legacy record	if (source instanceof RealLink) {	pending S6/S7 semantic disposition
src/app/model/mechanism/mechanism.ts	293	cloneLinkSubset	legacy record	const link = new RealLink(	pending S6/S7 semantic disposition
src/app/model/mechanism/mechanism.ts	298	cloneLinkSubset	point graph	this.transportPoint(source.CoM, source.joints, joints),	pending S6/S7 semantic disposition
src/app/model/mechanism/mechanism.ts	299	cloneLinkSubset	point graph	this.cloneLinkSubset(source.subset, targetJoints, copyVisualGeometry),	pending S6/S7 semantic disposition
src/app/model/mechanism/mechanism.ts	306	cloneLinkSubset	legacy record	if (source instanceof SliderBlock) {	pending S6/S7 semantic disposition
src/app/model/mechanism/mechanism.ts	307	cloneLinkSubset	legacy record	const piston = new SliderBlock(source.id, joints, source.mass);	pending S6/S7 semantic disposition
src/app/model/mechanism/mechanism.ts	324	restoreLinkSubsetState	legacy record	if (source instanceof RealLink && target instanceof RealLink) {	pending S6/S7 semantic disposition
src/app/model/mechanism/mechanism.ts	326	restoreLinkSubsetState	point graph	target.CoM = this.transportPoint(source.CoM, source.joints, target.joints);	pending S6/S7 semantic disposition
src/app/model/mechanism/mechanism.ts	328	restoreLinkSubsetState	point graph	this.restoreLinkSubsetState(source.subset, target.subset);	pending S6/S7 semantic disposition
src/app/model/mechanism/mechanism.ts	369	isForceAnalysisJoint	legacy record	private isForceAnalysisJoint(joint: Joint): joint is RealJoint {	pending S6/S7 semantic disposition
src/app/model/mechanism/mechanism.ts	370	isForceAnalysisJoint	point graph; legacy record	return joint instanceof RealJoint && (joint.links.length !== 1 || joint.ground);	pending S6/S7 semantic disposition
src/app/model/mechanism/mechanism.ts	397	determineDegreesOfFreedom	point graph	const { bodyOf, bodiesAt, movingBodies } = assignBodies(this.joints[0], this.links[0]);	pending S6/S7 semantic disposition
src/app/model/mechanism/mechanism.ts	399	determineDegreesOfFreedom	point graph; legacy record	const hasGround = this.joints[0].some((j) => j instanceof RealJoint && j.ground);	pending S6/S7 semantic disposition
src/app/model/mechanism/mechanism.ts	404	determineDegreesOfFreedom	point graph	const bodies = new Set(this.links[0].map(bodyOf));	pending S6/S7 semantic disposition
src/app/model/mechanism/mechanism.ts	409	determineDegreesOfFreedom	point graph	this.joints[0].forEach((j) => {	pending S6/S7 semantic disposition
src/app/model/mechanism/mechanism.ts	410	determineDegreesOfFreedom	legacy record	if (!(j instanceof RealJoint)) {	pending S6/S7 semantic disposition
src/app/model/mechanism/mechanism.ts	448	measuredFreedoms	point graph	const { bodyOf, bodiesAt, movingBodies } = assignBodies(this.joints[0], this.links[0]);	pending S6/S7 semantic disposition
src/app/model/mechanism/mechanism.ts	449	measuredFreedoms	point graph	return mobilityFromGeometry(this.joints[0], this.links[0], { bodyOf, bodiesAt, movingBodies });	pending S6/S7 semantic disposition
src/app/model/mechanism/mechanism.ts	657	findFullMovementPos	point graph; legacy record	const inputJoint = this.joints[0].find((j) => j instanceof RealJoint && j.input);	pending S6/S7 semantic disposition
src/app/model/mechanism/mechanism.ts	658	findFullMovementPos	legacy record	const revoluteInput = inputJoint !== undefined && !(inputJoint instanceof PrisJoint);	pending S6/S7 semantic disposition
src/app/model/mechanism/mechanism.ts	666	findFullMovementPos	point graph	PositionSolver.determineJointOrder(this.joints[0], this.links[0]);	pending S6/S7 semantic disposition
src/app/model/mechanism/mechanism.ts	674	findFullMovementPos	point graph	PositionSolver.settleInitialPose(this.joints[0]);	pending S6/S7 semantic disposition
src/app/model/mechanism/mechanism.ts	697	findFullMovementPos	point graph	this.links[0].forEach((l) => {	pending S6/S7 semantic disposition
src/app/model/mechanism/mechanism.ts	699	findFullMovementPos	point graph	l.joints.forEach((j) => {	pending S6/S7 semantic disposition
src/app/model/mechanism/mechanism.ts	700	findFullMovementPos	point graph	const jointIndex = this.joints[0].findIndex((jt) => jt.id === j.id);	pending S6/S7 semantic disposition
src/app/model/mechanism/mechanism.ts	707	findFullMovementPos	point graph	const desiredJointIndex = this.joints[0].findIndex((j) => j.id === desiredJointID);	pending S6/S7 semantic disposition
src/app/model/mechanism/mechanism.ts	717	findFullMovementPos	point graph	const desiredJoint = this.joints[0][desiredJointIndex];	pending S6/S7 semantic disposition
src/app/model/mechanism/mechanism.ts	838	findFullMovementPos	point graph	this.joints[0].forEach((j) => {	pending S6/S7 semantic disposition
src/app/model/mechanism/mechanism.ts	845	findFullMovementPos	point graph	this.links[0].forEach((l, l_index) => {	pending S6/S7 semantic disposition
src/app/model/mechanism/mechanism.ts	853	findFullMovementPos	legacy record	case RealLink:	pending S6/S7 semantic disposition
src/app/model/mechanism/mechanism.ts	854	findFullMovementPos	legacy record	if (!(l instanceof RealLink)) {	pending S6/S7 semantic disposition
src/app/model/mechanism/mechanism.ts	857	findFullMovementPos	legacy record	const pushLink = new RealLink(	pending S6/S7 semantic disposition
src/app/model/mechanism/mechanism.ts	862	findFullMovementPos	point graph	this.transportPoint(l.CoM, l.joints, connectedJoints),	pending S6/S7 semantic disposition
src/app/model/mechanism/mechanism.ts	863	findFullMovementPos	point graph	this.cloneLinkSubset(l.subset, this._joints[currentTimeStamp + 1], true),	pending S6/S7 semantic disposition
src/app/model/mechanism/mechanism.ts	868	findFullMovementPos	point graph	this.restoreLinkSubsetState(l.subset, pushLink.subset);	pending S6/S7 semantic disposition
src/app/model/mechanism/mechanism.ts	871	findFullMovementPos	legacy record	case SliderBlock:	pending S6/S7 semantic disposition
src/app/model/mechanism/mechanism.ts	872	findFullMovementPos	legacy record	if (!(l instanceof SliderBlock)) {	pending S6/S7 semantic disposition
src/app/model/mechanism/mechanism.ts	875	findFullMovementPos	legacy record	const newLink = new SliderBlock(l.id, connectedJoints, l.mass);	pending S6/S7 semantic disposition
src/app/model/mechanism/mechanism.ts	881	findFullMovementPos	point graph	this.wireJointGraph(currentTimeStamp + 1, this.joints[0]);	pending S6/S7 semantic disposition
src/app/model/mechanism/mechanism.ts	885	findFullMovementPos	legacy record	if (link === undefined || !(link instanceof RealLink)) {	pending S6/S7 semantic disposition
src/app/model/mechanism/mechanism.ts	888	findFullMovementPos	point graph	const start = this.transportPoint(f.startCoord, f.link.joints, link.joints);	pending S6/S7 semantic disposition
src/app/model/mechanism/mechanism.ts	890	findFullMovementPos	point graph	? this.transportPoint(f.endCoord, f.link.joints, link.joints)	pending S6/S7 semantic disposition
src/app/model/mechanism/mechanism.ts	968	findFullMovementPos	scale boundary	this._cycleGap = this.seamGapAt(currentTimeStamp) / MODEL_SCALE;	pending S6/S7 semantic disposition
src/app/model/mechanism/mechanism.ts	988	findFullMovementPos	scale boundary	this._cycleGap = Number.isFinite(nearest) ? nearest / MODEL_SCALE : undefined;	pending S6/S7 semantic disposition
src/app/model/mechanism/mechanism.ts	1074	findFullMovementPos	point graph	this._joints = [start.joints];	pending S6/S7 semantic disposition
src/app/model/mechanism/mechanism.ts	1075	findFullMovementPos	point graph	this._links = [start.links];	pending S6/S7 semantic disposition
src/app/model/mechanism/mechanism.ts	1097	findFullMovementPos	scale boundary	this._cycleGap = closestSeam / MODEL_SCALE;	pending S6/S7 semantic disposition
src/app/model/mechanism/mechanism.ts	1231	setMechanismInvalid	point graph	this.joints = [[]];	pending S6/S7 semantic disposition
src/app/model/mechanism/mechanism.ts	1232	setMechanismInvalid	point graph	this.links = [[]];	pending S6/S7 semantic disposition
src/app/model/mechanism/mechanism.ts	1460	forceTitleRow	point graph	for (const joint of this.joints[0].filter((candidate) =>	pending S6/S7 semantic disposition
src/app/model/mechanism/mechanism.ts	1475	forceTitleRow	point graph	this.joints[0].forEach((j) => {	pending S6/S7 semantic disposition
src/app/model/mechanism/mechanism.ts	1481	forceTitleRow	point graph	this.joints[0].forEach((j) => {	pending S6/S7 semantic disposition
src/app/model/mechanism/mechanism.ts	1490	forceTitleRow	point graph	this.links[0].forEach((l) => {	pending S6/S7 semantic disposition
src/app/model/mechanism/mechanism.ts	1491	forceTitleRow	legacy record	if (l instanceof SliderBlock) {	pending S6/S7 semantic disposition
src/app/model/mechanism/mechanism.ts	1502	forceTitleRow	point graph	this.links[0].forEach((l) => {	pending S6/S7 semantic disposition
src/app/model/mechanism/mechanism.ts	1503	forceTitleRow	legacy record	if (l instanceof SliderBlock) {	pending S6/S7 semantic disposition
src/app/model/mechanism/mechanism.ts	1552	kinematicLoopTitleRow	point graph	this.joints[0].forEach((j) => {	pending S6/S7 semantic disposition
src/app/model/mechanism/mechanism.ts	1561	kinematicLoopTitleRow	point graph	this.links[0].forEach((l) => {	pending S6/S7 semantic disposition
src/app/model/mechanism/mechanism.ts	1562	kinematicLoopTitleRow	legacy record	if (l instanceof SliderBlock) {	pending S6/S7 semantic disposition
src/app/model/mechanism/mechanism.ts	1573	kinematicLoopTitleRow	point graph	this.links[0].forEach((l) => {	pending S6/S7 semantic disposition
src/app/model/mechanism/mechanism.ts	1574	kinematicLoopTitleRow	legacy record	if (l instanceof SliderBlock) {	pending S6/S7 semantic disposition
src/app/model/mechanism/mechanism.ts	1623	forceAnalysis	point graph	this.joints.forEach((_, index) => {	pending S6/S7 semantic disposition
src/app/model/mechanism/mechanism.ts	1629	forceAnalysis	point graph	this.joints[index],	pending S6/S7 semantic disposition
src/app/model/mechanism/mechanism.ts	1630	forceAnalysis	point graph	this.links[index],	pending S6/S7 semantic disposition
src/app/model/mechanism/mechanism.ts	1635	forceAnalysis	point graph	this.joints[index],	pending S6/S7 semantic disposition
src/app/model/mechanism/mechanism.ts	1636	forceAnalysis	point graph	this.links[index],	pending S6/S7 semantic disposition
src/app/model/mechanism/mechanism.ts	1641	forceAnalysis	point graph	for (const joint of this.joints[index].filter((candidate) =>	pending S6/S7 semantic disposition
src/app/model/mechanism/mechanism.ts	1669	forceAnalysis	point graph	this.joints[index].forEach((j) => {	pending S6/S7 semantic disposition
src/app/model/mechanism/mechanism.ts	1675	forceAnalysis	point graph	this.joints[index].forEach((j) => {	pending S6/S7 semantic disposition
src/app/model/mechanism/mechanism.ts	1684	forceAnalysis	point graph	this.links[index].forEach((l) => {	pending S6/S7 semantic disposition
src/app/model/mechanism/mechanism.ts	1685	forceAnalysis	legacy record	if (l instanceof SliderBlock) {	pending S6/S7 semantic disposition
src/app/model/mechanism/mechanism.ts	1696	forceAnalysis	point graph	this.links[index].forEach((l) => {	pending S6/S7 semantic disposition
src/app/model/mechanism/mechanism.ts	1697	forceAnalysis	legacy record	if (l instanceof SliderBlock) {	pending S6/S7 semantic disposition
src/app/model/mechanism/mechanism.ts	1715	kinematicLoopAnalysis	point graph	this.joints.forEach((_, index) => {	pending S6/S7 semantic disposition
src/app/model/mechanism/mechanism.ts	1719	kinematicLoopAnalysis	point graph	this.joints[index],	pending S6/S7 semantic disposition
src/app/model/mechanism/mechanism.ts	1720	kinematicLoopAnalysis	point graph	this.links[index],	pending S6/S7 semantic disposition
src/app/model/mechanism/mechanism.ts	1739	kinematicLoopAnalysis	point graph	this.joints[0].forEach((j) => {	pending S6/S7 semantic disposition
src/app/model/mechanism/mechanism.ts	1742	kinematicLoopAnalysis	point graph	this.joints[index][KinematicsSolver.jointIndexMap.get(j.id)!].x * posUnitConversion,	pending S6/S7 semantic disposition
src/app/model/mechanism/mechanism.ts	1748	kinematicLoopAnalysis	point graph	this.joints[index][KinematicsSolver.jointIndexMap.get(j.id)!].y * posUnitConversion,	pending S6/S7 semantic disposition
src/app/model/mechanism/mechanism.ts	1758	kinematicLoopAnalysis	point graph	this.links[0].forEach((l) => {	pending S6/S7 semantic disposition
src/app/model/mechanism/mechanism.ts	1759	kinematicLoopAnalysis	legacy record	if (l instanceof SliderBlock) {	pending S6/S7 semantic disposition
src/app/model/mechanism/mechanism.ts	1770	kinematicLoopAnalysis	point graph	this.links[0].forEach((l) => {	pending S6/S7 semantic disposition
src/app/model/mechanism/mechanism.ts	1771	kinematicLoopAnalysis	legacy record	if (l instanceof SliderBlock) {	pending S6/S7 semantic disposition
src/app/model/mechanism/mobility.ts	1	<module>	legacy record	import { Joint, PrisJoint, RealJoint } from '../joint';	pending S6/S7 semantic disposition
src/app/model/mechanism/mobility.ts	283	pivotsOf	point graph	for (const joint of link.joints) {	pending S6/S7 semantic disposition
src/app/model/mechanism/mobility.ts	305	reachOf	point graph	for (const joint of link.joints) {	pending S6/S7 semantic disposition
src/app/model/mechanism/mobility.ts	331	constraintsOf	legacy record	if (!(joint instanceof RealJoint)) continue;	pending S6/S7 semantic disposition
src/app/model/mechanism/mobility.ts	336	constraintsOf	legacy record	if (joint instanceof PrisJoint) {	pending S6/S7 semantic disposition
src/app/model/mechanism/position-solver.ts	1	<module>	legacy record	import { Joint, PrisJoint, RealJoint, RevJoint } from '../joint';	pending S6/S7 semantic disposition
src/app/model/mechanism/position-solver.ts	2	<module>	legacy record	import { Link, RealLink, SliderBlock } from '../link';	pending S6/S7 semantic disposition
src/app/model/mechanism/position-solver.ts	13	<module>	scale boundary	import { MODEL_SCALE } from '../render-scale';	pending S6/S7 semantic disposition
src/app/model/mechanism/position-solver.ts	48	<module>	scale boundary	export const PRISMATIC_INPUT_STEP = 0.1 * MODEL_SCALE;	pending S6/S7 semantic disposition
src/app/model/mechanism/position-solver.ts	288	<module>	legacy record	* RevJoint it pins the point: the coordinates are known and constant. On a	pending S6/S7 semantic disposition
src/app/model/mechanism/position-solver.ts	289	<module>	legacy record	* PrisJoint it pins only the *line* — the joint is the block's coordinate and	pending S6/S7 semantic disposition
src/app/model/mechanism/position-solver.ts	299	isRateUnknown	legacy record	function isRateUnknown(joint: Joint): joint is RealJoint {	pending S6/S7 semantic disposition
src/app/model/mechanism/position-solver.ts	300	isRateUnknown	legacy record	return joint instanceof RealJoint && (!joint.ground || joint instanceof PrisJoint);	pending S6/S7 semantic disposition
src/app/model/mechanism/position-solver.ts	577	determineJointOrder	legacy record	if (!(j instanceof RealJoint)) {	pending S6/S7 semantic disposition
src/app/model/mechanism/position-solver.ts	580	determineJointOrder	legacy record	if (j instanceof PrisJoint) {	pending S6/S7 semantic disposition
src/app/model/mechanism/position-solver.ts	595	determineJointOrder	legacy record	if (!(j instanceof RealJoint)) {	pending S6/S7 semantic disposition
src/app/model/mechanism/position-solver.ts	601	determineJointOrder	legacy record	if (!(inputJoint instanceof RealJoint)) {	pending S6/S7 semantic disposition
src/app/model/mechanism/position-solver.ts	655	determineJointOrder	legacy record	// PrisJoint at all. It would take this one and command its pin along the	pending S6/S7 semantic disposition
src/app/model/mechanism/position-solver.ts	660	determineJointOrder	legacy record	if (inputJoint instanceof PrisJoint && inputJoint.isSealed) {	pending S6/S7 semantic disposition
src/app/model/mechanism/position-solver.ts	673	determineJointOrder	legacy record	if (!(inputJoint instanceof PrisJoint) && !inputJoint.ground) {	pending S6/S7 semantic disposition
src/app/model/mechanism/position-solver.ts	678	determineJointOrder	point graph	inputJoint.connectedJoints.forEach((j) => {	pending S6/S7 semantic disposition
src/app/model/mechanism/position-solver.ts	679	determineJointOrder	legacy record	if (!(j instanceof RealJoint)) {	pending S6/S7 semantic disposition
src/app/model/mechanism/position-solver.ts	694	determineJointOrder	legacy record	case RevJoint: {	pending S6/S7 semantic disposition
src/app/model/mechanism/position-solver.ts	711	determineJointOrder	legacy record	case PrisJoint: {	pending S6/S7 semantic disposition
src/app/model/mechanism/position-solver.ts	728	determineJointOrder	legacy record	if (!(j instanceof RealJoint)) {	pending S6/S7 semantic disposition
src/app/model/mechanism/position-solver.ts	752	mountEnhanced	legacy record	if (!(mount instanceof RealJoint)) continue;	pending S6/S7 semantic disposition
src/app/model/mechanism/position-solver.ts	753	mountEnhanced	point graph	const carriesABlock = mount.links.some(	pending S6/S7 semantic disposition
src/app/model/mechanism/position-solver.ts	754	mountEnhanced	legacy record	(link) => link instanceof SliderBlock && link.id !== cylinder.block.id	pending S6/S7 semantic disposition
src/app/model/mechanism/position-solver.ts	781	<module>	legacy record	* PrisJoint means its slot *line* is fixed, not that the joint sits still:	pending S6/S7 semantic disposition
src/app/model/mechanism/position-solver.ts	803	routeCoupled	legacy record	.filter((joint): joint is RealJoint => joint instanceof RealJoint)	pending S6/S7 semantic disposition
src/app/model/mechanism/position-solver.ts	804	routeCoupled	legacy record	.filter((joint) => !known.includes(joint.id) || joint instanceof PrisJoint)	pending S6/S7 semantic disposition
src/app/model/mechanism/position-solver.ts	822	orderCoupledPartition	legacy record	.filter((joint): joint is RealJoint => joint instanceof RealJoint)	pending S6/S7 semantic disposition
src/app/model/mechanism/position-solver.ts	824	orderCoupledPartition	legacy record	if (joint instanceof PrisJoint) return !placed.has(joint.id) || joint.ground;	pending S6/S7 semantic disposition
src/app/model/mechanism/position-solver.ts	959	finishOrder	legacy record	.filter((j): j is RealJoint => j instanceof RealJoint && !j.ground && !known.includes(j.id))	pending S6/S7 semantic disposition
src/app/model/mechanism/position-solver.ts	979	finishOrder	legacy record	.filter((j) => j instanceof RealJoint && !j.ground && !known.includes(j.id))	pending S6/S7 semantic disposition
src/app/model/mechanism/position-solver.ts	988	<module>	legacy record	* it means the point does not move. On a PrisJoint it means the *slot line*	pending S6/S7 semantic disposition
src/app/model/mechanism/position-solver.ts	1010	travelingGrounds	point graph; legacy record	if (!(link instanceof SliderBlock) || link.joints.length !== 2) continue;	pending S6/S7 semantic disposition
src/app/model/mechanism/position-solver.ts	1011	travelingGrounds	point graph; legacy record	const slot = link.joints.find((member) => member instanceof PrisJoint);	pending S6/S7 semantic disposition
src/app/model/mechanism/position-solver.ts	1012	travelingGrounds	point graph; legacy record	const rider = link.joints.find((member) => !(member instanceof PrisJoint));	pending S6/S7 semantic disposition
src/app/model/mechanism/position-solver.ts	1013	travelingGrounds	legacy record	if (!(slot instanceof PrisJoint) || !rider) continue;	pending S6/S7 semantic disposition
src/app/model/mechanism/position-solver.ts	1068	collectConstraints	point graph	const members = link.joints;	pending S6/S7 semantic disposition
src/app/model/mechanism/position-solver.ts	1069	collectConstraints	legacy record	if (link instanceof SliderBlock) {	pending S6/S7 semantic disposition
src/app/model/mechanism/position-solver.ts	1125	collectConstraints	legacy record	if (!(joint instanceof PrisJoint)) continue;	pending S6/S7 semantic disposition
src/app/model/mechanism/position-solver.ts	1161	collectConstraints	point graph	rider.subset.find(	pending S6/S7 semantic disposition
src/app/model/mechanism/position-solver.ts	1163	collectConstraints	point graph	member.joints.length === 2 &&	pending S6/S7 semantic disposition
src/app/model/mechanism/position-solver.ts	1164	collectConstraints	point graph	member.joints.some((one) => one.id === assembly.weldJoint.id)	pending S6/S7 semantic disposition
src/app/model/mechanism/position-solver.ts	1166	collectConstraints	point graph	const other = leaf.joints	pending S6/S7 semantic disposition
src/app/model/mechanism/position-solver.ts	1378	registerPinDrive	legacy record	private static registerPinDrive(inputJoint: RealJoint): boolean {	pending S6/S7 semantic disposition
src/app/model/mechanism/position-solver.ts	1379	registerPinDrive	legacy record	if (inputJoint instanceof PrisJoint || inputJoint.ground) {	pending S6/S7 semantic disposition
src/app/model/mechanism/position-solver.ts	1430	registerSlotDrive	legacy record	private static registerSlotDrive(inputJoint: RealJoint): boolean {	pending S6/S7 semantic disposition
src/app/model/mechanism/position-solver.ts	1431	registerSlotDrive	legacy record	if (!(inputJoint instanceof PrisJoint)) {	pending S6/S7 semantic disposition
src/app/model/mechanism/position-solver.ts	1498	registerCylinderDrive	legacy record	private static registerCylinderDrive(cylinders: Cylinder[], inputJoint: RealJoint): boolean {	pending S6/S7 semantic disposition
src/app/model/mechanism/position-solver.ts	1499	registerCylinderDrive	legacy record	if (!(inputJoint instanceof PrisJoint) || !inputJoint.isSealed) {	pending S6/S7 semantic disposition
src/app/model/mechanism/position-solver.ts	1525	drivenBody	legacy record	private static drivenBody(inputJoint: RealJoint): Set<string> {	pending S6/S7 semantic disposition
src/app/model/mechanism/position-solver.ts	1526	drivenBody	point graph	const body = inputJoint.links.find(	pending S6/S7 semantic disposition
src/app/model/mechanism/position-solver.ts	1527	drivenBody	point graph; legacy record	(link) => !link.joints.some((joint) => joint instanceof PrisJoint)	pending S6/S7 semantic disposition
src/app/model/mechanism/position-solver.ts	1529	drivenBody	point graph	const members = (body ?? inputJoint.links[0])?.joints ?? [];	pending S6/S7 semantic disposition
src/app/model/mechanism/position-solver.ts	1557	orderDeferredJoints	legacy record	(j): j is RealJoint => j instanceof RealJoint && !known.includes(j.id)	pending S6/S7 semantic disposition
src/app/model/mechanism/position-solver.ts	1597	orderDrivenCylinderMount	legacy record	joint: RealJoint,	pending S6/S7 semantic disposition
src/app/model/mechanism/position-solver.ts	1617	orderDrivenCylinderMount	point graph	const reference = joint.connectedJoints.find(	pending S6/S7 semantic disposition
src/app/model/mechanism/position-solver.ts	1657	orderSealedCylinderInterior	legacy record	joint: RealJoint,	pending S6/S7 semantic disposition
src/app/model/mechanism/position-solver.ts	1681	orderSealedCylinderInterior	legacy record	if (placed instanceof RealJoint) {	pending S6/S7 semantic disposition
src/app/model/mechanism/position-solver.ts	1949	boundaryMotion	legacy record	(joint): joint is RealJoint => joint instanceof RealJoint && joint.input	pending S6/S7 semantic disposition
src/app/model/mechanism/position-solver.ts	1952	boundaryMotion	point graph	const driven = new Set([input.id, ...input.connectedJoints.map((joint) => joint.id)]);	pending S6/S7 semantic disposition
src/app/model/mechanism/position-solver.ts	1953	boundaryMotion	legacy record	const sliding = input instanceof PrisJoint;	pending S6/S7 semantic disposition
src/app/model/mechanism/position-solver.ts	1961	boundaryMotion	legacy record	const held = joint instanceof RealJoint && joint.ground && !(joint instanceof PrisJoint);	pending S6/S7 semantic disposition
src/app/model/mechanism/position-solver.ts	2463	blockPartner	legacy record	private static blockPartner(joint: PrisJoint): RealJoint | undefined {	pending S6/S7 semantic disposition
src/app/model/mechanism/position-solver.ts	2464	blockPartner	point graph	for (const link of joint.links) {	pending S6/S7 semantic disposition
src/app/model/mechanism/position-solver.ts	2465	blockPartner	point graph	const partner = link.joints.find((candidate) => candidate.id !== joint.id);	pending S6/S7 semantic disposition
src/app/model/mechanism/position-solver.ts	2466	blockPartner	legacy record	if (partner instanceof RealJoint) {	pending S6/S7 semantic disposition
src/app/model/mechanism/position-solver.ts	2479	orderCoincidentBlock	legacy record	joint: RealJoint,	pending S6/S7 semantic disposition
src/app/model/mechanism/position-solver.ts	2483	orderCoincidentBlock	legacy record	if (!(joint instanceof PrisJoint)) {	pending S6/S7 semantic disposition
src/app/model/mechanism/position-solver.ts	2511	orderCarrierFromBlock	legacy record	joint: RealJoint,	pending S6/S7 semantic disposition
src/app/model/mechanism/position-solver.ts	2516	orderCarrierFromBlock	legacy record	if (!(candidate instanceof PrisJoint) || !candidate.isFloating) continue;	pending S6/S7 semantic disposition
src/app/model/mechanism/position-solver.ts	2522	orderCarrierFromBlock	point graph	if (!carrier.joints.some((member) => member.id === joint.id)) continue;	pending S6/S7 semantic disposition
src/app/model/mechanism/position-solver.ts	2548	orderCarrierFromBlock	point graph	const anchor = [slotA, slotB, ...carrier.joints].find(	pending S6/S7 semantic disposition
src/app/model/mechanism/position-solver.ts	2550	orderCarrierFromBlock	legacy record	!(member instanceof PrisJoint) && member.id !== candidate.id && known.includes(member.id)	pending S6/S7 semantic disposition
src/app/model/mechanism/position-solver.ts	2554	orderCarrierFromBlock	point graph	const targets = carrier.joints	pending S6/S7 semantic disposition
src/app/model/mechanism/position-solver.ts	2573	orderCarrierFromBlock	legacy record	if (placed instanceof RealJoint) {	pending S6/S7 semantic disposition
src/app/model/mechanism/position-solver.ts	2598	orderSlideAssembly	legacy record	joint: RealJoint,	pending S6/S7 semantic disposition
src/app/model/mechanism/position-solver.ts	2606	orderSlideAssembly	point graph	links.some((link) => link.id === id && link.joints.some((m) => m.id === joint.id))	pending S6/S7 semantic disposition
src/app/model/mechanism/position-solver.ts	2615	orderSlideAssembly	legacy record	(candidate): candidate is RealJoint =>	pending S6/S7 semantic disposition
src/app/model/mechanism/position-solver.ts	2616	orderSlideAssembly	legacy record	candidate instanceof RealJoint &&	pending S6/S7 semantic disposition
src/app/model/mechanism/position-solver.ts	2618	orderSlideAssembly	point graph	(link) => bodies.includes(link.id) && link.joints.some((m) => m.id === candidate.id)	pending S6/S7 semantic disposition
src/app/model/mechanism/position-solver.ts	2628	orderSlideAssembly	legacy record	// A grounded sliding joint is not that. "Grounded" on a PrisJoint means its	pending S6/S7 semantic disposition
src/app/model/mechanism/position-solver.ts	2635	orderSlideAssembly	legacy record	const movable = members.filter((member) => !member.ground || member instanceof PrisJoint);	pending S6/S7 semantic disposition
src/app/model/mechanism/position-solver.ts	2684	slideAssemblySource	legacy record	movable: RealJoint[],	pending S6/S7 semantic disposition
src/app/model/mechanism/position-solver.ts	2702	slideAssemblySource	legacy record	(candidate): candidate is PrisJoint =>	pending S6/S7 semantic disposition
src/app/model/mechanism/position-solver.ts	2703	slideAssemblySource	legacy record	candidate instanceof PrisJoint &&	pending S6/S7 semantic disposition
src/app/model/mechanism/position-solver.ts	2745	slideAssemblyByLink	legacy record	movable: RealJoint[],	pending S6/S7 semantic disposition
src/app/model/mechanism/position-solver.ts	2751	slideAssemblyByLink	legacy record	if (inside.has(link.id) || link instanceof SliderBlock) continue;	pending S6/S7 semantic disposition
src/app/model/mechanism/position-solver.ts	2752	slideAssemblyByLink	point graph	if (!link.joints.some((one) => one.id === member.id)) continue;	pending S6/S7 semantic disposition
src/app/model/mechanism/position-solver.ts	2753	slideAssemblyByLink	point graph	const reference = link.joints.find(	pending S6/S7 semantic disposition
src/app/model/mechanism/position-solver.ts	2900	orderRiderOnMovingSlot	legacy record	joint: RealJoint,	pending S6/S7 semantic disposition
src/app/model/mechanism/position-solver.ts	2904	orderRiderOnMovingSlot	point graph	const slider = joint.connectedJoints.find(	pending S6/S7 semantic disposition
src/app/model/mechanism/position-solver.ts	2905	orderRiderOnMovingSlot	legacy record	(candidate): candidate is PrisJoint => candidate instanceof PrisJoint && candidate.isFloating	pending S6/S7 semantic disposition
src/app/model/mechanism/position-solver.ts	2917	orderRiderOnMovingSlot	point graph	const reference = joint.connectedJoints.find(	pending S6/S7 semantic disposition
src/app/model/mechanism/position-solver.ts	2943	detJointOrder	legacy record	prevJoint: RealJoint,	pending S6/S7 semantic disposition
src/app/model/mechanism/position-solver.ts	2947	detJointOrder	point graph	prevJoint.connectedJoints.forEach((cur_joint) => {	pending S6/S7 semantic disposition
src/app/model/mechanism/position-solver.ts	2948	detJointOrder	legacy record	if (!(cur_joint instanceof RealJoint)) {	pending S6/S7 semantic disposition
src/app/model/mechanism/position-solver.ts	2957	detJointOrder	point graph	cur_joint.connectedJoints.forEach((j) => {	pending S6/S7 semantic disposition
src/app/model/mechanism/position-solver.ts	2958	detJointOrder	legacy record	if (j.constructor === PrisJoint) {	pending S6/S7 semantic disposition
src/app/model/mechanism/position-solver.ts	2963	detJointOrder	point graph	const sliderJoint = cur_joint.connectedJoints.find(	pending S6/S7 semantic disposition
src/app/model/mechanism/position-solver.ts	2964	detJointOrder	legacy record	(j): j is PrisJoint => j.constructor === PrisJoint	pending S6/S7 semantic disposition
src/app/model/mechanism/position-solver.ts	3035	detJointOrder	point graph	cur_joint.connectedJoints.forEach((tracer_joint) => {	pending S6/S7 semantic disposition
src/app/model/mechanism/position-solver.ts	3036	detJointOrder	legacy record	if (!(tracer_joint instanceof RevJoint)) {	pending S6/S7 semantic disposition
src/app/model/mechanism/position-solver.ts	3040	detJointOrder	legacy record	if (tracer_joint instanceof PrisJoint) {	pending S6/S7 semantic disposition
src/app/model/mechanism/position-solver.ts	3053	detJointOrder	point graph	l.joints.findIndex((l_joint) => l_joint.id === prevJoint.id) !== -1 &&	pending S6/S7 semantic disposition
src/app/model/mechanism/position-solver.ts	3054	detJointOrder	point graph	l.joints.findIndex((l_joint) => l_joint.id === cur_joint.id) !== -1	pending S6/S7 semantic disposition
src/app/model/mechanism/position-solver.ts	3064	detJointOrder	point graph	if (tracer_joint.links.findIndex((ll) => ll.id === desired_link.id) === -1) {	pending S6/S7 semantic disposition
src/app/model/mechanism/position-solver.ts	3096	findKnownJoint	legacy record	static findKnownJoint(joint: RealJoint, prev_joint: Joint, knownJointArray: string[]) {	pending S6/S7 semantic disposition
src/app/model/mechanism/position-solver.ts	3097	findKnownJoint	point graph	return joint.connectedJoints.find((jt) => {	pending S6/S7 semantic disposition
src/app/model/mechanism/position-solver.ts	3278	attemptPositionAnalysis	point graph	this.determineTracerForce(f.link.joints[0], f.link.joints[1], f, 'start');	pending S6/S7 semantic disposition
src/app/model/mechanism/position-solver.ts	3290	attemptPositionAnalysis	point graph	this.determineTracerForce(f.link.joints[0], f.link.joints[1], f, 'end');	pending S6/S7 semantic disposition
src/app/model/mechanism/position-solver.ts	3359	ridersAreInTheirSlots	legacy record	if (!(joint instanceof PrisJoint)) continue;	pending S6/S7 semantic disposition
src/app/model/mechanism/position-solver.ts	3718	setSlot	legacy record	private static setSlot(jointID: string, joint: PrisJoint, throughX: number, throughY: number) {	pending S6/S7 semantic disposition
src/app/model/mechanism/position-solver.ts	3738	shareOneBody	point graph; legacy record	joint instanceof RealJoint ? joint.links.filter((link) => link instanceof RealLink) : []	pending S6/S7 semantic disposition
src/app/model/mechanism/position-solver.ts	3809	setUpSolvingForces	point graph	const joint1 = f.link.joints[0];	pending S6/S7 semantic disposition
src/app/model/mechanism/position-solver.ts	3810	setUpSolvingForces	point graph	const joint2 = f.link.joints[1];	pending S6/S7 semantic disposition
src/app/model/mechanism/readiness.ts	1	<module>	legacy record	import { Joint, PrisJoint, RealJoint } from '../joint';	pending S6/S7 semantic disposition
src/app/model/mechanism/readiness.ts	54	<module>	legacy record	joints.map((joint) => (joint as RealJoint).name || joint.id).join(', ');	pending S6/S7 semantic disposition
src/app/model/mechanism/readiness.ts	75	readinessOf	point graph	const dangling = partition.joints.filter(	pending S6/S7 semantic disposition
src/app/model/mechanism/readiness.ts	76	readinessOf	legacy record	(joint) => joint instanceof PrisJoint && joint.isDangling	pending S6/S7 semantic disposition
src/app/model/mechanism/readiness.ts	103	readinessOf	legacy record	joint instanceof RealJoint &&	pending S6/S7 semantic disposition
src/app/model/mechanism/readiness.ts	104	readinessOf	legacy record	!(joint instanceof PrisJoint) &&	pending S6/S7 semantic disposition
src/app/model/mechanism/readiness.ts	106	readinessOf	point graph	joint.links.length === 1 &&	pending S6/S7 semantic disposition
src/app/model/mechanism/readiness.ts	107	readinessOf	point graph	joint.links[0].joints.length <= 2	pending S6/S7 semantic disposition
src/app/model/mechanism/readiness.ts	124	readinessOf	legacy record	(joint) => joint instanceof RealJoint && joint.isWelded	pending S6/S7 semantic disposition
src/app/model/mechanism/readiness.ts	141	readinessOf	legacy record	(joint) => joint instanceof RealJoint && canDrive(joint)	pending S6/S7 semantic disposition
src/app/model/mechanism/readiness.ts	147	readinessOf	legacy record	? `There is no time to solve against until one joint is driven. Right-click joint ${(candidate as RealJoint).name || candidate.id} and switch on Driven Input.`	pending S6/S7 semantic disposition
src/app/model/mechanism/readiness.ts	229	readinessOf	legacy record	const driven = partition.ownJoints.find((joint) => joint instanceof RealJoint && joint.input);	pending S6/S7 semantic disposition
src/app/model/mechanism/readiness.ts	283	factsOf	legacy record	const driven = partition.ownJoints.find((joint) => joint instanceof RealJoint && joint.input) as	pending S6/S7 semantic disposition
src/app/model/mechanism/readiness.ts	284	factsOf	legacy record	RealJoint | undefined;	pending S6/S7 semantic disposition
src/app/model/mechanism/readiness.ts	285	factsOf	point graph	const moving = partition.links.length;	pending S6/S7 semantic disposition
src/app/model/mechanism/readiness.ts	350	describeUnassigned	point graph	const sorted = [...chain.joints].sort((a, b) => a.id.localeCompare(b.id));	pending S6/S7 semantic disposition
src/app/model/mechanism/readiness.ts	368	describeUnassigned	legacy record	title: `Joint ${(joint as RealJoint).name || joint.id} has no link`,	pending S6/S7 semantic disposition
src/app/model/object-scale.ts	2	<module>	scale boundary	import { MODEL_SCALE } from './render-scale';	pending S6/S7 semantic disposition
src/app/model/object-scale.ts	18	<module>	scale boundary	export const DEFAULT_OBJECT_SCALE = 0.7 * MODEL_SCALE;	pending S6/S7 semantic disposition
src/app/model/object-scale.ts	20	<module>	scale boundary	export const OBJECT_SCALE = new BehaviorSubject(DEFAULT_OBJECT_SCALE);	pending S6/S7 semantic disposition
src/app/model/render-scale.ts	20	<module>	scale boundary	*  - URL codec: decode multiplies every coordinate by MODEL_SCALE, encode	pending S6/S7 semantic disposition
src/app/model/render-scale.ts	24	<module>	scale boundary	*    MODEL_SCALE for display and multiply typed values back.	pending S6/S7 semantic disposition
src/app/model/render-scale.ts	26	<module>	scale boundary	*    are multiplied by MODEL_SCALE at their definition.	pending S6/S7 semantic disposition
src/app/model/render-scale.ts	30	<module>	scale boundary	export const MODEL_SCALE = 200;	pending S6/S7 semantic disposition
src/app/model/rigid-bodies.ts	18	sharedJointCount	point graph	return a.joints.filter((joint) => b.joints.some((other) => other.id === joint.id)).length;	pending S6/S7 semantic disposition
src/app/model/rigid-bodies.ts	88	redundantlyHeldJointSets	point graph	const shared = bodies[i].joints	pending S6/S7 semantic disposition
src/app/model/rigid-bodies.ts	89	redundantlyHeldJointSets	point graph	.filter((joint) => bodies[j].joints.some((other) => other.id === joint.id))	pending S6/S7 semantic disposition
src/app/model/selection-closure.ts	9	<module>	legacy record	import { Joint, PrisJoint, RealJoint } from './joint';	pending S6/S7 semantic disposition
src/app/model/selection-closure.ts	11	<module>	legacy record	import { Link, RealLink, SliderBlock } from './link';	pending S6/S7 semantic disposition
src/app/model/selection-closure.ts	29	containsLink	point graph; legacy record	(root instanceof RealLink && root.subset.some((leaf) => containsLink(leaf, wanted)))	pending S6/S7 semantic disposition
src/app/model/selection-closure.ts	47	canonicalSelectionClosure	point graph	const cylinders = sealedCylinderStructures([...joints]);	pending S6/S7 semantic disposition
src/app/model/selection-closure.ts	64	canonicalSelectionClosure	point graph	link.joints.forEach(addJoint);	pending S6/S7 semantic disposition
src/app/model/selection-closure.ts	65	canonicalSelectionClosure	point graph; legacy record	if (link instanceof RealLink) link.subset.forEach(addLink);	pending S6/S7 semantic disposition
src/app/model/selection-closure.ts	78	canonicalSelectionClosure	legacy record	if (part instanceof RealLink) {	pending S6/S7 semantic disposition
src/app/model/selection-closure.ts	80	canonicalSelectionClosure	legacy record	if (root instanceof RealLink) addPart(root);	pending S6/S7 semantic disposition
src/app/model/selection-closure.ts	106	canonicalSelectionClosure	legacy record	if (!(joint instanceof RealJoint)) return;	pending S6/S7 semantic disposition
src/app/model/selection-closure.ts	107	canonicalSelectionClosure	point graph	joint.links	pending S6/S7 semantic disposition
src/app/model/selection-closure.ts	108	canonicalSelectionClosure	legacy record	.filter((link): link is SliderBlock => link instanceof SliderBlock)	pending S6/S7 semantic disposition
src/app/model/selection-closure.ts	114	canonicalSelectionClosure	legacy record	.filter((joint): joint is PrisJoint => joint instanceof PrisJoint && joint.isFloating)	pending S6/S7 semantic disposition
src/app/model/selection-closure.ts	120	canonicalSelectionClosure	point graph	slider.links	pending S6/S7 semantic disposition
src/app/model/selection-closure.ts	121	canonicalSelectionClosure	legacy record	.filter((link): link is SliderBlock => link instanceof SliderBlock)	pending S6/S7 semantic disposition
src/app/model/selection-closure.ts	127	canonicalSelectionClosure	point graph	const frozen = frozenJointIds([...joints], [...links], cylinders);	pending S6/S7 semantic disposition
src/app/model/selection-transform.ts	3	<module>	legacy record	import { Joint, PrisJoint } from './joint';	pending S6/S7 semantic disposition
src/app/model/selection-transform.ts	4	<module>	legacy record	import { Link, RealLink } from './link';	pending S6/S7 semantic disposition
src/app/model/selection-transform.ts	38	<module>	legacy record	link: RealLink;	pending S6/S7 semantic disposition
src/app/model/selection-transform.ts	75	postOrderRealLinks	legacy record	function postOrderRealLinks(links: readonly Link[]): RealLink[] {	pending S6/S7 semantic disposition
src/app/model/selection-transform.ts	76	postOrderRealLinks	legacy record	const ordered: RealLink[] = [];	pending S6/S7 semantic disposition
src/app/model/selection-transform.ts	77	postOrderRealLinks	legacy record	const seen = new Set<RealLink>();	pending S6/S7 semantic disposition
src/app/model/selection-transform.ts	79	postOrderRealLinks	legacy record	if (!(link instanceof RealLink) || seen.has(link)) return;	pending S6/S7 semantic disposition
src/app/model/selection-transform.ts	81	postOrderRealLinks	point graph	link.subset.forEach(visit);	pending S6/S7 semantic disposition
src/app/model/selection-transform.ts	97	<module>	legacy record	private readonly groundedSlotAngles = new Map<PrisJoint, number>();	pending S6/S7 semantic disposition
src/app/model/selection-transform.ts	99	<module>	legacy record	private readonly visualOrder: RealLink[];	pending S6/S7 semantic disposition
src/app/model/selection-transform.ts	108	constructor	point graph	closure.joints.forEach((joint) => this.jointStarts.set(joint.id, { x: joint.x, y: joint.y }));	pending S6/S7 semantic disposition
src/app/model/selection-transform.ts	109	constructor	point graph	closure.joints	pending S6/S7 semantic disposition
src/app/model/selection-transform.ts	110	constructor	legacy record	.filter((joint): joint is PrisJoint => joint instanceof PrisJoint && !joint.isFloating)	pending S6/S7 semantic disposition
src/app/model/selection-transform.ts	112	constructor	point graph	const xs = closure.joints.map((joint) => joint.x);	pending S6/S7 semantic disposition
src/app/model/selection-transform.ts	113	constructor	point graph	const ys = closure.joints.map((joint) => joint.y);	pending S6/S7 semantic disposition
src/app/model/selection-transform.ts	127	constructor	point graph	from: link.joints.slice(0, 2).map((joint) => ({ x: joint.x, y: joint.y })),	pending S6/S7 semantic disposition
src/app/model/selection-transform.ts	141	constructor	point graph	link.joints.length > 0 && link.joints.every((joint) => this.jointIds.has(joint.id)),	pending S6/S7 semantic disposition
src/app/model/selection-transform.ts	181	apply	point graph	this.closure.joints.forEach((joint) => {	pending S6/S7 semantic disposition
src/app/model/selection-transform.ts	198	apply	point graph	.filter((link) => link.joints.some((joint) => this.jointIds.has(joint.id)))	pending S6/S7 semantic disposition
src/app/model/selection-transform.ts	207	applyBody	point graph	if (!body.link.joints.some((joint) => this.jointIds.has(joint.id))) return;	pending S6/S7 semantic disposition
src/app/model/selection-transform.ts	209	applyBody	point graph	body.allJointsMove ? mapPoint(point) : pointThroughFrame(point, body.from, body.link.joints);	pending S6/S7 semantic disposition
src/app/model/selection-transform.ts	218	applyBody	point graph; legacy record	: RealLink.determineCenterOfMass(body.link.joints);	pending S6/S7 semantic disposition
src/app/model/selection.ts	2	<module>	legacy record	import { Joint, RealJoint } from './joint';	pending S6/S7 semantic disposition
src/app/model/selection.ts	3	<module>	legacy record	import { Link, RealLink } from './link';	pending S6/S7 semantic disposition
src/app/model/selection.ts	15	<module>	legacy record	export type SelectedPart = RealJoint | RealLink | Force;	pending S6/S7 semantic disposition
src/app/model/selection.ts	33	partRef	legacy record	kind: part instanceof RealJoint ? 'joint' : part instanceof Force ? 'force' : 'link',	pending S6/S7 semantic disposition
src/app/model/selection.ts	55	selectableLinks	legacy record	export function selectableLinks(links: Link[]): RealLink[] {	pending S6/S7 semantic disposition
src/app/model/selection.ts	56	selectableLinks	legacy record	const found: RealLink[] = [];	pending S6/S7 semantic disposition
src/app/model/selection.ts	57	selectableLinks	legacy record	const seen = new Set<RealLink>();	pending S6/S7 semantic disposition
src/app/model/selection.ts	59	selectableLinks	legacy record	if (!(link instanceof RealLink) || seen.has(link)) return;	pending S6/S7 semantic disposition
src/app/model/selection.ts	62	selectableLinks	point graph	link.subset.forEach(visit);	pending S6/S7 semantic disposition
src/app/model/selection.ts	76	resolveSelectedParts	legacy record	.filter((joint): joint is RealJoint => joint instanceof RealJoint)	pending S6/S7 semantic disposition
src/app/model/selection.ts	79	resolveSelectedParts	point graph	const linkById = new Map(selectableLinks([...links]).map((link) => [link.id, link]));	pending S6/S7 semantic disposition
src/app/model/slide-assembly.ts	1	<module>	legacy record	import { Joint, PrisJoint, RealJoint } from './joint';	pending S6/S7 semantic disposition
src/app/model/slide-assembly.ts	2	<module>	legacy record	import { Link, RealLink, SliderBlock } from './link';	pending S6/S7 semantic disposition
src/app/model/slide-assembly.ts	9	<module>	legacy record	* certain way, and `isWelded` on the RevJoint is the only record of it. Eight	pending S6/S7 semantic disposition
src/app/model/slide-assembly.ts	16	<module>	legacy record	/** The welded RevJoint that binds rider to block. */	pending S6/S7 semantic disposition
src/app/model/slide-assembly.ts	17	<module>	legacy record	weldJoint: RealJoint;	pending S6/S7 semantic disposition
src/app/model/slide-assembly.ts	19	<module>	legacy record	block: SliderBlock;	pending S6/S7 semantic disposition
src/app/model/slide-assembly.ts	21	<module>	legacy record	slider: PrisJoint;	pending S6/S7 semantic disposition
src/app/model/slide-assembly.ts	23	<module>	legacy record	* Every RealLink the weld holds rigid. Exactly one once the mechanism has	pending S6/S7 semantic disposition
src/app/model/slide-assembly.ts	26	<module>	legacy record	riders: RealLink[];	pending S6/S7 semantic disposition
src/app/model/slide-assembly.ts	46	resolveStructure	legacy record	): (Omit<SlideAssembly, 'weldJoint'> & { weldJoint: RealJoint }) | undefined {	pending S6/S7 semantic disposition
src/app/model/slide-assembly.ts	47	resolveStructure	legacy record	// The weld belongs to the pin, not the sliding joint. A PrisJoint carrying	pending S6/S7 semantic disposition
src/app/model/slide-assembly.ts	49	resolveStructure	legacy record	if (!(joint instanceof RealJoint) || joint instanceof PrisJoint) {	pending S6/S7 semantic disposition
src/app/model/slide-assembly.ts	52	resolveStructure	point graph; legacy record	const blocks = joint.links.filter((link): link is SliderBlock => link instanceof SliderBlock);	pending S6/S7 semantic disposition
src/app/model/slide-assembly.ts	58	resolveStructure	legacy record	// §2.10 item 1: the block joins exactly this joint to exactly one PrisJoint.	pending S6/S7 semantic disposition
src/app/model/slide-assembly.ts	62	resolveStructure	point graph	if (block.joints.length !== 2 || !block.joints.includes(joint)) {	pending S6/S7 semantic disposition
src/app/model/slide-assembly.ts	65	resolveStructure	point graph; legacy record	const sliders = block.joints.filter((member): member is PrisJoint => member instanceof PrisJoint);	pending S6/S7 semantic disposition
src/app/model/slide-assembly.ts	69	resolveStructure	point graph; legacy record	const riders = joint.links.filter((link): link is RealLink => link instanceof RealLink);	pending S6/S7 semantic disposition
src/app/model/slide-assembly.ts	89	slideAssemblyAt	legacy record	if (!(joint instanceof RealJoint) || !joint.isWelded) {	pending S6/S7 semantic disposition
src/app/model/tutorial-steps.ts	1	<module>	legacy record	import { Joint, RealJoint } from './joint';	pending S6/S7 semantic disposition
src/app/model/tutorial-steps.ts	23	<module>	legacy record	target?: RealJoint;	pending S6/S7 semantic disposition
src/app/model/tutorial-steps.ts	25	<module>	legacy record	alsoTarget?: RealJoint;	pending S6/S7 semantic disposition
src/app/model/tutorial-steps.ts	30	<module>	legacy record	const real = (joints: Joint[]): RealJoint[] =>	pending S6/S7 semantic disposition
src/app/model/tutorial-steps.ts	31	<module>	legacy record	joints.filter((joint): joint is RealJoint => joint instanceof RealJoint);	pending S6/S7 semantic disposition
src/app/model/tutorial-steps.ts	39	endJoints	legacy record	export function endJoints(joints: Joint[]): RealJoint[] {	pending S6/S7 semantic disposition
src/app/model/tutorial-steps.ts	40	endJoints	point graph	return real(joints).filter((joint) => joint.links.length === 1);	pending S6/S7 semantic disposition
src/app/model/tutorial-steps.ts	63	chainedLinks	point graph	for (const joint of link.joints) {	pending S6/S7 semantic disposition
src/app/model/tutorial-steps.ts	64	chainedLinks	legacy record	if (!(joint instanceof RealJoint)) continue;	pending S6/S7 semantic disposition
src/app/model/tutorial-steps.ts	65	chainedLinks	point graph	for (const neighbor of joint.links) {	pending S6/S7 semantic disposition
src/app/model/tutorial-steps.ts	85	chainJoints	legacy record	function chainJoints(chain: Link[]): RealJoint[] {	pending S6/S7 semantic disposition
src/app/model/tutorial-steps.ts	86	chainJoints	legacy record	const joints = new Set<RealJoint>();	pending S6/S7 semantic disposition
src/app/model/tutorial-steps.ts	87	chainJoints	point graph	for (const link of chain) for (const joint of real(link.joints)) joints.add(joint);	pending S6/S7 semantic disposition
src/app/model/tutorial-steps.ts	88	chainJoints	point graph	return [...joints];	pending S6/S7 semantic disposition
src/app/model/tutorial-steps.ts	101	groundedAnchors	legacy record	function groundedAnchors(own: RealJoint[]): RealJoint[] {	pending S6/S7 semantic disposition
src/app/model/tutorial-steps.ts	102	groundedAnchors	point graph	const ends = own.filter((joint) => joint.links.length === 1);	pending S6/S7 semantic disposition
src/app/model/tutorial-steps.ts	106	<module>	legacy record	const nameOf = (joint: RealJoint): string => joint.name || joint.id;	pending S6/S7 semantic disposition
src/app/model/tutorial-steps.ts	144	progressAt	point graph	const ends = own.filter((joint) => joint.links.length === 1);	pending S6/S7 semantic disposition
src/app/model/tutorial-steps.ts	178	readableJoints	legacy record	export function readableJoints(joints: Joint[]): RealJoint[] {	pending S6/S7 semantic disposition
src/app/selected-tab.service.ts	4	<module>	legacy authority	import { MechanismService } from './services/mechanism.service';	pending S6/S7 semantic disposition
src/app/selected-tab.service.ts	6	<module>	legacy authority	import { ActiveObjService } from 'src/app/services/active-obj.service';	pending S6/S7 semantic disposition
src/app/selected-tab.service.ts	23	<module>	legacy authority	private mechanism = inject(MechanismService);	pending S6/S7 semantic disposition
src/app/selected-tab.service.ts	24	<module>	legacy authority	private activeObjService = inject(ActiveObjService);	pending S6/S7 semantic disposition
src/app/services/active-obj.service.ts	3	<module>	legacy record	import { Joint, RealJoint } from '../model/joint';	pending S6/S7 semantic disposition
src/app/services/active-obj.service.ts	4	<module>	legacy record	import { Link, RealLink } from '../model/link';	pending S6/S7 semantic disposition
src/app/services/active-obj.service.ts	29	<module>	legacy authority	export class ActiveObjService {	pending S6/S7 semantic disposition
src/app/services/active-obj.service.ts	31	<module>	legacy record	selectedJoint!: RealJoint;	pending S6/S7 semantic disposition
src/app/services/active-obj.service.ts	32	<module>	legacy record	prevSelectedJoint!: RealJoint;	pending S6/S7 semantic disposition
src/app/services/active-obj.service.ts	34	<module>	legacy record	selectedLink!: RealLink;	pending S6/S7 semantic disposition
src/app/services/active-obj.service.ts	38	<module>	legacy authority	* Which machine is selected, by its place in MechanismService.partitions.	pending S6/S7 semantic disposition
src/app/services/active-obj.service.ts	84	<module>	legacy record	joint: RealJoint;	pending S6/S7 semantic disposition
src/app/services/active-obj.service.ts	85	<module>	legacy record	link: RealLink;	pending S6/S7 semantic disposition
src/app/services/active-obj.service.ts	115	graphJoint	legacy record	get graphJoint(): RealJoint {	pending S6/S7 semantic disposition
src/app/services/active-obj.service.ts	119	graphLink	legacy record	get graphLink(): RealLink {	pending S6/S7 semantic disposition
src/app/services/active-obj.service.ts	127	getSelectedObj	legacy record	getSelectedObj(): RealJoint | Force | RealLink {	pending S6/S7 semantic disposition
src/app/services/active-obj.service.ts	188	updateSelectedObj	legacy record	} else if (newActiveObj instanceof RealJoint) {	pending S6/S7 semantic disposition
src/app/services/active-obj.service.ts	191	updateSelectedObj	legacy record	} else if (newActiveObj instanceof RealLink) {	pending S6/S7 semantic disposition
src/app/services/active-obj.service.ts	280	syncPartSelection	legacy record	if (part instanceof RealJoint) this.selectedJoint = part;	pending S6/S7 semantic disposition
src/app/services/active-obj.service.ts	285	syncPartSelection	legacy record	if (primaryPart instanceof RealJoint) this.selectedJoint = primaryPart;	pending S6/S7 semantic disposition
src/app/services/active-obj.service.ts	286	syncPartSelection	legacy record	else if (primaryPart instanceof RealLink) this.selectedLink = primaryPart;	pending S6/S7 semantic disposition
src/app/services/active-obj.service.ts	294	syncPartSelection	legacy record	: only instanceof RealJoint	pending S6/S7 semantic disposition
src/app/services/analysis-compare.service.ts	4	<module>	legacy authority	import { ActiveObjService } from './active-obj.service';	pending S6/S7 semantic disposition
src/app/services/analysis-compare.service.ts	5	<module>	legacy authority	import { MechanismService } from './mechanism.service';	pending S6/S7 semantic disposition
src/app/services/analysis-compare.service.ts	45	<module>	legacy authority	private active = inject(ActiveObjService);	pending S6/S7 semantic disposition
src/app/services/analysis-compare.service.ts	46	<module>	legacy authority	private mechanism = inject(MechanismService);	pending S6/S7 semantic disposition
src/app/services/analysis-sample.service.ts	7	<module>	scale boundary	import { MODEL_SCALE } from '../model/render-scale';	pending S6/S7 semantic disposition
src/app/services/analysis-sample.service.ts	134	forceSample	scale boundary	// A torque's moment arms are internal model lengths (MODEL_SCALE times	pending S6/S7 semantic disposition
src/app/services/analysis-sample.service.ts	141	forceSample	scale boundary	(isForce ? 1 : MODEL_SCALE),	pending S6/S7 semantic disposition
src/app/services/analysis-sample.service.ts	162	kinematicSample	point graph	const joints = mechanism.joints[index];	pending S6/S7 semantic disposition
src/app/services/analysis-sample.service.ts	163	kinematicSample	point graph	const links = mechanism.links[index];	pending S6/S7 semantic disposition
src/app/services/analysis-sample.service.ts	167	kinematicSample	scale boundary	// internal model value divides by MODEL_SCALE for display in the user's	pending S6/S7 semantic disposition
src/app/services/analysis-sample.service.ts	171	kinematicSample	scale boundary	return [(joint?.x ?? Number.NaN) / MODEL_SCALE, (joint?.y ?? Number.NaN) / MODEL_SCALE];	pending S6/S7 semantic disposition
src/app/services/analysis-sample.service.ts	239	solve	point graph	mechanism.joints[index],	pending S6/S7 semantic disposition
src/app/services/analysis-sample.service.ts	240	solve	point graph	mechanism.links[index],	pending S6/S7 semantic disposition
src/app/services/analysis-sample.service.ts	253	scaledVector	scale boundary	const x = rawX / MODEL_SCALE;	pending S6/S7 semantic disposition
src/app/services/analysis-sample.service.ts	254	scaledVector	scale boundary	const y = rawY / MODEL_SCALE;	pending S6/S7 semantic disposition
src/app/services/background-image.service.ts	2	<module>	scale boundary	import { MODEL_SCALE } from '../model/render-scale';	pending S6/S7 semantic disposition
src/app/services/background-image.service.ts	10	<module>	scale boundary	* Everything here is in internal model units (see MODEL_SCALE), the same units	pending S6/S7 semantic disposition
src/app/services/background-image.service.ts	64	<module>	scale boundary	export const MIN_WIDTH = 0.05 * MODEL_SCALE;	pending S6/S7 semantic disposition
src/app/services/background-image.service.ts	218	placeInCentimeters	scale boundary	this.nup.convertLength(value, LengthUnit.CM, unit) * MODEL_SCALE;	pending S6/S7 semantic disposition
src/app/services/canvas-handle.ts	1	<module>	legacy record	import type { RealJoint } from '../model/joint';	pending S6/S7 semantic disposition
src/app/services/canvas-handle.ts	6	<module>	legacy authority	* `SvgGridService` and `EditPanelComponent` used to reach `NewGridComponent`	pending S6/S7 semantic disposition
src/app/services/canvas-handle.ts	43	<module>	legacy record	setLinkLengthOverlay(index: number, others: readonly RealJoint[]): void;	pending S6/S7 semantic disposition
src/app/services/canvas-handle.ts	44	<module>	legacy record	setLinkAngleOverlay(index: number, others: readonly RealJoint[]): void;	pending S6/S7 semantic disposition
src/app/services/canvas-handle.ts	55	canvasHandle	canvas registration	export function canvasHandle(): CanvasHandle | undefined {	pending S6/S7 semantic disposition
src/app/services/context-menu-builder.service.ts	12	<module>	legacy record	import { Joint, PrisJoint, RealJoint } from '../model/joint';	pending S6/S7 semantic disposition
src/app/services/context-menu-builder.service.ts	13	<module>	legacy record	import { Link, RealLink, SliderBlock } from '../model/link';	pending S6/S7 semantic disposition
src/app/services/context-menu-builder.service.ts	19	<module>	legacy authority	import { MechanismService } from './mechanism.service';	pending S6/S7 semantic disposition
src/app/services/context-menu-builder.service.ts	20	<module>	legacy authority	import { GridUtilsService } from './grid-utils.service';	pending S6/S7 semantic disposition
src/app/services/context-menu-builder.service.ts	22	<module>	legacy authority	import { ActiveObjService } from './active-obj.service';	pending S6/S7 semantic disposition
src/app/services/context-menu-builder.service.ts	37	<module>	legacy record	attachForce(onLink: RealLink): void;	pending S6/S7 semantic disposition
src/app/services/context-menu-builder.service.ts	72	<module>	legacy authority	private mechanism = inject(MechanismService);	pending S6/S7 semantic disposition
src/app/services/context-menu-builder.service.ts	73	<module>	legacy authority	private gridUtils = inject(GridUtilsService);	pending S6/S7 semantic disposition
src/app/services/context-menu-builder.service.ts	77	<module>	legacy authority	private activeObj = inject(ActiveObjService);	pending S6/S7 semantic disposition
src/app/services/context-menu-builder.service.ts	101	buildFor	legacy record	(target instanceof RealJoint || target instanceof RealLink || target instanceof Force) &&	pending S6/S7 semantic disposition
src/app/services/context-menu-builder.service.ts	180	selectionSubtitle	legacy record	[parts.filter((part) => part instanceof RealJoint).length, 'joint', 'joints'],	pending S6/S7 semantic disposition
src/app/services/context-menu-builder.service.ts	181	selectionSubtitle	legacy record	[parts.filter((part) => part instanceof RealLink).length, 'link', 'links'],	pending S6/S7 semantic disposition
src/app/services/context-menu-builder.service.ts	203	selectionStateRows	legacy record	const joints = parts.filter((part): part is RealJoint => part instanceof RealJoint);	pending S6/S7 semantic disposition
src/app/services/context-menu-builder.service.ts	204	selectionStateRows	legacy record	const links = parts.filter((part): part is RealLink => part instanceof RealLink);	pending S6/S7 semantic disposition
src/app/services/context-menu-builder.service.ts	441	forJoint	legacy record	if (!(joint instanceof RealJoint)) return { header, groups: [] };	pending S6/S7 semantic disposition
src/app/services/context-menu-builder.service.ts	467	jointAttachRows	legacy record	private jointAttachRows(joint: RealJoint, handlers: MenuHandlers): MenuRow[] {	pending S6/S7 semantic disposition
src/app/services/context-menu-builder.service.ts	516	jointAttachRows	point graph; legacy record	const bars = joint.links.filter((link): link is RealLink => link instanceof RealLink);	pending S6/S7 semantic disposition
src/app/services/context-menu-builder.service.ts	552	jointStateRows	legacy record	private jointStateRows(joint: RealJoint): MenuRow[] {	pending S6/S7 semantic disposition
src/app/services/context-menu-builder.service.ts	608	groundedNow	legacy record	private groundedNow(joint: RealJoint): boolean {	pending S6/S7 semantic disposition
src/app/services/context-menu-builder.service.ts	610	groundedNow	legacy record	return (this.gridUtils.getSliderJoint(joint) as RealJoint).ground;	pending S6/S7 semantic disposition
src/app/services/context-menu-builder.service.ts	616	inputRefusal	legacy record	private inputRefusal(joint: RealJoint): MenuRefusal | undefined {	pending S6/S7 semantic disposition
src/app/services/context-menu-builder.service.ts	619	inputRefusal	legacy record	? (this.gridUtils.getSliderJoint(joint) as RealJoint)	pending S6/S7 semantic disposition
src/app/services/context-menu-builder.service.ts	631	traceRow	legacy record	private traceRow(joint: RealJoint): MenuRow {	pending S6/S7 semantic disposition
src/app/services/context-menu-builder.service.ts	652	vectorRows	legacy record	private vectorRows(part: RealJoint | RealLink): MenuRow[] {	pending S6/S7 semantic disposition
src/app/services/context-menu-builder.service.ts	654	vectorRows	legacy record	if (part instanceof RealJoint) quantities.push('force');	pending S6/S7 semantic disposition
src/app/services/context-menu-builder.service.ts	658	vectorRow	legacy record	private vectorRow(part: RealJoint | RealLink, quantity: VectorQuantity): MenuRow {	pending S6/S7 semantic disposition
src/app/services/context-menu-builder.service.ts	681	vectorSwitchRefusal	legacy record	part: RealJoint | RealLink,	pending S6/S7 semantic disposition
src/app/services/context-menu-builder.service.ts	696	drawingSwitches	legacy record	drawingSwitches(part: RealJoint | RealLink): DrawingSwitch[] {	pending S6/S7 semantic disposition
src/app/services/context-menu-builder.service.ts	702	drawingSwitches	legacy record	part instanceof RealJoint	pending S6/S7 semantic disposition
src/app/services/context-menu-builder.service.ts	712	drawingSwitches	legacy record	part instanceof RealJoint || quantity !== 'force'	pending S6/S7 semantic disposition
src/app/services/context-menu-builder.service.ts	741	deleteJointRow	legacy record	private deleteJointRow(joint: RealJoint, sealed: Cylinder | undefined): MenuRow {	pending S6/S7 semantic disposition
src/app/services/context-menu-builder.service.ts	766	deleteJointLabel	legacy record	private deleteJointLabel(joint: RealJoint, sealed: Cylinder | undefined): string {	pending S6/S7 semantic disposition
src/app/services/context-menu-builder.service.ts	777	deleteJointLabel	legacy record	.filter((link) => !(link instanceof SliderBlock) && !inside.has(link.id));	pending S6/S7 semantic disposition
src/app/services/context-menu-builder.service.ts	815	jointSubtitle	point graph; legacy record	const bodies = joint instanceof RealJoint ? joint.links : [];	pending S6/S7 semantic disposition
src/app/services/context-menu-builder.service.ts	816	jointSubtitle	point graph	const holding = heldBarsAt(joint, this.mechanism.links, this.mechanism.sealedStructures());	pending S6/S7 semantic disposition
src/app/services/context-menu-builder.service.ts	832	jointKind	legacy record	if (joint instanceof PrisJoint) return 'Slider';	pending S6/S7 semantic disposition
src/app/services/context-menu-builder.service.ts	834	jointKind	legacy record	if (joint instanceof RealJoint && joint.isWelded) return 'Welded';	pending S6/S7 semantic disposition
src/app/services/context-menu-builder.service.ts	835	jointKind	legacy record	if (joint instanceof RealJoint && joint.input) return 'Driven pin';	pending S6/S7 semantic disposition
src/app/services/context-menu-builder.service.ts	836	jointKind	legacy record	if (joint instanceof RealJoint && joint.ground) return 'Ground pin';	pending S6/S7 semantic disposition
src/app/services/context-menu-builder.service.ts	884	forLink	legacy record	...this.cylinderHoldRows(link as RealLink),	pending S6/S7 semantic disposition
src/app/services/context-menu-builder.service.ts	885	forLink	legacy record	this.lockRow(link as RealLink, undefined),	pending S6/S7 semantic disposition
src/app/services/context-menu-builder.service.ts	888	forLink	legacy record	{ label: 'Traces', rows: this.vectorRows(link as RealLink) },	pending S6/S7 semantic disposition
src/app/services/context-menu-builder.service.ts	910	forLink	legacy record	if (!(link instanceof RealLink)) {	pending S6/S7 semantic disposition
src/app/services/context-menu-builder.service.ts	926	linkAttachRows	legacy record	private linkAttachRows(link: RealLink, handlers: MenuHandlers): MenuRow[] {	pending S6/S7 semantic disposition
src/app/services/context-menu-builder.service.ts	991	linkStateRows	legacy record	private linkStateRows(link: RealLink): MenuRow[] {	pending S6/S7 semantic disposition
src/app/services/context-menu-builder.service.ts	1028	cylinderHoldRows	legacy record	private cylinderHoldRows(link: RealLink): MenuRow[] {	pending S6/S7 semantic disposition
src/app/services/context-menu-builder.service.ts	1049	cylinderAngle	legacy record	private cylinderAngle(link: RealLink): string {	pending S6/S7 semantic disposition
src/app/services/context-menu-builder.service.ts	1062	holdRows	legacy record	private holdRows(link: RealLink): MenuRow[] {	pending S6/S7 semantic disposition
src/app/services/context-menu-builder.service.ts	1109	lengthOf	legacy record	private lengthOf(link: RealLink): string {	pending S6/S7 semantic disposition
src/app/services/context-menu-builder.service.ts	1110	lengthOf	point graph	const [a, b] = link.joints;	pending S6/S7 semantic disposition
src/app/services/context-menu-builder.service.ts	1118	angleOf	legacy record	private angleOf(link: RealLink): string {	pending S6/S7 semantic disposition
src/app/services/context-menu-builder.service.ts	1119	angleOf	point graph	const [a, b] = link.joints;	pending S6/S7 semantic disposition
src/app/services/context-menu-builder.service.ts	1130	deleteLinkRow	legacy record	private deleteLinkRow(link: RealLink): MenuRow {	pending S6/S7 semantic disposition
src/app/services/context-menu-builder.service.ts	1156	linkSubtitle	legacy record	if (!sealed && !(link instanceof RealLink)) {	pending S6/S7 semantic disposition
src/app/services/context-menu-builder.service.ts	1157	linkSubtitle	point graph	const joints = link.joints.map((joint) => this.nameOf(joint)).join(', ');	pending S6/S7 semantic disposition
src/app/services/context-menu-builder.service.ts	1166	linkSubtitle	legacy record	const bar = link as RealLink;	pending S6/S7 semantic disposition
src/app/services/context-menu-builder.service.ts	1170	linkSubtitle	point graph	const kind = bar.subset.length > 0 ? 'Compound' : bar.joints.length > 2 ? 'Body' : 'Bar';	pending S6/S7 semantic disposition
src/app/services/context-menu-builder.service.ts	1171	linkSubtitle	point graph	const joints = bar.joints.map((joint) => this.nameOf(joint)).join(', ');	pending S6/S7 semantic disposition
src/app/services/context-menu-builder.service.ts	1259	<module>	legacy authority	* passes locks by — see `MechanismService.deleteMechanism` — so the row says	pending S6/S7 semantic disposition
src/app/services/context-menu-builder.service.ts	1295	lockRow	legacy record	private lockRow(target: RealJoint | RealLink | Force, joint: RealJoint | undefined): MenuRow {	pending S6/S7 semantic disposition
src/app/services/context-menu-builder.service.ts	1314	heldRefusal	legacy record	private heldRefusal(joint: RealJoint): MenuRefusal | undefined {	pending S6/S7 semantic disposition
src/app/services/context-menu-builder.service.ts	1384	attachmentRefusal	legacy record	private attachmentRefusal(link: RealLink): MenuRefusal | undefined {	pending S6/S7 semantic disposition
src/app/services/edit-permission.service.ts	11	<module>	legacy authority	import { MechanismService } from './mechanism.service';	pending S6/S7 semantic disposition
src/app/services/edit-permission.service.ts	22	<module>	legacy authority	* The services on the `MechanismService` / `GridUtilsService` construction ring	pending S6/S7 semantic disposition
src/app/services/edit-permission.service.ts	32	<module>	legacy authority	// injector. Neither of these two takes part in the `MechanismService` /	pending S6/S7 semantic disposition
src/app/services/edit-permission.service.ts	33	<module>	legacy authority	// `GridUtilsService` construction ring, so eager is safe here; the callers on	pending S6/S7 semantic disposition
src/app/services/edit-permission.service.ts	35	<module>	legacy authority	private mechanism = inject(MechanismService);	pending S6/S7 semantic disposition
src/app/services/edit-permission.service.ts	51	state	point graph	empty: mechanism.joints.length === 0 && mechanism.links.length === 0,	pending S6/S7 semantic disposition
src/app/services/export/dxf/dxf-export.service.ts	2	<module>	legacy record	import { Joint, PrisJoint, RealJoint } from '../../../model/joint';	pending S6/S7 semantic disposition
src/app/services/export/dxf/dxf-export.service.ts	3	<module>	legacy record	import { Link, RealLink, SliderBlock } from '../../../model/link';	pending S6/S7 semantic disposition
src/app/services/export/dxf/dxf-export.service.ts	4	<module>	scale boundary	import { MODEL_SCALE } from '../../../model/render-scale';	pending S6/S7 semantic disposition
src/app/services/export/dxf/dxf-export.service.ts	6	<module>	legacy authority	import { MechanismService } from '../../mechanism.service';	pending S6/S7 semantic disposition
src/app/services/export/dxf/dxf-export.service.ts	55	<module>	legacy authority	private mechanism = inject(MechanismService);	pending S6/S7 semantic disposition
src/app/services/export/dxf/dxf-export.service.ts	76	createFromStart	point graph	joints: this.mechanism.joints,	pending S6/S7 semantic disposition
src/app/services/export/dxf/dxf-export.service.ts	77	createFromStart	point graph	links: this.mechanism.links,	pending S6/S7 semantic disposition
src/app/services/export/dxf/dxf-export.service.ts	123	createFromStart	point graph	cylinders: sealedCylinderStructures(this.mechanism.joints).length > 0,	pending S6/S7 semantic disposition
src/app/services/export/dxf/dxf-export.service.ts	124	createFromStart	point graph; legacy record	slots: this.mechanism.joints.some((joint) => joint instanceof PrisJoint),	pending S6/S7 semantic disposition
src/app/services/export/dxf/dxf-export.service.ts	156	summarize	point graph	joints: this.mechanism.joints,	pending S6/S7 semantic disposition
src/app/services/export/dxf/dxf-export.service.ts	157	summarize	point graph	links: this.mechanism.links,	pending S6/S7 semantic disposition
src/app/services/export/dxf/dxf-export.service.ts	259	pinDiameter	scale boundary	return choices.pinDiameter ?? defaultPinDiameter(unitsPerCentimeter(unit) / MODEL_SCALE);	pending S6/S7 semantic disposition
src/app/services/export/dxf/dxf-export.service.ts	277	hasGeometry	point graph	return this.mechanism.joints.length > 0;	pending S6/S7 semantic disposition
src/app/services/export/dxf/dxf-export.service.ts	282	originJointChoices	point graph	return this.mechanism.joints.map((joint) => ({ id: joint.id, name: joint.name || joint.id }));	pending S6/S7 semantic disposition
src/app/services/export/dxf/dxf-export.service.ts	287	firstGroundJointName	point graph	const grounded = this.mechanism.joints.find(	pending S6/S7 semantic disposition
src/app/services/export/dxf/dxf-export.service.ts	288	firstGroundJointName	legacy record	(joint) => joint instanceof RealJoint && joint.ground	pending S6/S7 semantic disposition
src/app/services/export/dxf/dxf-export.service.ts	308	tracedPaths	point graph	machine.joints.forEach((frame) => {	pending S6/S7 semantic disposition
src/app/services/export/dxf/dxf-export.service.ts	335	slotTravels	point graph	machine.joints.forEach((frame) =>	pending S6/S7 semantic disposition
src/app/services/export/dxf/dxf-export.service.ts	337	slotTravels	legacy record	if (!(joint instanceof PrisJoint)) return;	pending S6/S7 semantic disposition
src/app/services/export/dxf/dxf-export.service.ts	386	jointCsv	point graph	const rows = this.mechanism.joints.map((joint) =>	pending S6/S7 semantic disposition
src/app/services/export/dxf/dxf-export.service.ts	390	jointCsv	legacy record	joint instanceof PrisJoint ? 'prismatic' : 'revolute',	pending S6/S7 semantic disposition
src/app/services/export/dxf/dxf-export.service.ts	393	jointCsv	legacy record	joint instanceof RealJoint && joint.ground ? 'yes' : 'no',	pending S6/S7 semantic disposition
src/app/services/export/dxf/dxf-export.service.ts	394	jointCsv	legacy record	joint instanceof RealJoint && joint.input ? 'yes' : 'no',	pending S6/S7 semantic disposition
src/app/services/export/dxf/dxf-export.service.ts	405	linkCsv	point graph	const rows = this.mechanism.links.map((link) =>	pending S6/S7 semantic disposition
src/app/services/export/dxf/dxf-export.service.ts	409	linkCsv	point graph	link.joints.map((joint) => joint.id).join(' '),	pending S6/S7 semantic disposition
src/app/services/export/dxf/dxf-export.service.ts	412	linkCsv	legacy record	link instanceof RealLink ? link.massMoI.toFixed(6) : '',	pending S6/S7 semantic disposition
src/app/services/export/dxf/dxf-export.service.ts	413	linkCsv	legacy record	link instanceof SliderBlock ? 'prismatic' : 'rigid',	pending S6/S7 semantic disposition
src/app/services/export/dxf/dxf-export.service.ts	449	tableShift	scale boundary	unitsPerCentimeter(unit) / MODEL_SCALE	pending S6/S7 semantic disposition
src/app/services/export/dxf/dxf-export.service.ts	461	dataJson	point graph	joints: this.mechanism.joints.map((joint) => ({	pending S6/S7 semantic disposition
src/app/services/export/dxf/dxf-export.service.ts	464	dataJson	legacy record	type: joint instanceof PrisJoint ? 'prismatic' : 'revolute',	pending S6/S7 semantic disposition
src/app/services/export/dxf/dxf-export.service.ts	467	dataJson	legacy record	grounded: joint instanceof RealJoint && joint.ground,	pending S6/S7 semantic disposition
src/app/services/export/dxf/dxf-export.service.ts	468	dataJson	legacy record	input: joint instanceof RealJoint && joint.input,	pending S6/S7 semantic disposition
src/app/services/export/dxf/dxf-export.service.ts	471	dataJson	point graph	links: this.mechanism.links.map((link) => ({	pending S6/S7 semantic disposition
src/app/services/export/dxf/dxf-export.service.ts	474	dataJson	point graph	joints: link.joints.map((joint) => joint.id),	pending S6/S7 semantic disposition
src/app/services/export/dxf/dxf-export.service.ts	477	dataJson	legacy record	inertia: link instanceof RealLink ? link.massMoI : null,	pending S6/S7 semantic disposition
src/app/services/export/dxf/dxf-export.service.ts	478	dataJson	legacy record	type: link instanceof SliderBlock ? 'prismatic' : 'rigid',	pending S6/S7 semantic disposition
src/app/services/export/dxf/dxf-export.service.ts	742	connectedLinks	point graph; legacy record	const links = joint instanceof RealJoint ? joint.links : [];	pending S6/S7 semantic disposition
src/app/services/export/dxf/dxf-export.service.ts	750	lengthOf	point graph	const [a, b] = link.joints;	pending S6/S7 semantic disposition
src/app/services/export/dxf/dxf-export.service.ts	755	inUnit	scale boundary	return (model / MODEL_SCALE) * unitsPerCentimeter(unit);	pending S6/S7 semantic disposition
src/app/services/export/dxf/link-bodies.ts	1	<module>	legacy record	import { PrisJoint } from '../../../model/joint';	pending S6/S7 semantic disposition
src/app/services/export/dxf/link-bodies.ts	2	<module>	legacy record	import { Link, RealLink, SliderBlock } from '../../../model/link';	pending S6/S7 semantic disposition
src/app/services/export/dxf/link-bodies.ts	3	<module>	scale boundary	import { MODEL_SCALE } from '../../../model/render-scale';	pending S6/S7 semantic disposition
src/app/services/export/dxf/link-bodies.ts	77	<module>	legacy record	layerFor: (link: RealLink) => string;	pending S6/S7 semantic disposition
src/app/services/export/dxf/link-bodies.ts	98	linkBodies	legacy record	missing: RealLink[];	pending S6/S7 semantic disposition
src/app/services/export/dxf/link-bodies.ts	101	linkBodies	legacy record	const missing: RealLink[] = [];	pending S6/S7 semantic disposition
src/app/services/export/dxf/link-bodies.ts	102	linkBodies	point graph	bodyLinks(input.links).forEach((link) => {	pending S6/S7 semantic disposition
src/app/services/export/dxf/link-bodies.ts	124	linkBodies	point graph	link.joints	pending S6/S7 semantic disposition
src/app/services/export/dxf/link-bodies.ts	125	linkBodies	legacy record	.filter((joint) => !(joint instanceof PrisJoint))	pending S6/S7 semantic disposition
src/app/services/export/dxf/link-bodies.ts	153	slotProfile	legacy record	joint: PrisJoint,	pending S6/S7 semantic disposition
src/app/services/export/dxf/link-bodies.ts	379	nominalTravel	legacy record	function nominalTravel(joint: PrisJoint): {	pending S6/S7 semantic disposition
src/app/services/export/dxf/link-bodies.ts	386	nominalTravel	scale boundary	const dx = Math.cos(joint.slotAngle) * MODEL_SCALE;	pending S6/S7 semantic disposition
src/app/services/export/dxf/link-bodies.ts	387	nominalTravel	scale boundary	const dy = Math.sin(joint.slotAngle) * MODEL_SCALE;	pending S6/S7 semantic disposition
src/app/services/export/dxf/link-bodies.ts	400	bodyLinks	legacy record	export function bodyLinks(links: readonly Link[]): RealLink[] {	pending S6/S7 semantic disposition
src/app/services/export/dxf/link-bodies.ts	401	bodyLinks	legacy record	const found: RealLink[] = [];	pending S6/S7 semantic disposition
src/app/services/export/dxf/link-bodies.ts	403	bodyLinks	legacy record	if (link instanceof SliderBlock) return;	pending S6/S7 semantic disposition
src/app/services/export/dxf/link-bodies.ts	404	bodyLinks	legacy record	if (!(link instanceof RealLink)) return;	pending S6/S7 semantic disposition
src/app/services/export/dxf/semantic-dxf.ts	4	<module>	legacy record	import { Joint, PrisJoint, RealJoint } from '../../../model/joint';	pending S6/S7 semantic disposition
src/app/services/export/dxf/semantic-dxf.ts	5	<module>	legacy record	import { Link, RealLink, SliderBlock } from '../../../model/link';	pending S6/S7 semantic disposition
src/app/services/export/dxf/semantic-dxf.ts	6	<module>	scale boundary	import { MODEL_SCALE } from '../../../model/render-scale';	pending S6/S7 semantic disposition
src/app/services/export/dxf/semantic-dxf.ts	75	<module>	point graph	{ name: DXF_LAYER.links, color: 7 },	pending S6/S7 semantic disposition
src/app/services/export/dxf/semantic-dxf.ts	81	<module>	point graph	{ name: DXF_LAYER.joints, color: 2 },	pending S6/S7 semantic disposition
src/app/services/export/dxf/semantic-dxf.ts	101	buildSemanticDxf	scale boundary	const unitScale = symbolScale / MODEL_SCALE;	pending S6/S7 semantic disposition
src/app/services/export/dxf/semantic-dxf.ts	114	buildSemanticDxf	point graph	const cylinders = sealedCylinderStructures(input.joints);	pending S6/S7 semantic disposition
src/app/services/export/dxf/semantic-dxf.ts	127	buildSemanticDxf	point graph	const axes = semanticAxes(input.links, cylinderBodies, point);	pending S6/S7 semantic disposition
src/app/services/export/dxf/semantic-dxf.ts	129	buildSemanticDxf	point graph	input.joints	pending S6/S7 semantic disposition
src/app/services/export/dxf/semantic-dxf.ts	130	buildSemanticDxf	legacy record	.filter((joint): joint is RealJoint => joint instanceof RealJoint && joint.isWelded)	pending S6/S7 semantic disposition
src/app/services/export/dxf/semantic-dxf.ts	142	buildSemanticDxf	point graph	links: input.links,	pending S6/S7 semantic disposition
src/app/services/export/dxf/semantic-dxf.ts	146	buildSemanticDxf	point graph	layerFor: (link) => (choices.perLinkLayers ? layerNameFor(link.id) : DXF_LAYER.links),	pending S6/S7 semantic disposition
src/app/services/export/dxf/semantic-dxf.ts	153	buildSemanticDxf	point graph	input.links.forEach((link) => {	pending S6/S7 semantic disposition
src/app/services/export/dxf/semantic-dxf.ts	154	buildSemanticDxf	legacy record	if (!(link instanceof RealLink) || collapsed.has(link.id)) return;	pending S6/S7 semantic disposition
src/app/services/export/dxf/semantic-dxf.ts	170	buildSemanticDxf	point graph	layer: DXF_LAYER.links,	pending S6/S7 semantic disposition
src/app/services/export/dxf/semantic-dxf.ts	230	buildSemanticDxf	point graph	const blockPins = sliderBlockPinIds(input.links);	pending S6/S7 semantic disposition
src/app/services/export/dxf/semantic-dxf.ts	231	buildSemanticDxf	point graph	input.joints	pending S6/S7 semantic disposition
src/app/services/export/dxf/semantic-dxf.ts	236	buildSemanticDxf	legacy record	if (joint instanceof PrisJoint) {	pending S6/S7 semantic disposition
src/app/services/export/dxf/semantic-dxf.ts	249	buildSemanticDxf	point graph	slotCarrierLayer(joint, input.links, choices, DXF_LAYER.groundPlate),	pending S6/S7 semantic disposition
src/app/services/export/dxf/semantic-dxf.ts	266	buildSemanticDxf	legacy record	const pairedPin = blockPins.has(joint.id) && !(joint instanceof PrisJoint);	pending S6/S7 semantic disposition
src/app/services/export/dxf/semantic-dxf.ts	267	buildSemanticDxf	legacy record	if (!pairedPin && (!(joint instanceof RealJoint) || !joint.isWelded)) {	pending S6/S7 semantic disposition
src/app/services/export/dxf/semantic-dxf.ts	286	buildSemanticDxf	point graph	layer: DXF_LAYER.joints,	pending S6/S7 semantic disposition
src/app/services/export/dxf/semantic-dxf.ts	291	buildSemanticDxf	legacy record	if (choices.includeGroundPoints && joint instanceof RealJoint && joint.ground) {	pending S6/S7 semantic disposition
src/app/services/export/dxf/semantic-dxf.ts	314	buildSemanticDxf	legacy record	if (joint instanceof RealJoint && joint.isWelded && !cylinderInterior.has(joint.id)) {	pending S6/S7 semantic disposition
src/app/services/export/dxf/semantic-dxf.ts	315	buildSemanticDxf	point graph	entities.push(...weldMark(point(joint), 0.1 * symbolScale, DXF_LAYER.joints));	pending S6/S7 semantic disposition
src/app/services/export/dxf/semantic-dxf.ts	317	buildSemanticDxf	legacy record	if (input.includeKinematicAnnotations !== false && joint instanceof RealJoint) {	pending S6/S7 semantic disposition
src/app/services/export/dxf/semantic-dxf.ts	326	buildSemanticDxf	legacy record	{ ...at, slotAngle: joint instanceof PrisJoint ? joint.slotAngle : undefined },	pending S6/S7 semantic disposition
src/app/services/export/dxf/semantic-dxf.ts	334	buildSemanticDxf	legacy record	if (input.includeLabels && !(joint instanceof PrisJoint)) {	pending S6/S7 semantic disposition
src/app/services/export/dxf/semantic-dxf.ts	361	buildSemanticDxf	point graph	entities.push(...slotTravelPoints(input.joints, point, symbolScale));	pending S6/S7 semantic disposition
src/app/services/export/dxf/semantic-dxf.ts	372	buildSemanticDxf	point graph	: [input.joints.map((joint) => joint.id)];	pending S6/S7 semantic disposition
src/app/services/export/dxf/semantic-dxf.ts	376	buildSemanticDxf	point graph	input.joints.filter((joint) => mine.has(joint.id)),	pending S6/S7 semantic disposition
src/app/services/export/dxf/semantic-dxf.ts	414	buildSemanticDxf	point graph	if (entity.type !== 'LINE' || entity.layer !== DXF_LAYER.links) return;	pending S6/S7 semantic disposition
src/app/services/export/dxf/semantic-dxf.ts	441	slotCarrierLayer	legacy record	joint: PrisJoint,	pending S6/S7 semantic disposition
src/app/services/export/dxf/semantic-dxf.ts	448	slotCarrierLayer	legacy record	(link): link is RealLink =>	pending S6/S7 semantic disposition
src/app/services/export/dxf/semantic-dxf.ts	449	slotCarrierLayer	legacy record	link instanceof RealLink &&	pending S6/S7 semantic disposition
src/app/services/export/dxf/semantic-dxf.ts	450	slotCarrierLayer	point graph	link.joints.some((one) => one.id === joint.slotJointA!.id) &&	pending S6/S7 semantic disposition
src/app/services/export/dxf/semantic-dxf.ts	451	slotCarrierLayer	point graph	link.joints.some((one) => one.id === joint.slotJointB!.id)	pending S6/S7 semantic disposition
src/app/services/export/dxf/semantic-dxf.ts	453	slotCarrierLayer	point graph	if (carrier) return choices.perLinkLayers ? layerNameFor(carrier.id) : DXF_LAYER.links;	pending S6/S7 semantic disposition
src/app/services/export/dxf/semantic-dxf.ts	486	originShift	point graph	const xs = input.joints.map((joint) => joint.x);	pending S6/S7 semantic disposition
src/app/services/export/dxf/semantic-dxf.ts	487	originShift	point graph	const ys = input.joints.map((joint) => joint.y);	pending S6/S7 semantic disposition
src/app/services/export/dxf/semantic-dxf.ts	495	originShift	point graph	const chosen = input.joints.find((joint) => joint.id === choices.originJointId);	pending S6/S7 semantic disposition
src/app/services/export/dxf/semantic-dxf.ts	499	originShift	point graph; legacy record	const grounded = input.joints.find((joint) => joint instanceof RealJoint && joint.ground);	pending S6/S7 semantic disposition
src/app/services/export/dxf/semantic-dxf.ts	514	addGroundPlate	legacy record	const fixed = mine.filter((joint) => joint instanceof RealJoint && joint.ground);	pending S6/S7 semantic disposition
src/app/services/export/dxf/semantic-dxf.ts	520	addGroundPlate	legacy record	.filter((joint): joint is PrisJoint => joint instanceof PrisJoint && !joint.isFloating)	pending S6/S7 semantic disposition
src/app/services/export/dxf/semantic-dxf.ts	532	blockMark	legacy record	joint: PrisJoint,	pending S6/S7 semantic disposition
src/app/services/export/dxf/semantic-dxf.ts	567	slotTravelPoints	legacy record	.filter((joint): joint is PrisJoint => joint instanceof PrisJoint)	pending S6/S7 semantic disposition
src/app/services/export/dxf/semantic-dxf.ts	789	semanticAxes	legacy record	.filter((link): link is RealLink => link instanceof RealLink && !excluded.has(link.id))	pending S6/S7 semantic disposition
src/app/services/export/dxf/semantic-dxf.ts	790	semanticAxes	point graph	.filter((link) => link.joints.length >= 2)	pending S6/S7 semantic disposition
src/app/services/export/dxf/semantic-dxf.ts	798	semanticAxes	point graph	const ring = outlineOrder(link.joints);	pending S6/S7 semantic disposition
src/app/services/export/dxf/semantic-dxf.ts	818	outlineOrder	point graph	if (joints.length < 3) return [...joints];	pending S6/S7 semantic disposition
src/app/services/export/dxf/semantic-dxf.ts	823	outlineOrder	point graph	return [...joints].sort(	pending S6/S7 semantic disposition
src/app/services/export/dxf/semantic-dxf.ts	835	leavesOf	legacy record	return link instanceof SliderBlock	pending S6/S7 semantic disposition
src/app/services/export/dxf/semantic-dxf.ts	837	leavesOf	point graph; legacy record	: link instanceof RealLink && link.subset.length > 0	pending S6/S7 semantic disposition
src/app/services/export/dxf/semantic-dxf.ts	838	leavesOf	point graph	? link.subset.flatMap(leavesOf)	pending S6/S7 semantic disposition
src/app/services/export/dxf/semantic-dxf.ts	843	slotAxis	legacy record	joint: PrisJoint,	pending S6/S7 semantic disposition
src/app/services/export/dxf/semantic-dxf.ts	869	sliderBlockPinIds	legacy record	.filter((link): link is SliderBlock => link instanceof SliderBlock)	pending S6/S7 semantic disposition
src/app/services/export/dxf/semantic-dxf.ts	871	sliderBlockPinIds	point graph; legacy record	block.joints.filter((joint) => !(joint instanceof PrisJoint)).map((joint) => joint.id)	pending S6/S7 semantic disposition
src/app/services/export/export-catalog.service.ts	2	<module>	legacy record	import { Joint, PrisJoint, RealJoint } from '../../model/joint';	pending S6/S7 semantic disposition
src/app/services/export/export-catalog.service.ts	4	<module>	legacy record	import { Link, RealLink, SliderBlock } from '../../model/link';	pending S6/S7 semantic disposition
src/app/services/export/export-catalog.service.ts	6	<module>	legacy authority	import { MechanismService } from '../mechanism.service';	pending S6/S7 semantic disposition
src/app/services/export/export-catalog.service.ts	10	<module>	legacy authority	import { ActiveObjService } from '../active-obj.service';	pending S6/S7 semantic disposition
src/app/services/export/export-catalog.service.ts	21	<module>	legacy authority	private mechanism = inject(MechanismService);	pending S6/S7 semantic disposition
src/app/services/export/export-catalog.service.ts	22	<module>	legacy authority	private activeObj = inject(ActiveObjService);	pending S6/S7 semantic disposition
src/app/services/export/export-catalog.service.ts	38	partGroups	legacy record	.filter((joint): joint is RealJoint => joint instanceof RealJoint)	pending S6/S7 semantic disposition
src/app/services/export/export-catalog.service.ts	44	partGroups	legacy record	.filter((joint) => !(joint instanceof PrisJoint))	pending S6/S7 semantic disposition
src/app/services/export/export-catalog.service.ts	52	partGroups	point graph	const links = partition.links	pending S6/S7 semantic disposition
src/app/services/export/export-catalog.service.ts	53	partGroups	legacy record	.filter((link): link is RealLink => link instanceof RealLink)	pending S6/S7 semantic disposition
src/app/services/export/export-catalog.service.ts	59	partGroups	point graph	const parts = valid ? [...joints, ...links] : [...joints, ...links].map(this.unsolved);	pending S6/S7 semantic disposition
src/app/services/export/export-catalog.service.ts	86	isTracer	legacy record	private isTracer(joint: RealJoint): boolean {	pending S6/S7 semantic disposition
src/app/services/export/export-catalog.service.ts	87	isTracer	point graph	return joint.links.length === 1 && !joint.ground && !joint.input && !joint.isWelded;	pending S6/S7 semantic disposition
src/app/services/export/export-catalog.service.ts	119	jointPart	legacy record	joint: RealJoint,	pending S6/S7 semantic disposition
src/app/services/export/export-catalog.service.ts	168	linkPart	legacy record	else if (link instanceof SliderBlock) notes.push('slider block');	pending S6/S7 semantic disposition
src/app/services/export/export-catalog.service.ts	169	linkPart	point graph; legacy record	const input = link.joints.find((joint) => (joint as RealJoint).input);	pending S6/S7 semantic disposition
src/app/services/export/export-catalog.service.ts	170	linkPart	legacy record	if (input) notes.push(input instanceof PrisJoint ? 'driven' : 'input crank');	pending S6/S7 semantic disposition
src/app/services/export/export-catalog.service.ts	171	linkPart	point graph; legacy record	if (link instanceof RealLink && link.subset.length > 0) notes.push('compound');	pending S6/S7 semantic disposition
src/app/services/export/export-catalog.service.ts	225	memberIdsOf	point graph	const body = this.mechanism.links.find((link) => link.id === linkId);	pending S6/S7 semantic disposition
src/app/services/export/export-catalog.service.ts	237	drivenJointOf	legacy record	drivenJointOf(linkId: string): RealJoint | undefined {	pending S6/S7 semantic disposition
src/app/services/export/export-catalog.service.ts	238	drivenJointOf	point graph	const body = this.mechanism.links.find((link) => link.id === linkId);	pending S6/S7 semantic disposition
src/app/services/export/export-catalog.service.ts	242	drivenJointOf	legacy record	(joint): joint is RealJoint => joint instanceof RealJoint && joint.input	pending S6/S7 semantic disposition
src/app/services/export/export-catalog.service.ts	247	drivingSlotOf	legacy record	drivingSlotOf(joint: RealJoint): RealJoint | undefined {	pending S6/S7 semantic disposition
src/app/services/export/export-columns.service.ts	2	<module>	legacy record	import { PrisJoint, RealJoint } from '../../model/joint';	pending S6/S7 semantic disposition
src/app/services/export/export-columns.service.ts	3	<module>	legacy record	import { RealLink } from '../../model/link';	pending S6/S7 semantic disposition
src/app/services/export/export-columns.service.ts	4	<module>	legacy authority	import { MechanismService } from '../mechanism.service';	pending S6/S7 semantic disposition
src/app/services/export/export-columns.service.ts	24	<module>	legacy authority	private mechanism = inject(MechanismService);	pending S6/S7 semantic disposition
src/app/services/export/export-columns.service.ts	46	kinematicGroups	legacy record	const links = parts.filter((part) => part.kind === 'link' && part.part instanceof RealLink);	pending S6/S7 semantic disposition
src/app/services/export/export-columns.service.ts	211	forceGroups	legacy record	(part.part as RealJoint).input	pending S6/S7 semantic disposition
src/app/services/export/export-columns.service.ts	212	forceGroups	legacy record	? (part.part as RealJoint)	pending S6/S7 semantic disposition
src/app/services/export/export-columns.service.ts	213	forceGroups	legacy record	: this.catalog.drivingSlotOf(part.part as RealJoint)	pending S6/S7 semantic disposition
src/app/services/export/export-columns.service.ts	216	forceGroups	legacy record	const torque = !(driven instanceof PrisJoint);	pending S6/S7 semantic disposition
src/app/services/export/export-columns.service.ts	255	jointReaction	legacy record	const slot = this.mechanism.slotReactionOf(part.part as RealJoint);	pending S6/S7 semantic disposition
src/app/services/export/export-columns.service.ts	334	bodyName	point graph	const body = this.mechanism.links.find((link) => link.id === linkId);	pending S6/S7 semantic disposition
src/app/services/export/export-columns.service.ts	339	jointName	point graph	const joint = this.mechanism.joints.find((candidate) => candidate.id === jointId) as	pending S6/S7 semantic disposition
src/app/services/export/export-columns.service.ts	340	jointName	legacy record	RealJoint | undefined;	pending S6/S7 semantic disposition
src/app/services/export/export-flow.service.ts	4	<module>	legacy authority	import { MechanismService } from '../mechanism.service';	pending S6/S7 semantic disposition
src/app/services/export/export-flow.service.ts	5	<module>	legacy authority	import { ActiveObjService } from '../active-obj.service';	pending S6/S7 semantic disposition
src/app/services/export/export-flow.service.ts	40	<module>	legacy authority	private activeObj = inject(ActiveObjService);	pending S6/S7 semantic disposition
src/app/services/export/export-flow.service.ts	42	<module>	legacy authority	private mechanism = inject(MechanismService);	pending S6/S7 semantic disposition
src/app/services/export/export-flow.service.ts	95	fingerprint	point graph	this.mechanism.joints.length,	pending S6/S7 semantic disposition
src/app/services/export/export-flow.service.ts	96	fingerprint	point graph	this.mechanism.links.length,	pending S6/S7 semantic disposition
src/app/services/export/export-table.service.ts	3	<module>	legacy record	import { RealJoint } from '../../model/joint';	pending S6/S7 semantic disposition
src/app/services/export/export-table.service.ts	6	<module>	legacy authority	import { MechanismService } from '../mechanism.service';	pending S6/S7 semantic disposition
src/app/services/export/export-table.service.ts	76	<module>	legacy authority	private mechanism = inject(MechanismService);	pending S6/S7 semantic disposition
src/app/services/export/export-table.service.ts	446	shortName	legacy record	if (part.kind === 'joint') return (part.part as RealJoint).name || part.id;	pending S6/S7 semantic disposition
src/app/services/export/export-writer.service.ts	3	<module>	legacy record	import { RealJoint } from '../../model/joint';	pending S6/S7 semantic disposition
src/app/services/export/export-writer.service.ts	4	<module>	legacy authority	import { MechanismService } from '../mechanism.service';	pending S6/S7 semantic disposition
src/app/services/export/export-writer.service.ts	38	<module>	legacy authority	private mechanism = inject(MechanismService);	pending S6/S7 semantic disposition
src/app/services/export/export-writer.service.ts	265	section	point graph	mechanismSvg(solved.joints[0] ?? [], solved.links[0] ?? [], 330, 230);	pending S6/S7 semantic disposition
src/app/services/export/export-writer.service.ts	295	facts	point graph	const driven = this.mechanism.partitions[index]?.joints.find(	pending S6/S7 semantic disposition
src/app/services/export/export-writer.service.ts	296	facts	legacy record	(joint) => joint instanceof RealJoint && joint.input	pending S6/S7 semantic disposition
src/app/services/export/export-writer.service.ts	297	facts	legacy record	) as RealJoint | undefined;	pending S6/S7 semantic disposition
src/app/services/export/mechanism-svg.ts	1	<module>	legacy record	import { Joint, PrisJoint, RealJoint } from '../../model/joint';	pending S6/S7 semantic disposition
src/app/services/export/mechanism-svg.ts	2	<module>	legacy record	import { Link, RealLink } from '../../model/link';	pending S6/S7 semantic disposition
src/app/services/export/mechanism-svg.ts	20	mechanismSvg	legacy record	const drawn = joints.filter((joint) => !(joint instanceof PrisJoint));	pending S6/S7 semantic disposition
src/app/services/export/mechanism-svg.ts	41	mechanismSvg	legacy record	.filter((link): link is RealLink => link instanceof RealLink)	pending S6/S7 semantic disposition
src/app/services/export/mechanism-svg.ts	43	mechanismSvg	point graph	const points = link.joints	pending S6/S7 semantic disposition
src/app/services/export/mechanism-svg.ts	44	mechanismSvg	legacy record	.filter((joint) => !(joint instanceof PrisJoint))	pending S6/S7 semantic disposition
src/app/services/export/mechanism-svg.ts	48	mechanismSvg	point graph	const shape = link.joints.length > 2 ? 'polygon' : 'polyline';	pending S6/S7 semantic disposition
src/app/services/export/mechanism-svg.ts	56	mechanismSvg	legacy record	.filter((joint) => (joint as RealJoint).ground)	pending S6/S7 semantic disposition
src/app/services/export/mechanism-svg.ts	69	mechanismSvg	legacy record	const input = (joint as RealJoint).input;	pending S6/S7 semantic disposition
src/app/services/export/mechanism-svg.ts	80	mechanismSvg	legacy record	(joint as RealJoint).name || joint.id	pending S6/S7 semantic disposition
src/app/services/grid-utils.service.ts	4	<module>	legacy record	import { Joint, PrisJoint, RealJoint, RevJoint } from '../model/joint';	pending S6/S7 semantic disposition
src/app/services/grid-utils.service.ts	6	<module>	legacy record	import { Link, SliderBlock, RealLink } from '../model/link';	pending S6/S7 semantic disposition
src/app/services/grid-utils.service.ts	27	<module>	legacy authority	import { MechanismService } from './mechanism.service';	pending S6/S7 semantic disposition
src/app/services/grid-utils.service.ts	39	<module>	legacy authority	import { SvgGridService } from './svg-grid.service';	pending S6/S7 semantic disposition
src/app/services/grid-utils.service.ts	80	<module>	legacy authority	export class GridUtilsService {	pending S6/S7 semantic disposition
src/app/services/grid-utils.service.ts	82	<module>	legacy authority	svgGrid = inject(SvgGridService);	pending S6/S7 semantic disposition
src/app/services/grid-utils.service.ts	87	<module>	legacy authority	* MechanismService injects this service, so it can only be resolved at call	pending S6/S7 semantic disposition
src/app/services/grid-utils.service.ts	88	<module>	legacy authority	* time — the same cycle-breaking the codebase already uses in MechanismService	pending S6/S7 semantic disposition
src/app/services/grid-utils.service.ts	91	mechanismSrv	legacy authority	private get mechanismSrv(): MechanismService {	pending S6/S7 semantic disposition
src/app/services/grid-utils.service.ts	92	mechanismSrv	legacy authority	return this.injector.get(MechanismService);	pending S6/S7 semantic disposition
src/app/services/grid-utils.service.ts	117	getGround	legacy record	if (!(joint instanceof PrisJoint || joint instanceof RevJoint)) {	pending S6/S7 semantic disposition
src/app/services/grid-utils.service.ts	124	createRealLink	legacy record	let newLink = new RealLink(id, joints);	pending S6/S7 semantic disposition
src/app/services/grid-utils.service.ts	131	containsSlider	legacy record	case RevJoint:	pending S6/S7 semantic disposition
src/app/services/grid-utils.service.ts	132	containsSlider	legacy record	if (!(joint instanceof RevJoint)) {	pending S6/S7 semantic disposition
src/app/services/grid-utils.service.ts	136	containsSlider	point graph	joint.connectedJoints.forEach((j) => {	pending S6/S7 semantic disposition
src/app/services/grid-utils.service.ts	137	containsSlider	legacy record	if (j.constructor === PrisJoint) {	pending S6/S7 semantic disposition
src/app/services/grid-utils.service.ts	142	containsSlider	legacy record	case PrisJoint:	pending S6/S7 semantic disposition
src/app/services/grid-utils.service.ts	144	containsSlider	legacy record	case RealJoint:	pending S6/S7 semantic disposition
src/app/services/grid-utils.service.ts	152	getJointR	legacy record	if (!(joint instanceof RevJoint)) {	pending S6/S7 semantic disposition
src/app/services/grid-utils.service.ts	159	getJointShowCurve	legacy record	if (!(joint instanceof RevJoint) && !(joint instanceof PrisJoint)) {	pending S6/S7 semantic disposition
src/app/services/grid-utils.service.ts	166	getInput	legacy record	if (!(joint instanceof RevJoint || joint instanceof PrisJoint)) {	pending S6/S7 semantic disposition
src/app/services/grid-utils.service.ts	174	typeOfJoint	legacy record	case RevJoint:	pending S6/S7 semantic disposition
src/app/services/grid-utils.service.ts	176	typeOfJoint	legacy record	case PrisJoint:	pending S6/S7 semantic disposition
src/app/services/grid-utils.service.ts	185	typeOfLink	legacy record	case RealLink:	pending S6/S7 semantic disposition
src/app/services/grid-utils.service.ts	187	typeOfLink	legacy record	case SliderBlock:	pending S6/S7 semantic disposition
src/app/services/grid-utils.service.ts	195	getPrisAngle	legacy record	return (joint as PrisJoint).angle_rad;	pending S6/S7 semantic disposition
src/app/services/grid-utils.service.ts	215	canToggleInput	legacy record	if (!(joint instanceof RealJoint)) {	pending S6/S7 semantic disposition
src/app/services/grid-utils.service.ts	221	canToggleInput	legacy record	? (this.getSliderJoint(joint) as RealJoint)	pending S6/S7 semantic disposition
src/app/services/grid-utils.service.ts	254	weldRefusal	legacy record	const welded = joint instanceof RealJoint && joint.isWelded;	pending S6/S7 semantic disposition
src/app/services/grid-utils.service.ts	298	<module>	legacy record	immovable: RealJoint[];	pending S6/S7 semantic disposition
src/app/services/grid-utils.service.ts	299	<module>	legacy record	bars: RealLink[];	pending S6/S7 semantic disposition
src/app/services/grid-utils.service.ts	321	settleHolds	point graph	const links = this.mechanismSrv.links;	pending S6/S7 semantic disposition
src/app/services/grid-utils.service.ts	325	settleHolds	point graph	const asked = goals.map((goal) => this.mechanismSrv.joints.find((j) => j.id === goal.id));	pending S6/S7 semantic disposition
src/app/services/grid-utils.service.ts	329	settleHolds	point graph	).joints;	pending S6/S7 semantic disposition
src/app/services/grid-utils.service.ts	335	settleHolds	point graph	const joints = holdJoints(this.mechanismSrv.joints, (joint) =>	pending S6/S7 semantic disposition
src/app/services/grid-utils.service.ts	344	settleHolds	point graph	const joint = this.mechanismSrv.joints.find((j) => j.id === id);	pending S6/S7 semantic disposition
src/app/services/grid-utils.service.ts	345	settleHolds	legacy record	if (joint instanceof RealJoint) this.dragJoint(joint, new Coord(at.x, at.y), false, true);	pending S6/S7 semantic disposition
src/app/services/grid-utils.service.ts	349	settleHolds	point graph	.map((id) => this.mechanismSrv.joints.find((j) => j.id === id))	pending S6/S7 semantic disposition
src/app/services/grid-utils.service.ts	350	settleHolds	legacy record	.filter((joint): joint is RealJoint => joint instanceof RealJoint);	pending S6/S7 semantic disposition
src/app/services/grid-utils.service.ts	382	setBarValue	legacy record	link: RealLink,	pending S6/S7 semantic disposition
src/app/services/grid-utils.service.ts	387	setBarValue	point graph	const links = this.mechanismSrv.links;	pending S6/S7 semantic disposition
src/app/services/grid-utils.service.ts	388	setBarValue	point graph	const [a, b] = link.joints;	pending S6/S7 semantic disposition
src/app/services/grid-utils.service.ts	389	setBarValue	point graph; legacy record	if (!(a instanceof RealJoint) || !(b instanceof RealJoint) || link.joints.length !== 2) {	pending S6/S7 semantic disposition
src/app/services/grid-utils.service.ts	418	setBarValue	point graph	const joints = holdJoints(this.mechanismSrv.joints, (joint) =>	pending S6/S7 semantic disposition
src/app/services/grid-utils.service.ts	438	setBarValue	point graph	const joint = this.mechanismSrv.joints.find((j) => j.id === id);	pending S6/S7 semantic disposition
src/app/services/grid-utils.service.ts	439	setBarValue	legacy record	if (joint instanceof RealJoint) this.dragJoint(joint, new Coord(at.x, at.y), false, true);	pending S6/S7 semantic disposition
src/app/services/grid-utils.service.ts	452	setBarValues	legacy record	setBarValues(links: readonly RealLink[], kind: 'length' | 'angle', value: number): boolean {	pending S6/S7 semantic disposition
src/app/services/grid-utils.service.ts	455	setBarValues	point graph	const held = heldBars(this.mechanismSrv.links, cylinders);	pending S6/S7 semantic disposition
src/app/services/grid-utils.service.ts	462	setBarValues	point graph; legacy record	const [a, b] = link.joints as RealJoint[];	pending S6/S7 semantic disposition
src/app/services/grid-utils.service.ts	489	setBarValues	point graph	this.mechanismSrv.joints,	pending S6/S7 semantic disposition
src/app/services/grid-utils.service.ts	497	setBarValues	point graph	bars: [...links],	pending S6/S7 semantic disposition
src/app/services/grid-utils.service.ts	504	setBarValues	point graph	const joint = this.mechanismSrv.joints.find((one) => one.id === id);	pending S6/S7 semantic disposition
src/app/services/grid-utils.service.ts	505	setBarValues	legacy record	if (joint instanceof RealJoint) this.dragJoint(joint, new Coord(at.x, at.y), false, true);	pending S6/S7 semantic disposition
src/app/services/grid-utils.service.ts	517	holdsImmobilizing	legacy record	holdsImmobilizing(joint: RealJoint): RealLink[] {	pending S6/S7 semantic disposition
src/app/services/grid-utils.service.ts	518	holdsImmobilizing	point graph	const links = this.mechanismSrv.links;	pending S6/S7 semantic disposition
src/app/services/grid-utils.service.ts	523	holdsImmobilizing	point graph	const joints = holdJoints(this.mechanismSrv.joints, (j) =>	pending S6/S7 semantic disposition
src/app/services/grid-utils.service.ts	545	isHoldAnchor	legacy record	isHoldAnchor(joint: RealJoint): boolean {	pending S6/S7 semantic disposition
src/app/services/grid-utils.service.ts	549	holdAnchor	legacy record	private holdAnchor(joint: RealJoint, frozen: Set<string>, moving = new Set<string>()): boolean {	pending S6/S7 semantic disposition
src/app/services/grid-utils.service.ts	553	holdAnchor	legacy record	joint instanceof PrisJoint ||	pending S6/S7 semantic disposition
src/app/services/grid-utils.service.ts	571	locksHolding	point graph	this.mechanismSrv.joints,	pending S6/S7 semantic disposition
src/app/services/grid-utils.service.ts	572	locksHolding	point graph	this.mechanismSrv.links,	pending S6/S7 semantic disposition
src/app/services/grid-utils.service.ts	578	dragJoint	legacy record	selectedJoint: RealJoint,	pending S6/S7 semantic disposition
src/app/services/grid-utils.service.ts	668	dragJoint	legacy record	case RevJoint:	pending S6/S7 semantic disposition
src/app/services/grid-utils.service.ts	669	dragJoint	point graph	selectedJoint.links.forEach((l) => {	pending S6/S7 semantic disposition
src/app/services/grid-utils.service.ts	670	dragJoint	legacy record	if (l instanceof SliderBlock) {	pending S6/S7 semantic disposition
src/app/services/grid-utils.service.ts	675	dragJoint	point graph	const jointIndex = l.joints.findIndex((jt) => jt.id !== selectedJoint.id);	pending S6/S7 semantic disposition
src/app/services/grid-utils.service.ts	677	dragJoint	point graph	l.joints[jointIndex].x = roundNumber(trueCoord.x, 6);	pending S6/S7 semantic disposition
src/app/services/grid-utils.service.ts	678	dragJoint	point graph	l.joints[jointIndex].y = roundNumber(trueCoord.y, 6);	pending S6/S7 semantic disposition
src/app/services/grid-utils.service.ts	681	dragJoint	legacy record	if (!(l instanceof RealLink)) {	pending S6/S7 semantic disposition
src/app/services/grid-utils.service.ts	685	dragJoint	point graph	const jointIndex = l.joints.findIndex((jt) => jt.id === selectedJoint.id);	pending S6/S7 semantic disposition
src/app/services/grid-utils.service.ts	686	dragJoint	point graph	l.joints[jointIndex].x = roundNumber(trueCoord.x, 6);	pending S6/S7 semantic disposition
src/app/services/grid-utils.service.ts	687	dragJoint	point graph	l.joints[jointIndex].y = roundNumber(trueCoord.y, 6);	pending S6/S7 semantic disposition
src/app/services/grid-utils.service.ts	693	dragJoint	point graph; legacy record	l.CoM = RealLink.determineCenterOfMass(l.joints);	pending S6/S7 semantic disposition
src/app/services/grid-utils.service.ts	698	dragJoint	point graph	if (l.subset.length > 0) {	pending S6/S7 semantic disposition
src/app/services/grid-utils.service.ts	699	dragJoint	point graph	l.subset.forEach((slink) => {	pending S6/S7 semantic disposition
src/app/services/grid-utils.service.ts	700	dragJoint	legacy record	let subLink = slink as RealLink;	pending S6/S7 semantic disposition
src/app/services/grid-utils.service.ts	704	dragJoint	point graph; legacy record	subLink.CoM = RealLink.determineCenterOfMass(subLink.joints);	pending S6/S7 semantic disposition
src/app/services/grid-utils.service.ts	712	dragJoint	point graph	PositionSolver.setUpInitialJointLocations(l.joints);	pending S6/S7 semantic disposition
src/app/services/grid-utils.service.ts	722	dragJoint	point graph	let jointA = [l.joints[0].x, l.joints[0].y];	pending S6/S7 semantic disposition
src/app/services/grid-utils.service.ts	723	dragJoint	point graph	let jointB = [l.joints[1].x, l.joints[1].y];	pending S6/S7 semantic disposition
src/app/services/grid-utils.service.ts	732	dragJoint	point graph	if (l.joints.length == 2) {	pending S6/S7 semantic disposition
src/app/services/grid-utils.service.ts	759	dragJoint	point graph	let newX = f.startCoord.x + offsetX / f.link.joints.length;	pending S6/S7 semantic disposition
src/app/services/grid-utils.service.ts	760	dragJoint	point graph	let newY = f.startCoord.y + offsetY / f.link.joints.length;	pending S6/S7 semantic disposition
src/app/services/grid-utils.service.ts	825	moveLinkRigidly	point graph	const neighbors = this.mechanismSrv.links	pending S6/S7 semantic disposition
src/app/services/grid-utils.service.ts	826	moveLinkRigidly	legacy record	.filter((link): link is RealLink => link !== selectedLink && link instanceof RealLink)	pending S6/S7 semantic disposition
src/app/services/grid-utils.service.ts	829	moveLinkRigidly	point graph	from: link.joints.slice(0, 2).map((joint) => ({ x: joint.x, y: joint.y })),	pending S6/S7 semantic disposition
src/app/services/grid-utils.service.ts	836	moveLinkRigidly	point graph	const carriedCylinders = sealedCylinderStructures(this.mechanismSrv.joints).map((sealed) => ({	pending S6/S7 semantic disposition
src/app/services/grid-utils.service.ts	851	moveLinkRigidly	point graph	selectedLink.joints.forEach((joint) => {	pending S6/S7 semantic disposition
src/app/services/grid-utils.service.ts	853	moveLinkRigidly	legacy record	if (!(joint instanceof RealJoint)) return;	pending S6/S7 semantic disposition
src/app/services/grid-utils.service.ts	854	moveLinkRigidly	point graph	joint.links.forEach((link) => {	pending S6/S7 semantic disposition
src/app/services/grid-utils.service.ts	855	moveLinkRigidly	point graph; legacy record	if (link instanceof SliderBlock) link.joints.forEach((member) => carried.push(member));	pending S6/S7 semantic disposition
src/app/services/grid-utils.service.ts	866	moveLinkRigidly	legacy record	if (joint instanceof RealJoint) {	pending S6/S7 semantic disposition
src/app/services/grid-utils.service.ts	884	moveLinkRigidly	point graph	selectedLink.joints.forEach((joint) => {	pending S6/S7 semantic disposition
src/app/services/grid-utils.service.ts	886	moveLinkRigidly	legacy record	if (!(joint instanceof RealJoint)) return;	pending S6/S7 semantic disposition
src/app/services/grid-utils.service.ts	889	moveLinkRigidly	point graph	joint.links.forEach((link) => {	pending S6/S7 semantic disposition
src/app/services/grid-utils.service.ts	890	moveLinkRigidly	point graph; legacy record	if (link instanceof SliderBlock) link.joints.forEach(noteMove);	pending S6/S7 semantic disposition
src/app/services/grid-utils.service.ts	898	moveLinkRigidly	point graph; legacy record	if (selectedLink instanceof RealLink) ownBodies.push(...selectedLink.subset);	pending S6/S7 semantic disposition
src/app/services/grid-utils.service.ts	921	cylinderMountLanding	legacy record	mount: RealJoint,	pending S6/S7 semantic disposition
src/app/services/grid-utils.service.ts	932	cylinderMountPose	legacy record	mount: RealJoint,	pending S6/S7 semantic disposition
src/app/services/grid-utils.service.ts	968	dragCylinderMount	legacy record	mount: RealJoint,	pending S6/S7 semantic disposition
src/app/services/grid-utils.service.ts	1093	attemptEdit	point graph	const cylinders = sealedCylinderStructures(this.mechanismSrv.joints);	pending S6/S7 semantic disposition
src/app/services/grid-utils.service.ts	1094	attemptEdit	point graph	const snapshot = snapshotOf(this.mechanismSrv.joints);	pending S6/S7 semantic disposition
src/app/services/grid-utils.service.ts	1161	commitEditPlan	point graph	...this.mechanismSrv.links.filter(	pending S6/S7 semantic disposition
src/app/services/grid-utils.service.ts	1162	commitEditPlan	legacy record	(link): link is RealLink =>	pending S6/S7 semantic disposition
src/app/services/grid-utils.service.ts	1163	commitEditPlan	legacy record	link instanceof RealLink &&	pending S6/S7 semantic disposition
src/app/services/grid-utils.service.ts	1165	commitEditPlan	point graph	link.joints.some((joint) => plan.movedIds.has(joint.id))	pending S6/S7 semantic disposition
src/app/services/grid-utils.service.ts	1169	commitEditPlan	point graph	from: link.joints.slice(0, 2).map((joint) => ({ x: joint.x, y: joint.y })),	pending S6/S7 semantic disposition
src/app/services/grid-utils.service.ts	1172	commitEditPlan	point graph	this.mechanismSrv.joints.forEach((joint) => {	pending S6/S7 semantic disposition
src/app/services/grid-utils.service.ts	1183	commitEditPlan	legacy record	framed.forEach(({ link, from }) => this.reframeDeformedLink(link as RealLink, from));	pending S6/S7 semantic disposition
src/app/services/grid-utils.service.ts	1203	placeCylinder	point graph	const affected = this.mechanismSrv.links	pending S6/S7 semantic disposition
src/app/services/grid-utils.service.ts	1205	placeCylinder	legacy record	(link): link is RealLink =>	pending S6/S7 semantic disposition
src/app/services/grid-utils.service.ts	1206	placeCylinder	point graph; legacy record	link instanceof RealLink && link.joints.some((joint) => movedIds.has(joint.id))	pending S6/S7 semantic disposition
src/app/services/grid-utils.service.ts	1210	placeCylinder	point graph	from: link.joints.slice(0, 2).map((joint) => ({ x: joint.x, y: joint.y })),	pending S6/S7 semantic disposition
src/app/services/grid-utils.service.ts	1240	reframeDeformedLink	legacy record	private reframeDeformedLink(link: RealLink, from: { x: number; y: number }[]): void {	pending S6/S7 semantic disposition
src/app/services/grid-utils.service.ts	1241	reframeDeformedLink	point graph	const [start, end] = link.joints;	pending S6/S7 semantic disposition
src/app/services/grid-utils.service.ts	1255	reframeDeformedLink	point graph; legacy record	link.CoM = RealLink.determineCenterOfMass(link.joints);	pending S6/S7 semantic disposition
src/app/services/grid-utils.service.ts	1259	reframeDeformedLink	point graph	link.subset.forEach((sub) => {	pending S6/S7 semantic disposition
src/app/services/grid-utils.service.ts	1260	reframeDeformedLink	legacy record	const subLink = sub as RealLink;	pending S6/S7 semantic disposition
src/app/services/grid-utils.service.ts	1267	reframeDeformedLink	point graph; legacy record	subLink.CoM = RealLink.determineCenterOfMass(subLink.joints);	pending S6/S7 semantic disposition
src/app/services/grid-utils.service.ts	1272	reframeDeformedLink	point graph	PositionSolver.setUpInitialJointLocations(link.joints);	pending S6/S7 semantic disposition
src/app/services/grid-utils.service.ts	1288	transformLinkBody	legacy record	if (!(link instanceof RealLink)) return;	pending S6/S7 semantic disposition
src/app/services/grid-utils.service.ts	1293	transformLinkBody	point graph	PositionSolver.setUpInitialJointLocations(link.joints);	pending S6/S7 semantic disposition
src/app/services/grid-utils.service.ts	1314	forceAnchorAt	legacy record	link: RealLink,	pending S6/S7 semantic disposition
src/app/services/grid-utils.service.ts	1317	forceAnchorAt	legacy record	): { at: Coord; snappedTo?: RealJoint; shared?: RealJoint } {	pending S6/S7 semantic disposition
src/app/services/grid-utils.service.ts	1320	forceAnchorAt	legacy record	let nearest: RealJoint | undefined;	pending S6/S7 semantic disposition
src/app/services/grid-utils.service.ts	1322	forceAnchorAt	point graph	for (const joint of link.joints) {	pending S6/S7 semantic disposition
src/app/services/grid-utils.service.ts	1323	forceAnchorAt	legacy record	if (!(joint instanceof RealJoint)) continue;	pending S6/S7 semantic disposition
src/app/services/grid-utils.service.ts	1334	forceAnchorAt	point graph	if (nearest.links.length > 1) return { at: point, shared: nearest };	pending S6/S7 semantic disposition
src/app/services/grid-utils.service.ts	1362	isAttachedToSlider	legacy record	if (lastRightClick instanceof Joint && lastRightClick instanceof RevJoint) {	pending S6/S7 semantic disposition
src/app/services/grid-utils.service.ts	1363	isAttachedToSlider	point graph; legacy record	return lastRightClick.connectedJoints.some((j) => j instanceof PrisJoint);	pending S6/S7 semantic disposition
src/app/services/grid-utils.service.ts	1371	connectedToPrisJoint	legacy record	if (j instanceof PrisJoint) {	pending S6/S7 semantic disposition
src/app/services/grid-utils.service.ts	1379	getSliderJoint	legacy record	if (!(joint instanceof RevJoint)) {	pending S6/S7 semantic disposition
src/app/services/grid-utils.service.ts	1382	getSliderJoint	point graph; legacy record	return <Joint>joint.connectedJoints.find((j) => j instanceof PrisJoint);	pending S6/S7 semantic disposition
src/app/services/grid-utils.service.ts	1390	<module>	legacy record	* joint, and it is not a RevJoint -- which mattered the moment the menu	pending S6/S7 semantic disposition
src/app/services/grid-utils.service.ts	1394	toggleCurve	legacy record	if (lastRightClick instanceof PrisJoint) {	pending S6/S7 semantic disposition
src/app/services/grid-utils.service.ts	1401	toggleCurve	legacy record	if (this.containsSlider(lastRightClick as RealJoint)) {	pending S6/S7 semantic disposition
src/app/services/grid-utils.service.ts	1402	toggleCurve	legacy record	(this.getSliderJoint(lastRightClick as RealJoint)! as PrisJoint).showCurve = !(	pending S6/S7 semantic disposition
src/app/services/grid-utils.service.ts	1403	toggleCurve	legacy record	lastRightClick as RealJoint	pending S6/S7 semantic disposition
src/app/services/grid-utils.service.ts	1406	toggleCurve	legacy record	if (lastRightClick instanceof RevJoint) {	pending S6/S7 semantic disposition
src/app/services/grid-utils.service.ts	1409	toggleCurve	legacy record	this.saveTrace(lastRightClick instanceof RealJoint && lastRightClick.showCurve);	pending S6/S7 semantic disposition
src/app/services/grid-utils.service.ts	1431	getLinkSubset	legacy record	if (!(link instanceof RealLink)) {	pending S6/S7 semantic disposition
src/app/services/grid-utils.service.ts	1434	getLinkSubset	point graph	return link.subset;	pending S6/S7 semantic disposition
src/app/services/grid-utils.service.ts	1442	getWelded	legacy record	return (joint as RealJoint).isWelded;	pending S6/S7 semantic disposition
src/app/services/grid-utils.service.ts	1445	updateLastSelectedSublink	legacy record	updateLastSelectedSublink(mouseEvent: MouseEvent, clickedObj: RealLink) {	pending S6/S7 semantic disposition
src/app/services/grid-utils.service.ts	1453	updateLastSelectedSublink	point graph	clickedObj.subset.forEach((link) => {	pending S6/S7 semantic disposition
src/app/services/grid-utils.service.ts	1454	updateLastSelectedSublink	legacy record	if (this.isPointInsideLink(trueCoords, link as RealLink)) {	pending S6/S7 semantic disposition
src/app/services/grid-utils.service.ts	1460	isPointInsideLink	legacy record	isPointInsideLink(startPosition: Coord, link: RealLink) {	pending S6/S7 semantic disposition
src/app/services/grid-utils.service.ts	1492	isVisuallyInput	legacy record	isVisuallyInput(selectedJoint: RealJoint) {	pending S6/S7 semantic disposition
src/app/services/grid-utils.service.ts	1496	isVisuallyInput	legacy record	return (this.getSliderJoint(selectedJoint) as RealJoint).input;	pending S6/S7 semantic disposition
src/app/services/joint-drag-state.ts	6	<module>	legacy authority	* `MechanismService` paints a joint differently mid-drag, and used to ask	pending S6/S7 semantic disposition
src/app/services/mechanism.service.ts	4	<module>	legacy record	import { Joint, PrisJoint, RealJoint, RevJoint } from '../model/joint';	pending S6/S7 semantic disposition
src/app/services/mechanism.service.ts	6	<module>	legacy record	import { Link, SliderBlock, RealLink } from '../model/link';	pending S6/S7 semantic disposition
src/app/services/mechanism.service.ts	53	<module>	legacy authority	import { GridUtilsService } from './grid-utils.service';	pending S6/S7 semantic disposition
src/app/services/mechanism.service.ts	69	<module>	legacy authority	import { ActiveObjService } from './active-obj.service';	pending S6/S7 semantic disposition
src/app/services/mechanism.service.ts	109	<module>	scale boundary	import { MODEL_SCALE } from '../model/render-scale';	pending S6/S7 semantic disposition
src/app/services/mechanism.service.ts	194	<module>	legacy authority	export class MechanismService {	pending S6/S7 semantic disposition
src/app/services/mechanism.service.ts	195	<module>	legacy authority	gridUtils = inject(GridUtilsService);	pending S6/S7 semantic disposition
src/app/services/mechanism.service.ts	196	<module>	legacy authority	activeObjService = inject(ActiveObjService);	pending S6/S7 semantic disposition
src/app/services/mechanism.service.ts	237	<module>	legacy record	// private selectedJoint!: RealJoint;	pending S6/S7 semantic disposition
src/app/services/mechanism.service.ts	310	applyObjectScaleChange	point graph	this.links.forEach((link) => {	pending S6/S7 semantic disposition
src/app/services/mechanism.service.ts	311	applyObjectScaleChange	legacy record	if (link instanceof RealLink) link.reComputeDPath();	pending S6/S7 semantic disposition
src/app/services/mechanism.service.ts	318	resetMechanism	point graph	this.joints = [];	pending S6/S7 semantic disposition
src/app/services/mechanism.service.ts	319	resetMechanism	point graph	this.links = [];	pending S6/S7 semantic disposition
src/app/services/mechanism.service.ts	328	exists	point graph	return this.joints.length > 0;	pending S6/S7 semantic disposition
src/app/services/mechanism.service.ts	332	getJoints	point graph	return this.joints;	pending S6/S7 semantic disposition
src/app/services/mechanism.service.ts	336	getLinks	point graph; legacy record	return this.links as RealLink[];	pending S6/S7 semantic disposition
src/app/services/mechanism.service.ts	388	editWouldDeferSolving	point graph; legacy authority	return this.joints.length > MechanismService.SOLVE_IN_EDIT_UP_TO;	pending S6/S7 semantic disposition
src/app/services/mechanism.service.ts	399	shouldDeferSolving	point graph; legacy authority	if (this.joints.length <= MechanismService.SOLVE_IN_EDIT_UP_TO) return false;	pending S6/S7 semantic disposition
src/app/services/mechanism.service.ts	493	updateMechanism	point graph	this.links.forEach((link) => {	pending S6/S7 semantic disposition
src/app/services/mechanism.service.ts	494	updateMechanism	legacy record	if (link instanceof RealLink) link.reComputeDPath();	pending S6/S7 semantic disposition
src/app/services/mechanism.service.ts	512	updateMechanism	point graph	const partitioning = partitionMechanisms(this.joints, this.links, this.forces);	pending S6/S7 semantic disposition
src/app/services/mechanism.service.ts	561	updateMechanism	point graph	partition.joints,	pending S6/S7 semantic disposition
src/app/services/mechanism.service.ts	562	updateMechanism	point graph	partition.links,	pending S6/S7 semantic disposition
src/app/services/mechanism.service.ts	635	leaveForceAnalysisWithoutInputs	point graph	const hasMass = this.links.some(	pending S6/S7 semantic disposition
src/app/services/mechanism.service.ts	636	leaveForceAnalysisWithoutInputs	legacy record	(link) => (link instanceof RealLink || link instanceof SliderBlock) && Number(link.mass) > 0	pending S6/S7 semantic disposition
src/app/services/mechanism.service.ts	649	<module>	scale boundary	* does need is the MODEL_SCALE the solvers measure length in; an angular	pending S6/S7 semantic disposition
src/app/services/mechanism.service.ts	668	solveFingerprint	point graph	const joints = partition.joints.map((joint) => {	pending S6/S7 semantic disposition
src/app/services/mechanism.service.ts	669	solveFingerprint	legacy record	const real = joint instanceof RealJoint ? joint : undefined;	pending S6/S7 semantic disposition
src/app/services/mechanism.service.ts	670	solveFingerprint	legacy record	const slide = joint instanceof PrisJoint ? joint.angle_rad : '';	pending S6/S7 semantic disposition
src/app/services/mechanism.service.ts	672	solveFingerprint	legacy record	const kind = joint instanceof PrisJoint ? 'P' : joint instanceof RevJoint ? 'R' : 'J';	pending S6/S7 semantic disposition
src/app/services/mechanism.service.ts	678	solveFingerprint	point graph	const links = partition.links.map((link) => {	pending S6/S7 semantic disposition
src/app/services/mechanism.service.ts	679	solveFingerprint	legacy record	const body = link instanceof RealLink ? link : undefined;	pending S6/S7 semantic disposition
src/app/services/mechanism.service.ts	680	solveFingerprint	point graph	const pins = link.joints.map((joint) => joint.id).join('');	pending S6/S7 semantic disposition
src/app/services/mechanism.service.ts	681	solveFingerprint	point graph	const subset = body?.subset.map((part) => part.id).join('+') ?? '';	pending S6/S7 semantic disposition
src/app/services/mechanism.service.ts	685	solveFingerprint	legacy record	const kind = body ? 'L' : link instanceof SliderBlock ? 'S' : 'K';	pending S6/S7 semantic disposition
src/app/services/mechanism.service.ts	709	inputVelocityFor	legacy record	const driven = partition.ownJoints.find((j) => j instanceof RealJoint && j.input) as	pending S6/S7 semantic disposition
src/app/services/mechanism.service.ts	710	inputVelocityFor	legacy record	RealJoint | undefined;	pending S6/S7 semantic disposition
src/app/services/mechanism.service.ts	713	inputVelocityFor	scale boundary	// quantities, and only the second has a length in it wanting MODEL_SCALE.	pending S6/S7 semantic disposition
src/app/services/mechanism.service.ts	714	inputVelocityFor	legacy record; scale boundary	return driven instanceof PrisJoint ? signed * MODEL_SCALE : (signed * Math.PI) / 30;	pending S6/S7 semantic disposition
src/app/services/mechanism.service.ts	726	driveSpeedOf	legacy record	driveSpeedOf(joint: RealJoint | undefined): number {	pending S6/S7 semantic disposition
src/app/services/mechanism.service.ts	731	driveSpeedOf	legacy record	joint instanceof PrisJoint	pending S6/S7 semantic disposition
src/app/services/mechanism.service.ts	759	setDriveSpeed	legacy record	setDriveSpeed(joint: RealJoint, signed: number): void {	pending S6/S7 semantic disposition
src/app/services/mechanism.service.ts	766	setDriveSpeed	legacy record	if (joint instanceof PrisJoint) {	pending S6/S7 semantic disposition
src/app/services/mechanism.service.ts	794	reconcileOneInputPerMechanism	legacy record	if (!(candidate instanceof RealJoint) || !candidate.input) return;	pending S6/S7 semantic disposition
src/app/services/mechanism.service.ts	826	sayOneInputPerMechanism	legacy record	private sayOneInputPerMechanism(dropped: string[], near?: RealJoint): void {	pending S6/S7 semantic disposition
src/app/services/mechanism.service.ts	850	mobilityNear	legacy record	private mobilityNear(joint?: RealJoint): number | undefined {	pending S6/S7 semantic disposition
src/app/services/mechanism.service.ts	864	clearInputsSharingMechanismWith	legacy record	private clearInputsSharingMechanismWith(joint: RealJoint): string[] {	pending S6/S7 semantic disposition
src/app/services/mechanism.service.ts	872	clearInputsSharingMechanismWith	point graph	? this.joints.filter((candidate) => this.indexOfMechanismContaining(candidate) === -1)	pending S6/S7 semantic disposition
src/app/services/mechanism.service.ts	876	clearInputsSharingMechanismWith	legacy record	if (candidate instanceof RealJoint && candidate.input && candidate.id !== joint.id) {	pending S6/S7 semantic disposition
src/app/services/mechanism.service.ts	906	<module>	point graph	* (`partition.links` carries the frame pieces), so the bar graphed while the	pending S6/S7 semantic disposition
src/app/services/mechanism.service.ts	916	rebuildOwnerIndex	point graph	this.links.forEach((link) => link.joints.forEach((joint) => attached.add(joint)));	pending S6/S7 semantic disposition
src/app/services/mechanism.service.ts	931	rebuildOwnerIndex	point graph	partition.links.forEach(claim);	pending S6/S7 semantic disposition
src/app/services/mechanism.service.ts	937	rebuildOwnerIndex	point graph	partition.joints.forEach(solved);	pending S6/S7 semantic disposition
src/app/services/mechanism.service.ts	938	rebuildOwnerIndex	point graph	partition.links.forEach(solved);	pending S6/S7 semantic disposition
src/app/services/mechanism.service.ts	951	rebuildOwnerIndex	point graph	this.joints.forEach(unassigned);	pending S6/S7 semantic disposition
src/app/services/mechanism.service.ts	952	rebuildOwnerIndex	point graph	this.links.forEach(unassigned);	pending S6/S7 semantic disposition
src/app/services/mechanism.service.ts	970	indexOfMechanismContaining	point graph	partition.links.some((link) => link.id === id) ||	pending S6/S7 semantic disposition
src/app/services/mechanism.service.ts	994	indexOfMechanismSolving	point graph	partition.joints.some((joint) => joint.id === id) ||	pending S6/S7 semantic disposition
src/app/services/mechanism.service.ts	995	indexOfMechanismSolving	point graph	partition.links.some((link) => link.id === id) ||	pending S6/S7 semantic disposition
src/app/services/mechanism.service.ts	1060	partById	point graph	this.joints.find((joint) => joint.id === id) ??	pending S6/S7 semantic disposition
src/app/services/mechanism.service.ts	1061	partById	point graph	this.links.find((link) => link.id === id) ??	pending S6/S7 semantic disposition
src/app/services/mechanism.service.ts	1100	<module>	point graph	* in `joint.links` (the slider rides the bar rather than being one of its	pending S6/S7 semantic disposition
src/app/services/mechanism.service.ts	1106	jointHasForceToGraph	legacy record	if (!(joint instanceof RealJoint)) return false;	pending S6/S7 semantic disposition
src/app/services/mechanism.service.ts	1302	attachmentFrame	legacy record	link: RealLink	pending S6/S7 semantic disposition
src/app/services/mechanism.service.ts	1312	attachmentFrame	point graph	const authored = new Map(frames.joints[0].map((joint) => [joint.id, joint]));	pending S6/S7 semantic disposition
src/app/services/mechanism.service.ts	1313	attachmentFrame	point graph	for (let first = 0; first < link.joints.length; first++) {	pending S6/S7 semantic disposition
src/app/services/mechanism.service.ts	1314	attachmentFrame	point graph	for (let second = first + 1; second < link.joints.length; second++) {	pending S6/S7 semantic disposition
src/app/services/mechanism.service.ts	1315	attachmentFrame	point graph	const a = link.joints[first];	pending S6/S7 semantic disposition
src/app/services/mechanism.service.ts	1316	attachmentFrame	point graph	const b = link.joints[second];	pending S6/S7 semantic disposition
src/app/services/mechanism.service.ts	1345	canAttachAtPose	legacy record	canAttachAtPose(link: RealLink): boolean {	pending S6/S7 semantic disposition
src/app/services/mechanism.service.ts	1400	updateLinkageUnits	point graph	this.joints.forEach((joint) => {	pending S6/S7 semantic disposition
src/app/services/mechanism.service.ts	1409	updateLinkageUnits	legacy record	if (joint instanceof PrisJoint && joint.driveSpeed !== 0) {	pending S6/S7 semantic disposition
src/app/services/mechanism.service.ts	1425	updateLinkageUnits	legacy record	if (link instanceof RealLink) {	pending S6/S7 semantic disposition
src/app/services/mechanism.service.ts	1433	updateLinkageUnits	point graph	link.subset.forEach(updateLink);	pending S6/S7 semantic disposition
src/app/services/mechanism.service.ts	1439	updateLinkageUnits	point graph	this.links.forEach(updateLink);	pending S6/S7 semantic disposition
src/app/services/mechanism.service.ts	1471	getLinkProp	legacy record	if (l instanceof SliderBlock) {	pending S6/S7 semantic disposition
src/app/services/mechanism.service.ts	1474	getLinkProp	legacy record	const link = l as RealLink;	pending S6/S7 semantic disposition
src/app/services/mechanism.service.ts	1515	getJointPath	point graph	if (!solved || solved.joints.length === 0 || solved.joints[0].length === 0) {	pending S6/S7 semantic disposition
src/app/services/mechanism.service.ts	1532	getJointPath	point graph	if (solved.joints[0].some((candidate) => candidate.id === joint.id)) {	pending S6/S7 semantic disposition
src/app/services/mechanism.service.ts	1534	getJointPath	point graph	const sample = solved.joints[step].find((candidate) => candidate.id === joint.id)!;	pending S6/S7 semantic disposition
src/app/services/mechanism.service.ts	1538	getJointPath	point graph	for (let j_index = 1; j_index < solved.joints.length; j_index++) {	pending S6/S7 semantic disposition
src/app/services/mechanism.service.ts	1689	vectorTraceRefusal	legacy record	if (part instanceof RealJoint && this.groundedInPlace(part)) {	pending S6/S7 semantic disposition
src/app/services/mechanism.service.ts	1714	groundedInPlace	legacy record	private groundedInPlace(joint: RealJoint): boolean {	pending S6/S7 semantic disposition
src/app/services/mechanism.service.ts	1726	jointHasReactionVector	legacy record	if (!(part instanceof RealJoint)) return false;	pending S6/S7 semantic disposition
src/app/services/mechanism.service.ts	1810	vectorShapeOf	point graph	solved.joints.length,	pending S6/S7 semantic disposition
src/app/services/mechanism.service.ts	1820	positionSamplerFor	point graph	return (index: number) => solved.joints[index]?.find((one) => one.id === part.id);	pending S6/S7 semantic disposition
src/app/services/mechanism.service.ts	1823	positionSamplerFor	point graph	const link = solved.links[index]?.find((one) => one.id === part.id);	pending S6/S7 semantic disposition
src/app/services/mechanism.service.ts	1824	positionSamplerFor	legacy record	return link instanceof RealLink ? link.CoM : undefined;	pending S6/S7 semantic disposition
src/app/services/mechanism.service.ts	1862	sweptSpanOf	point graph	solved.joints.forEach((frame) =>	pending S6/S7 semantic disposition
src/app/services/mechanism.service.ts	1873	sweptSpanOf	scale boundary	return Number.isFinite(span) && span > 0 ? span : MODEL_SCALE;	pending S6/S7 semantic disposition
src/app/services/mechanism.service.ts	1922	buildLiveVectors	legacy record	const tail = part instanceof Joint ? part : part instanceof RealLink ? part.CoM : undefined;	pending S6/S7 semantic disposition
src/app/services/mechanism.service.ts	1931	mergeToJoints	point graph	this.joints.push(j);	pending S6/S7 semantic disposition
src/app/services/mechanism.service.ts	1937	mergeToLinks	point graph	this.links.push(l);	pending S6/S7 semantic disposition
src/app/services/mechanism.service.ts	1950	addBar	legacy record	addBar(from: Coord, to: Coord): RealLink {	pending S6/S7 semantic disposition
src/app/services/mechanism.service.ts	1963	addBarFrom	legacy record	addBarFrom(anchor: RealJoint, to: Coord): RealLink {	pending S6/S7 semantic disposition
src/app/services/mechanism.service.ts	1969	joinWithBar	legacy record	private joinWithBar(first: RealJoint, second: RealJoint, fresh: Joint[]): RealLink {	pending S6/S7 semantic disposition
src/app/services/mechanism.service.ts	1970	joinWithBar	point graph	first.connectedJoints.push(second);	pending S6/S7 semantic disposition
src/app/services/mechanism.service.ts	1971	joinWithBar	point graph	second.connectedJoints.push(first);	pending S6/S7 semantic disposition
src/app/services/mechanism.service.ts	1973	joinWithBar	point graph	first.links.push(link);	pending S6/S7 semantic disposition
src/app/services/mechanism.service.ts	1974	joinWithBar	point graph	second.links.push(link);	pending S6/S7 semantic disposition
src/app/services/mechanism.service.ts	1989	deleteAll	point graph	if (this.joints.length === 0 && this.links.length === 0 && this.forces.length === 0) return;	pending S6/S7 semantic disposition
src/app/services/mechanism.service.ts	1990	deleteAll	point graph	[...this.joints].forEach((joint) => {	pending S6/S7 semantic disposition
src/app/services/mechanism.service.ts	1996	deleteAll	point graph	if (!this.joints.some((live) => live.id === joint.id)) return;	pending S6/S7 semantic disposition
src/app/services/mechanism.service.ts	2044	deleteMechanism	point graph	if (!this.joints.some((live) => live.id === joint.id)) return;	pending S6/S7 semantic disposition
src/app/services/mechanism.service.ts	2069	determineNextLetter	point graph	const taken = new Set<string>(this.joints.map((joint) => joint.id));	pending S6/S7 semantic disposition
src/app/services/mechanism.service.ts	2104	determineInteriorNames	point graph	const taken = new Set(this.joints.map((joint) => joint.id));	pending S6/S7 semantic disposition
src/app/services/mechanism.service.ts	2124	createRevJoint	legacy record	return new RevJoint(id, x_num, y_num);	pending S6/S7 semantic disposition
src/app/services/mechanism.service.ts	2135	toggleLock	legacy record	toggleLock(target: RealJoint | Link | Force): void {	pending S6/S7 semantic disposition
src/app/services/mechanism.service.ts	2155	setLocks	legacy record	setLocks(targets: readonly (RealJoint | Link | Force)[], locked: boolean): void {	pending S6/S7 semantic disposition
src/app/services/mechanism.service.ts	2156	setLocks	legacy record	const marks = new Set<RealJoint | Force>();	pending S6/S7 semantic disposition
src/app/services/mechanism.service.ts	2164	lockMarksOf	legacy record	private lockMarksOf(target: RealJoint | Link | Force): (RealJoint | Force)[] {	pending S6/S7 semantic disposition
src/app/services/mechanism.service.ts	2173	lockMarksOf	legacy record	if (target instanceof RealJoint) return [target];	pending S6/S7 semantic disposition
src/app/services/mechanism.service.ts	2174	lockMarksOf	point graph; legacy record	return target.joints.filter((joint): joint is RealJoint => joint instanceof RealJoint);	pending S6/S7 semantic disposition
src/app/services/mechanism.service.ts	2183	sealedPartOf	legacy record	private sealedPartOf(target: RealJoint | Link | Force): Cylinder | undefined {	pending S6/S7 semantic disposition
src/app/services/mechanism.service.ts	2191	sealedPartOf	legacy record	target instanceof RealJoint &&	pending S6/S7 semantic disposition
src/app/services/mechanism.service.ts	2200	unlock	legacy record	unlock(marks: (RealJoint | Force)[]): void {	pending S6/S7 semantic disposition
src/app/services/mechanism.service.ts	2217	isLockedTarget	legacy record	isLockedTarget(target: RealJoint | Link | Force): boolean {	pending S6/S7 semantic disposition
src/app/services/mechanism.service.ts	2230	setAllLocks	point graph	this.joints.forEach((joint) => {	pending S6/S7 semantic disposition
src/app/services/mechanism.service.ts	2231	setAllLocks	legacy record	if (joint instanceof RealJoint) joint.locked = locked;	pending S6/S7 semantic disposition
src/app/services/mechanism.service.ts	2248	lockCounts	point graph; legacy record	...this.joints.filter((joint): joint is RealJoint => joint instanceof RealJoint),	pending S6/S7 semantic disposition
src/app/services/mechanism.service.ts	2260	holdOf	point graph	return holdOf(link, this.joints, this.sealedStructures());	pending S6/S7 semantic disposition
src/app/services/mechanism.service.ts	2320	releaseHolds	legacy record	held.forEach((link) => ((link as RealLink).hold = undefined));	pending S6/S7 semantic disposition
src/app/services/mechanism.service.ts	2332	jointsOrphanedByDeleting	legacy record	jointsOrphanedByDeleting(link: Link): RealJoint[] {	pending S6/S7 semantic disposition
src/app/services/mechanism.service.ts	2340	jointsOrphanedByDeleting	point graph; legacy record	[link, ...(link instanceof RealLink ? link.subset : [])].map((one) => one.id)	pending S6/S7 semantic disposition
src/app/services/mechanism.service.ts	2347	jointsOrphanedByDeleting	point graph; legacy record	if (!(candidate instanceof RealLink) || candidate.subset.length === 0) return true;	pending S6/S7 semantic disposition
src/app/services/mechanism.service.ts	2349	jointsOrphanedByDeleting	point graph	return candidate.subset.some((leaf) => !doomed.has(leaf.id));	pending S6/S7 semantic disposition
src/app/services/mechanism.service.ts	2352	jointsOrphanedByDeleting	point graph	this.links.some(	pending S6/S7 semantic disposition
src/app/services/mechanism.service.ts	2355	jointsOrphanedByDeleting	point graph	(candidate.joints.includes(joint) ||	pending S6/S7 semantic disposition
src/app/services/mechanism.service.ts	2356	jointsOrphanedByDeleting	legacy record	(candidate instanceof RealLink &&	pending S6/S7 semantic disposition
src/app/services/mechanism.service.ts	2357	jointsOrphanedByDeleting	point graph	candidate.subset.some((leaf) => !doomed.has(leaf.id) && leaf.joints.includes(joint))))	pending S6/S7 semantic disposition
src/app/services/mechanism.service.ts	2369	jointsOrphanedByDeleting	point graph	return this.joints.filter(	pending S6/S7 semantic disposition
src/app/services/mechanism.service.ts	2370	jointsOrphanedByDeleting	legacy record	(joint): joint is RealJoint =>	pending S6/S7 semantic disposition
src/app/services/mechanism.service.ts	2371	jointsOrphanedByDeleting	legacy record	joint instanceof RealJoint && !inside.has(joint.id) && !held(joint)	pending S6/S7 semantic disposition
src/app/services/mechanism.service.ts	2389	linksRemovedByDeleting	legacy record	linksRemovedByDeleting(joint: RealJoint): Link[] {	pending S6/S7 semantic disposition
src/app/services/mechanism.service.ts	2391	linksRemovedByDeleting	point graph	for (const link of joint.links) {	pending S6/S7 semantic disposition
src/app/services/mechanism.service.ts	2392	linksRemovedByDeleting	point graph; legacy record	const parts = link instanceof RealLink && link.subset.length > 0 ? link.subset : [link];	pending S6/S7 semantic disposition
src/app/services/mechanism.service.ts	2394	linksRemovedByDeleting	point graph	if (!part.joints.some((member) => member.id === joint.id)) continue;	pending S6/S7 semantic disposition
src/app/services/mechanism.service.ts	2395	linksRemovedByDeleting	point graph	if (part.joints.length < 3) doomed.push(part);	pending S6/S7 semantic disposition
src/app/services/mechanism.service.ts	2411	duplicateLink	legacy record	duplicateLink(link: RealLink): void {	pending S6/S7 semantic disposition
src/app/services/mechanism.service.ts	2416	duplicateLink	point graph; legacy record	const source = link.joints.filter((joint): joint is RealJoint => joint instanceof RealJoint);	pending S6/S7 semantic disposition
src/app/services/mechanism.service.ts	2429	duplicateLink	legacy record	return new RevJoint(id, joint.x + step.x, joint.y + step.y);	pending S6/S7 semantic disposition
src/app/services/mechanism.service.ts	2472	duplicateLink	point graph	joint.links.push(copy);	pending S6/S7 semantic disposition
src/app/services/mechanism.service.ts	2474	duplicateLink	point graph	if (other.id !== joint.id) joint.connectedJoints.push(other);	pending S6/S7 semantic disposition
src/app/services/mechanism.service.ts	2477	duplicateLink	point graph	this.joints.push(...made);	pending S6/S7 semantic disposition
src/app/services/mechanism.service.ts	2478	duplicateLink	point graph	this.links.push(copy);	pending S6/S7 semantic disposition
src/app/services/mechanism.service.ts	2485	canDuplicate	point graph; legacy record	if (!(link instanceof RealLink) || link.subset.length > 0) return false;	pending S6/S7 semantic disposition
src/app/services/mechanism.service.ts	2487	canDuplicate	point graph; legacy record	return link.joints.filter((joint) => joint instanceof RealJoint).length >= 2;	pending S6/S7 semantic disposition
src/app/services/mechanism.service.ts	2494	sideStepFor	legacy record	private sideStepFor(joints: RealJoint[]): { x: number; y: number } {	pending S6/S7 semantic disposition
src/app/services/mechanism.service.ts	2505	anythingLocked	point graph; legacy record	this.joints.some((joint) => joint instanceof RealJoint && joint.locked) ||	pending S6/S7 semantic disposition
src/app/services/mechanism.service.ts	2511	toggleWeldedJoint	point graph	const joint = this.joints.find((j) => j.id === this.activeObjService.selectedJoint?.id) as	pending S6/S7 semantic disposition
src/app/services/mechanism.service.ts	2512	toggleWeldedJoint	legacy record	RealJoint | undefined;	pending S6/S7 semantic disposition
src/app/services/mechanism.service.ts	2522	createNewCompoundLink	legacy record	private createNewCompoundLink(linksToWeld: RealLink[]): RealLink {	pending S6/S7 semantic disposition
src/app/services/mechanism.service.ts	2524	createNewCompoundLink	point graph	link.subset.length > 0	pending S6/S7 semantic disposition
src/app/services/mechanism.service.ts	2525	createNewCompoundLink	point graph; legacy record	? (link.subset.filter((item) => item instanceof RealLink) as RealLink[])	pending S6/S7 semantic disposition
src/app/services/mechanism.service.ts	2538	createNewCompoundLink	point graph	.filter((link) => link.subset.length > 0)	pending S6/S7 semantic disposition
src/app/services/mechanism.service.ts	2540	createNewCompoundLink	point graph	(left, right) => right.subset.length - left.subset.length || left.id.localeCompare(right.id)	pending S6/S7 semantic disposition
src/app/services/mechanism.service.ts	2562	createNewCompoundLinkFromSubset	legacy record	private createNewCompoundLinkFromSubset(subset: RealLink[], continues?: RealLink): RealLink {	pending S6/S7 semantic disposition
src/app/services/mechanism.service.ts	2567	createNewCompoundLinkFromSubset	point graph	.flatMap((link) => link.joints)	pending S6/S7 semantic disposition
src/app/services/mechanism.service.ts	2589	createNewCompoundLinkFromSubset	scale boundary	// are MODEL_SCALE user units, and mass and inertia live in different	pending S6/S7 semantic disposition
src/app/services/mechanism.service.ts	2591	createNewCompoundLinkFromSubset	scale boundary	// tens of thousands of kg·cm² — off by MODEL_SCALE² times the unit ratio.	pending S6/S7 semantic disposition
src/app/services/mechanism.service.ts	2603	createNewCompoundLinkFromSubset	legacy record	const newLink = new RealLink(id, newLinkJoints, totalMass, massMoI, CoM, leaves);	pending S6/S7 semantic disposition
src/app/services/mechanism.service.ts	2639	rebuildJointGraph	point graph; legacy record	const realJoints = this.joints.filter((joint) => joint instanceof RealJoint) as RealJoint[];	pending S6/S7 semantic disposition
src/app/services/mechanism.service.ts	2641	rebuildJointGraph	point graph	joint.links = [];	pending S6/S7 semantic disposition
src/app/services/mechanism.service.ts	2642	rebuildJointGraph	point graph	joint.connectedJoints = [];	pending S6/S7 semantic disposition
src/app/services/mechanism.service.ts	2645	rebuildJointGraph	point graph	this.links.forEach((link) => {	pending S6/S7 semantic disposition
src/app/services/mechanism.service.ts	2646	rebuildJointGraph	point graph; legacy record	const jointsOnLink = link.joints.filter((joint) => joint instanceof RealJoint) as RealJoint[];	pending S6/S7 semantic disposition
src/app/services/mechanism.service.ts	2648	rebuildJointGraph	point graph	if (!joint.links.includes(link)) joint.links.push(link);	pending S6/S7 semantic disposition
src/app/services/mechanism.service.ts	2652	rebuildJointGraph	point graph	!joint.connectedJoints.some((candidate) => candidate.id === otherJoint.id)	pending S6/S7 semantic disposition
src/app/services/mechanism.service.ts	2654	rebuildJointGraph	point graph	joint.connectedJoints.push(otherJoint);	pending S6/S7 semantic disposition
src/app/services/mechanism.service.ts	2661	attachForceToLink	legacy record	private attachForceToLink(force: Force, link: RealLink): void {	pending S6/S7 semantic disposition
src/app/services/mechanism.service.ts	2662	attachForceToLink	point graph	this.links.forEach((candidate) => {	pending S6/S7 semantic disposition
src/app/services/mechanism.service.ts	2664	attachForceToLink	legacy record	if (candidate instanceof RealLink) {	pending S6/S7 semantic disposition
src/app/services/mechanism.service.ts	2665	attachForceToLink	point graph	candidate.subset.forEach((subset) => {	pending S6/S7 semantic disposition
src/app/services/mechanism.service.ts	2674	attachForceToLink	point graph	if (link.subset.length === 0) force.anchoredTo = link.id;	pending S6/S7 semantic disposition
src/app/services/mechanism.service.ts	2679	detachForce	point graph	this.links.forEach((link) => {	pending S6/S7 semantic disposition
src/app/services/mechanism.service.ts	2683	detachForce	legacy record	if (link instanceof RealLink) {	pending S6/S7 semantic disposition
src/app/services/mechanism.service.ts	2684	detachForce	point graph	link.subset.forEach((subset) => {	pending S6/S7 semantic disposition
src/app/services/mechanism.service.ts	2703	<module>	legacy record	* Slide's RevJoint flagged with nothing behind it.	pending S6/S7 semantic disposition
src/app/services/mechanism.service.ts	2715	finishStructuralEdit	point graph	this.activeObjService.reconcilePartSelection(this.joints, this.links, this.forces);	pending S6/S7 semantic disposition
src/app/services/mechanism.service.ts	2732	assignBodyMass	point graph; legacy record	if (body instanceof RealLink && body.subset.length > 0) {	pending S6/S7 semantic disposition
src/app/services/mechanism.service.ts	2733	assignBodyMass	point graph	const members = body.subset;	pending S6/S7 semantic disposition
src/app/services/mechanism.service.ts	2758	rootLinkOwning	point graph; legacy record	(candidate instanceof RealLink && candidate.subset.some(contains));	pending S6/S7 semantic disposition
src/app/services/mechanism.service.ts	2759	rootLinkOwning	point graph	return this.links.find(contains);	pending S6/S7 semantic disposition
src/app/services/mechanism.service.ts	2808	reconcileSlots	point graph	this.joints.forEach((joint) => {	pending S6/S7 semantic disposition
src/app/services/mechanism.service.ts	2809	reconcileSlots	legacy record	if (!(joint instanceof PrisJoint) || !joint.isFloating) return;	pending S6/S7 semantic disposition
src/app/services/mechanism.service.ts	2856	rootCarrying	point graph; legacy record	carrier instanceof RealLink && carrier.subset.length > 0 ? carrier.subset : [carrier];	pending S6/S7 semantic disposition
src/app/services/mechanism.service.ts	2860	rootCarrying	point graph	if (root && root.joints.includes(a) && root.joints.includes(b)) found.add(root);	pending S6/S7 semantic disposition
src/app/services/mechanism.service.ts	2882	reconcileAssemblyWelds	point graph	this.joints.forEach((joint) => {	pending S6/S7 semantic disposition
src/app/services/mechanism.service.ts	2883	reconcileAssemblyWelds	legacy record	if (!(joint instanceof RealJoint) || !joint.isWelded) return;	pending S6/S7 semantic disposition
src/app/services/mechanism.service.ts	2925	reconcileAssemblyWelds	point graph	const bodiesAtJoint = this.links.filter(	pending S6/S7 semantic disposition
src/app/services/mechanism.service.ts	2926	reconcileAssemblyWelds	point graph; legacy record	(link): link is RealLink => link instanceof RealLink && link.joints.includes(joint)	pending S6/S7 semantic disposition
src/app/services/mechanism.service.ts	2950	mergeJoints	legacy record	mergeJoints(source: RealJoint, target: RealJoint): MergeRefusal | undefined {	pending S6/S7 semantic disposition
src/app/services/mechanism.service.ts	2992	mergeJoints	point graph	this.links.forEach((link) => this.replaceJointInLink(link, source, target));	pending S6/S7 semantic disposition
src/app/services/mechanism.service.ts	3002	mergeJoints	point graph	this.joints.forEach((joint) => {	pending S6/S7 semantic disposition
src/app/services/mechanism.service.ts	3003	mergeJoints	legacy record	if (!(joint instanceof PrisJoint) || !joint.isFloating) return;	pending S6/S7 semantic disposition
src/app/services/mechanism.service.ts	3014	mergeJoints	point graph	this.joints = this.joints.filter((joint) => joint.id !== source.id);	pending S6/S7 semantic disposition
src/app/services/mechanism.service.ts	3016	mergeJoints	point graph	// Only link membership has moved so far. Everything below reads joint.links	pending S6/S7 semantic disposition
src/app/services/mechanism.service.ts	3017	mergeJoints	point graph	// or joint.connectedJoints, so connectivity has to be re-derived first.	pending S6/S7 semantic disposition
src/app/services/mechanism.service.ts	3022	mergeJoints	point graph	this.joints.forEach((joint) => {	pending S6/S7 semantic disposition
src/app/services/mechanism.service.ts	3023	mergeJoints	legacy record	if (!(joint instanceof PrisJoint)) return;	pending S6/S7 semantic disposition
src/app/services/mechanism.service.ts	3024	mergeJoints	point graph	if (!joint.connectedJoints.some((connected) => connected.id === target.id)) return;	pending S6/S7 semantic disposition
src/app/services/mechanism.service.ts	3044	replaceJointInLink	legacy record	private replaceJointInLink(link: Link, source: RealJoint, target: RealJoint): void {	pending S6/S7 semantic disposition
src/app/services/mechanism.service.ts	3045	replaceJointInLink	legacy record	if (link instanceof RealLink) {	pending S6/S7 semantic disposition
src/app/services/mechanism.service.ts	3046	replaceJointInLink	point graph	link.subset.forEach((sub) => this.replaceJointInLink(sub, source, target));	pending S6/S7 semantic disposition
src/app/services/mechanism.service.ts	3048	replaceJointInLink	point graph	const index = link.joints.findIndex((joint) => joint.id === source.id);	pending S6/S7 semantic disposition
src/app/services/mechanism.service.ts	3053	replaceJointInLink	point graph	link.joints[index] = target;	pending S6/S7 semantic disposition
src/app/services/mechanism.service.ts	3056	replaceJointInLink	point graph	link.id = link.joints	pending S6/S7 semantic disposition
src/app/services/mechanism.service.ts	3067	replaceJointInLink	legacy record	if (link instanceof RealLink) {	pending S6/S7 semantic disposition
src/app/services/mechanism.service.ts	3069	replaceJointInLink	point graph; legacy record	link.CoM = RealLink.determineCenterOfMass(link.joints);	pending S6/S7 semantic disposition
src/app/services/mechanism.service.ts	3119	canDeleteTracerAtPose	legacy record	canDeleteTracerAtPose(joint: RealJoint): boolean {	pending S6/S7 semantic disposition
src/app/services/mechanism.service.ts	3120	canDeleteTracerAtPose	legacy record	if (!(joint instanceof RevJoint) || joint.ground || joint.input || joint.isWelded) return false;	pending S6/S7 semantic disposition
src/app/services/mechanism.service.ts	3121	canDeleteTracerAtPose	point graph	if (joint.links.length !== 1 || this.cylinderAt(joint)) return false;	pending S6/S7 semantic disposition
src/app/services/mechanism.service.ts	3122	canDeleteTracerAtPose	point graph	const link = joint.links[0];	pending S6/S7 semantic disposition
src/app/services/mechanism.service.ts	3123	canDeleteTracerAtPose	point graph; legacy record	if (!(link instanceof RealLink) || link.subset.length > 0 || link.joints.length < 3)	pending S6/S7 semantic disposition
src/app/services/mechanism.service.ts	3126	canDeleteTracerAtPose	point graph	this.joints.some(	pending S6/S7 semantic disposition
src/app/services/mechanism.service.ts	3128	canDeleteTracerAtPose	legacy record	other instanceof PrisJoint &&	pending S6/S7 semantic disposition
src/app/services/mechanism.service.ts	3148	deleteJoint	point graph	// into `this.joints` without re-checking, so -1 there is a TypeError on one	pending S6/S7 semantic disposition
src/app/services/mechanism.service.ts	3152	deleteJoint	point graph	if (!selected || !this.joints.some((joint) => joint.id === selected.id)) return;	pending S6/S7 semantic disposition
src/app/services/mechanism.service.ts	3184	deleteJoint	point graph	if (!this.joints.some((joint) => joint.id === doomed.id)) {	pending S6/S7 semantic disposition
src/app/services/mechanism.service.ts	3205	deleteJoint	point graph	this.links = this.links.flatMap((link) =>	pending S6/S7 semantic disposition
src/app/services/mechanism.service.ts	3206	deleteJoint	point graph; legacy record	link instanceof RealLink && link.subset.length > 0 && link.joints.includes(doomed)	pending S6/S7 semantic disposition
src/app/services/mechanism.service.ts	3214	deleteJoint	legacy record	// second pointer -- and the drag then writes through a SliderBlock whose	pending S6/S7 semantic disposition
src/app/services/mechanism.service.ts	3220	deleteJoint	point graph	this.joints	pending S6/S7 semantic disposition
src/app/services/mechanism.service.ts	3230	deleteJoint	point graph	this.activeObjService.selectedJoint.links.forEach((l) => {	pending S6/S7 semantic disposition
src/app/services/mechanism.service.ts	3232	deleteJoint	point graph	if (l.joints.length < 3) {	pending S6/S7 semantic disposition
src/app/services/mechanism.service.ts	3237	deleteJoint	legacy record	if (l instanceof RealLink) {	pending S6/S7 semantic disposition
src/app/services/mechanism.service.ts	3243	deleteJoint	point graph	l.joints[0].id === this.activeObjService.selectedJoint.id	pending S6/S7 semantic disposition
src/app/services/mechanism.service.ts	3244	deleteJoint	point graph	? l.joints[1].id	pending S6/S7 semantic disposition
src/app/services/mechanism.service.ts	3245	deleteJoint	point graph	: l.joints[0].id;	pending S6/S7 semantic disposition
src/app/services/mechanism.service.ts	3246	deleteJoint	point graph	const desiredJointIndex = this.gridUtils.findJointIDIndex(desiredJointID, this.joints);	pending S6/S7 semantic disposition
src/app/services/mechanism.service.ts	3249	deleteJoint	point graph; legacy record	(this.joints[desiredJointIndex] as RealJoint).connectedJoints	pending S6/S7 semantic disposition
src/app/services/mechanism.service.ts	3251	deleteJoint	point graph; legacy record	(this.joints[desiredJointIndex] as RealJoint).connectedJoints.splice(deleteJointIndex, 1);	pending S6/S7 semantic disposition
src/app/services/mechanism.service.ts	3252	deleteJoint	point graph; legacy record	const deleteLinkIndex = (this.joints[desiredJointIndex] as RealJoint).links.findIndex(	pending S6/S7 semantic disposition
src/app/services/mechanism.service.ts	3254	deleteJoint	legacy record	if (!(lin instanceof RealLink)) {	pending S6/S7 semantic disposition
src/app/services/mechanism.service.ts	3260	deleteJoint	point graph; legacy record	(this.joints[desiredJointIndex] as RealJoint).links.splice(deleteLinkIndex, 1);	pending S6/S7 semantic disposition
src/app/services/mechanism.service.ts	3262	deleteJoint	point graph	const deleteLinkIndex2 = this.links.findIndex((li) => li.id === l.id);	pending S6/S7 semantic disposition
src/app/services/mechanism.service.ts	3263	deleteJoint	point graph	this.links.splice(deleteLinkIndex2, 1);	pending S6/S7 semantic disposition
src/app/services/mechanism.service.ts	3265	deleteJoint	point graph	l.joints.forEach((jt) => {	pending S6/S7 semantic disposition
src/app/services/mechanism.service.ts	3266	deleteJoint	legacy record	if (!(jt instanceof RealJoint)) {	pending S6/S7 semantic disposition
src/app/services/mechanism.service.ts	3272	deleteJoint	point graph	const deleteJointIndex = jt.connectedJoints.findIndex(	pending S6/S7 semantic disposition
src/app/services/mechanism.service.ts	3275	deleteJoint	point graph	jt.connectedJoints.splice(deleteJointIndex, 1);	pending S6/S7 semantic disposition
src/app/services/mechanism.service.ts	3278	deleteJoint	point graph	const delJointIndex = l.joints.findIndex(	pending S6/S7 semantic disposition
src/app/services/mechanism.service.ts	3281	deleteJoint	point graph	l.joints.splice(delJointIndex, 1);	pending S6/S7 semantic disposition
src/app/services/mechanism.service.ts	3283	deleteJoint	legacy record	if (!(l instanceof RealLink)) {	pending S6/S7 semantic disposition
src/app/services/mechanism.service.ts	3286	deleteJoint	legacy record	// Captured as a const so the narrowing to RealLink survives into the	pending S6/S7 semantic disposition
src/app/services/mechanism.service.ts	3288	deleteJoint	point graph	const subsets = l.subset;	pending S6/S7 semantic disposition
src/app/services/mechanism.service.ts	3294	deleteJoint	point graph	l.subset.forEach((s) =>	pending S6/S7 semantic disposition
src/app/services/mechanism.service.ts	3299	deleteJointFromLink	point graph	let delJointIndex = l.joints.findIndex((jt) => jt.id === j.id);	pending S6/S7 semantic disposition
src/app/services/mechanism.service.ts	3303	deleteJointFromLink	point graph	l.joints.splice(delJointIndex, 1);	pending S6/S7 semantic disposition
src/app/services/mechanism.service.ts	3317	deleteJoint	point graph	l_subset_index < l.subset.length;	pending S6/S7 semantic disposition
src/app/services/mechanism.service.ts	3320	deleteJoint	point graph	const sub = l.subset[l_subset_index];	pending S6/S7 semantic disposition
src/app/services/mechanism.service.ts	3330	deleteJoint	point graph	const sharesAJoint = sub.joints.some((joint) =>	pending S6/S7 semantic disposition
src/app/services/mechanism.service.ts	3333	deleteJoint	point graph	other !== sub && other.joints.some((candidate) => candidate.id === joint.id)	pending S6/S7 semantic disposition
src/app/services/mechanism.service.ts	3337	deleteJoint	point graph	// This link will be pushed to this.links	pending S6/S7 semantic disposition
src/app/services/mechanism.service.ts	3338	deleteJoint	point graph	if (sub.joints.length > 1) {	pending S6/S7 semantic disposition
src/app/services/mechanism.service.ts	3339	deleteJoint	point graph	sub.joints.forEach((childJoint) => {	pending S6/S7 semantic disposition
src/app/services/mechanism.service.ts	3340	deleteJoint	legacy record	if (!(childJoint instanceof RealJoint)) {	pending S6/S7 semantic disposition
src/app/services/mechanism.service.ts	3343	deleteJoint	point graph	let delLinkIndex = childJoint.links.findIndex((li) => li.id === l.id);	pending S6/S7 semantic disposition
src/app/services/mechanism.service.ts	3344	deleteJoint	point graph	childJoint.links.splice(delLinkIndex, 1);	pending S6/S7 semantic disposition
src/app/services/mechanism.service.ts	3345	deleteJoint	point graph	childJoint.links.push(sub);	pending S6/S7 semantic disposition
src/app/services/mechanism.service.ts	3346	deleteJoint	point graph	childJoint.connectedJoints = [];	pending S6/S7 semantic disposition
src/app/services/mechanism.service.ts	3347	deleteJoint	point graph	childJoint.links.forEach((li) => {	pending S6/S7 semantic disposition
src/app/services/mechanism.service.ts	3348	deleteJoint	legacy record	if (!(li instanceof RealLink)) {	pending S6/S7 semantic disposition
src/app/services/mechanism.service.ts	3351	deleteJoint	point graph	li.joints.forEach((jt) => {	pending S6/S7 semantic disposition
src/app/services/mechanism.service.ts	3354	deleteJoint	point graph	childJoint.connectedJoints.findIndex((jt2) => jt2.id === jt.id) !== -1 ||	pending S6/S7 semantic disposition
src/app/services/mechanism.service.ts	3359	deleteJoint	point graph	childJoint.connectedJoints.push(jt);	pending S6/S7 semantic disposition
src/app/services/mechanism.service.ts	3363	deleteJoint	point graph	this.links.push(sub);	pending S6/S7 semantic disposition
src/app/services/mechanism.service.ts	3365	deleteJoint	point graph	} else if (sub.joints.length === 1) {	pending S6/S7 semantic disposition
src/app/services/mechanism.service.ts	3367	deleteJoint	point graph	const curSubIndex = l.subset.findIndex((su) => su.id === sub.id);	pending S6/S7 semantic disposition
src/app/services/mechanism.service.ts	3369	deleteJoint	point graph	l.subset.forEach((su, su_index) => {	pending S6/S7 semantic disposition
src/app/services/mechanism.service.ts	3370	deleteJoint	legacy record	if (!(su instanceof RealLink) || su_index === curSubIndex) {	pending S6/S7 semantic disposition
src/app/services/mechanism.service.ts	3373	deleteJoint	point graph	if (su.joints.findIndex((jt) => jt.id === sub.joints[0].id) !== -1) {	pending S6/S7 semantic disposition
src/app/services/mechanism.service.ts	3378	deleteJoint	point graph	// just splice the l_sub_index from l.subset	pending S6/S7 semantic disposition
src/app/services/mechanism.service.ts	3379	deleteJoint	point graph	l.subset.splice(l_subset_index, 1);	pending S6/S7 semantic disposition
src/app/services/mechanism.service.ts	3384	deleteJoint	point graph; legacy record	const delLinkIndex = (sub.joints[0] as RealJoint).links.findIndex(	pending S6/S7 semantic disposition
src/app/services/mechanism.service.ts	3387	deleteJoint	point graph; legacy record	(sub.joints[0] as RealJoint).links.splice(delLinkIndex, 1);	pending S6/S7 semantic disposition
src/app/services/mechanism.service.ts	3388	deleteJoint	point graph; legacy record	(sub.joints[0] as RealJoint).connectedJoints = [];	pending S6/S7 semantic disposition
src/app/services/mechanism.service.ts	3389	deleteJoint	point graph; legacy record	(sub.joints[0] as RealJoint).links.forEach((childLink) => {	pending S6/S7 semantic disposition
src/app/services/mechanism.service.ts	3390	deleteJoint	legacy record	if (!(childLink instanceof RealLink)) {	pending S6/S7 semantic disposition
src/app/services/mechanism.service.ts	3394	deleteJoint	point graph	childLink.joints.forEach((jt) =>	pending S6/S7 semantic disposition
src/app/services/mechanism.service.ts	3395	deleteJoint	point graph; legacy record	(sub.joints[0] as RealJoint).connectedJoints.push(jt)	pending S6/S7 semantic disposition
src/app/services/mechanism.service.ts	3399	deleteJoint	point graph	(fixedloc) => fixedloc.id === sub.joints[0].id	pending S6/S7 semantic disposition
src/app/services/mechanism.service.ts	3402	deleteJoint	point graph	if (l.fixedLocation.fixedPoint === sub.joints[0].id) {	pending S6/S7 semantic disposition
src/app/services/mechanism.service.ts	3406	deleteJoint	point graph	l.subset.splice(l_subset_index, 1);	pending S6/S7 semantic disposition
src/app/services/mechanism.service.ts	3411	deleteJoint	point graph	const sliceIndex = l.subset.findIndex((s) => s.id === sub.id);	pending S6/S7 semantic disposition
src/app/services/mechanism.service.ts	3412	deleteJoint	point graph	l.subset.splice(sliceIndex, 1);	pending S6/S7 semantic disposition
src/app/services/mechanism.service.ts	3416	deleteJoint	point graph	sub.joints.forEach((jt) => {	pending S6/S7 semantic disposition
src/app/services/mechanism.service.ts	3417	deleteJoint	legacy record	if (!(jt instanceof RealJoint)) {	pending S6/S7 semantic disposition
src/app/services/mechanism.service.ts	3420	deleteJoint	point graph	const deleteJointIndex = l.joints.findIndex((jt2) => jt2.id === jt.id);	pending S6/S7 semantic disposition
src/app/services/mechanism.service.ts	3424	deleteJoint	point graph	l.joints.splice(deleteJointIndex, 1);	pending S6/S7 semantic disposition
src/app/services/mechanism.service.ts	3427	deleteJoint	point graph	l.joints.forEach((jt) => {	pending S6/S7 semantic disposition
src/app/services/mechanism.service.ts	3428	deleteJoint	legacy record	if (!(jt instanceof RealJoint)) {	pending S6/S7 semantic disposition
src/app/services/mechanism.service.ts	3433	deleteJoint	point graph	connectedJointIndex < jt.connectedJoints.length;	pending S6/S7 semantic disposition
src/app/services/mechanism.service.ts	3436	deleteJoint	point graph; legacy record	const jt2 = jt.connectedJoints[connectedJointIndex] as RealJoint;	pending S6/S7 semantic disposition
src/app/services/mechanism.service.ts	3438	deleteJoint	point graph	const delConnectedJoint = sub.joints.findIndex((jt3) => jt3.id === jt2.id) !== -1;	pending S6/S7 semantic disposition
src/app/services/mechanism.service.ts	3440	deleteJoint	point graph	jt.connectedJoints.splice(connectedJointIndex, 1);	pending S6/S7 semantic disposition
src/app/services/mechanism.service.ts	3447	deleteJoint	point graph	} else if (sub.joints.length === 1) {	pending S6/S7 semantic disposition
src/app/services/mechanism.service.ts	3451	deleteJoint	point graph	l.subset.splice(l_subset_index, 1);	pending S6/S7 semantic disposition
src/app/services/mechanism.service.ts	3471	deleteJoint	point graph	const at = this.links.findIndex((li) => li.id === id);	pending S6/S7 semantic disposition
src/app/services/mechanism.service.ts	3472	deleteJoint	point graph	if (at >= 0) this.links.splice(at, 1);	pending S6/S7 semantic disposition
src/app/services/mechanism.service.ts	3474	deleteJoint	point graph	if (l.subset.length === 1) {	pending S6/S7 semantic disposition
src/app/services/mechanism.service.ts	3476	deleteJoint	point graph	const survivor = l.subset[0];	pending S6/S7 semantic disposition
src/app/services/mechanism.service.ts	3479	deleteJoint	point graph	this.links.push(survivor);	pending S6/S7 semantic disposition
src/app/services/mechanism.service.ts	3480	deleteJoint	point graph	survivor.joints.forEach((jt) => {	pending S6/S7 semantic disposition
src/app/services/mechanism.service.ts	3481	deleteJoint	legacy record	if (!(jt instanceof RealJoint)) {	pending S6/S7 semantic disposition
src/app/services/mechanism.service.ts	3485	deleteJoint	point graph	jt.links = [];	pending S6/S7 semantic disposition
src/app/services/mechanism.service.ts	3486	deleteJoint	point graph	jt.links.push(survivor);	pending S6/S7 semantic disposition
src/app/services/mechanism.service.ts	3489	deleteJoint	point graph	} else if (l.subset.length === 0) {	pending S6/S7 semantic disposition
src/app/services/mechanism.service.ts	3494	deleteJoint	legacy record	if (l instanceof SliderBlock) {	pending S6/S7 semantic disposition
src/app/services/mechanism.service.ts	3496	deleteJoint	point graph	l.joints.forEach((j) => {	pending S6/S7 semantic disposition
src/app/services/mechanism.service.ts	3498	deleteJoint	point graph	this.joints.splice(this.gridUtils.findJointIDIndex(j.id, this.joints), 1);	pending S6/S7 semantic disposition
src/app/services/mechanism.service.ts	3504	deleteJointWithinLinkAndSubsets	legacy record	function deleteJointWithinLinkAndSubsets(link: RealLink, joint: Joint) {	pending S6/S7 semantic disposition
src/app/services/mechanism.service.ts	3514	deleteJointWithinLinkAndSubsets	point graph	const jointIndex = link.joints.findIndex((j) => j.id === joint.id);	pending S6/S7 semantic disposition
src/app/services/mechanism.service.ts	3516	deleteJointWithinLinkAndSubsets	point graph	link.joints.splice(jointIndex, 1);	pending S6/S7 semantic disposition
src/app/services/mechanism.service.ts	3521	deleteJointWithinLinkAndSubsets	point graph	link.subset.forEach((li) => {	pending S6/S7 semantic disposition
src/app/services/mechanism.service.ts	3522	deleteJointWithinLinkAndSubsets	legacy record	if (!(li instanceof RealLink)) {	pending S6/S7 semantic disposition
src/app/services/mechanism.service.ts	3532	deleteJoint	point graph	this.activeObjService.selectedJoint.links.forEach((l) => {	pending S6/S7 semantic disposition
src/app/services/mechanism.service.ts	3533	deleteJoint	legacy record	if (!(l instanceof RealLink)) {	pending S6/S7 semantic disposition
src/app/services/mechanism.service.ts	3539	deleteJoint	point graph	this.joints.splice(jointIndex, 1);	pending S6/S7 semantic disposition
src/app/services/mechanism.service.ts	3554	splitSubset	legacy record	splitSubset(subset: Link[], joint: RealJoint): Link[][] {	pending S6/S7 semantic disposition
src/app/services/mechanism.service.ts	3556	splitSubset	point graph	const linksConnectedToJoint = subset.filter((l) => l.joints.includes(joint));	pending S6/S7 semantic disposition
src/app/services/mechanism.service.ts	3613	addJointAtCOM	point graph	let joint1 = link.joints[0];	pending S6/S7 semantic disposition
src/app/services/mechanism.service.ts	3614	addJointAtCOM	point graph	let joint2 = link.joints[1];	pending S6/S7 semantic disposition
src/app/services/mechanism.service.ts	3623	addJointAtCOM	scale boundary	perpVector = perpVector.normalize().scale(0.01 * MODEL_SCALE);	pending S6/S7 semantic disposition
src/app/services/mechanism.service.ts	3642	addJointAt	legacy record	const newJoint = new RevJoint(newId, coord.x, coord.y);	pending S6/S7 semantic disposition
src/app/services/mechanism.service.ts	3649	addJointAt	point graph	this.joints.push(newJoint);	pending S6/S7 semantic disposition
src/app/services/mechanism.service.ts	3659	<module>	point graph	* tracer point does. Neither pushes the joint onto `this.joints` or saves —	pending S6/S7 semantic disposition
src/app/services/mechanism.service.ts	3664	graftJointOnto	legacy record	private graftJointOnto(joint: RealJoint, link: RealLink): void {	pending S6/S7 semantic disposition
src/app/services/mechanism.service.ts	3665	graftJointOnto	point graph	link.joints.forEach((member) => {	pending S6/S7 semantic disposition
src/app/services/mechanism.service.ts	3666	graftJointOnto	legacy record	if (!(member instanceof RealJoint)) return;	pending S6/S7 semantic disposition
src/app/services/mechanism.service.ts	3667	graftJointOnto	point graph	member.connectedJoints.push(joint);	pending S6/S7 semantic disposition
src/app/services/mechanism.service.ts	3668	graftJointOnto	point graph	joint.connectedJoints.push(member);	pending S6/S7 semantic disposition
src/app/services/mechanism.service.ts	3675	graftJointOnto	point graph	link.lastSelectedSublink.joints.push(joint);	pending S6/S7 semantic disposition
src/app/services/mechanism.service.ts	3677	graftJointOnto	point graph	joint.links.push(link);	pending S6/S7 semantic disposition
src/app/services/mechanism.service.ts	3678	graftJointOnto	point graph	link.joints.push(joint);	pending S6/S7 semantic disposition
src/app/services/mechanism.service.ts	3700	deleteLink	point graph; legacy record	const leaves = link instanceof RealLink && link.subset.length > 0 ? link.subset : [link!];	pending S6/S7 semantic disposition
src/app/services/mechanism.service.ts	3719	deleteLink	point graph	this.joints = this.joints.filter(	pending S6/S7 semantic disposition
src/app/services/mechanism.service.ts	3721	deleteLink	legacy record	!(joint instanceof RealJoint) ||	pending S6/S7 semantic disposition
src/app/services/mechanism.service.ts	3722	deleteLink	point graph	this.links.some((candidate) => candidate.joints.includes(joint))	pending S6/S7 semantic disposition
src/app/services/mechanism.service.ts	3728	deleteLink	point graph	const linkIndex = this.links.findIndex((candidate) => candidate === link);	pending S6/S7 semantic disposition
src/app/services/mechanism.service.ts	3733	deleteLink	point graph; legacy record	...(link instanceof RealLink ? link.subset.map((subset) => subset.id) : []),	pending S6/S7 semantic disposition
src/app/services/mechanism.service.ts	3738	deleteLink	point graph	this.links.splice(linkIndex, 1);	pending S6/S7 semantic disposition
src/app/services/mechanism.service.ts	3739	deleteLink	point graph	this.joints = this.joints.filter(	pending S6/S7 semantic disposition
src/app/services/mechanism.service.ts	3741	deleteLink	legacy record	!(joint instanceof RealJoint) ||	pending S6/S7 semantic disposition
src/app/services/mechanism.service.ts	3742	deleteLink	point graph	this.links.some((candidate) => candidate.joints.includes(joint))	pending S6/S7 semantic disposition
src/app/services/mechanism.service.ts	3783	sealedStructures	point graph	const list = sealedCylinderStructures(this.joints);	pending S6/S7 semantic disposition
src/app/services/mechanism.service.ts	3796	<module>	legacy record	* `RealLink.drawnByACylinderSkin` -- and this is the one place the structures	pending S6/S7 semantic disposition
src/app/services/mechanism.service.ts	3805	<module>	legacy record	private barsDrawnBySkins: RealLink[] = [];	pending S6/S7 semantic disposition
src/app/services/mechanism.service.ts	3810	tellEachBarWhoDrawsIt	legacy record	[cylinder.barrel, cylinder.rod].filter((bar): bar is RealLink => bar instanceof RealLink)	pending S6/S7 semantic disposition
src/app/services/mechanism.service.ts	3898	buildReadiness	legacy record	const driven = part.ownJoints.find((joint) => joint instanceof RealJoint && joint.input);	pending S6/S7 semantic disposition
src/app/services/mechanism.service.ts	3909	buildReadiness	legacy record	(joint) => joint instanceof RealJoint && joint.input	pending S6/S7 semantic disposition
src/app/services/mechanism.service.ts	3910	buildReadiness	legacy record	) as RealJoint | undefined;	pending S6/S7 semantic disposition
src/app/services/mechanism.service.ts	3917	buildReadiness	legacy record	return driven instanceof PrisJoint	pending S6/S7 semantic disposition
src/app/services/mechanism.service.ts	3940	applyUniformBodyProperties	point graph	for (const link of this.links) {	pending S6/S7 semantic disposition
src/app/services/mechanism.service.ts	3941	applyUniformBodyProperties	legacy record	if (!(link instanceof RealLink)) continue;	pending S6/S7 semantic disposition
src/app/services/mechanism.service.ts	3991	storedMoiFactor	scale boundary	return (units.massToKg * units.distanceToM ** 2) / units.inertiaToKgM2 / MODEL_SCALE ** 2;	pending S6/S7 semantic disposition
src/app/services/mechanism.service.ts	4015	uniformBodyFor	legacy record	private uniformBodyFor(link: RealLink, factor: number): { com: Coord; moi: number } {	pending S6/S7 semantic disposition
src/app/services/mechanism.service.ts	4016	uniformBodyFor	point graph	if (link.subset.length === 0) {	pending S6/S7 semantic disposition
src/app/services/mechanism.service.ts	4017	uniformBodyFor	point graph	const body = uniformBodyOf(link.joints);	pending S6/S7 semantic disposition
src/app/services/mechanism.service.ts	4023	uniformBodyFor	point graph	const parts = link.subset	pending S6/S7 semantic disposition
src/app/services/mechanism.service.ts	4024	uniformBodyFor	legacy record	.filter((member): member is RealLink => member instanceof RealLink)	pending S6/S7 semantic disposition
src/app/services/mechanism.service.ts	4131	buildRequirements	point graph	.flatMap((partition) => partition.links.map((link) => link.id))	pending S6/S7 semantic disposition
src/app/services/mechanism.service.ts	4138	buildRequirements	legacy record	// Any body's mass, not only a RealLink's: the solver hangs a slider block's	pending S6/S7 semantic disposition
src/app/services/mechanism.service.ts	4142	buildRequirements	point graph	const weighted = this.links.some(	pending S6/S7 semantic disposition
src/app/services/mechanism.service.ts	4144	buildRequirements	legacy record	(link instanceof RealLink || link instanceof SliderBlock) &&	pending S6/S7 semantic disposition
src/app/services/mechanism.service.ts	4158	buildRequirements	point graph	const massless = this.links.filter(	pending S6/S7 semantic disposition
src/app/services/mechanism.service.ts	4159	buildRequirements	legacy record	(link) => link instanceof RealLink && analysable.has(link.id) && !(link.mass > 0)	pending S6/S7 semantic disposition
src/app/services/mechanism.service.ts	4160	buildRequirements	legacy record	) as RealLink[];	pending S6/S7 semantic disposition
src/app/services/mechanism.service.ts	4249	invalidReason	point graph	if (this.joints.length === 0) {	pending S6/S7 semantic disposition
src/app/services/mechanism.service.ts	4252	invalidReason	point graph; legacy record	const dangling = this.joints.filter((joint) => joint instanceof PrisJoint && joint.isDangling);	pending S6/S7 semantic disposition
src/app/services/mechanism.service.ts	4257	invalidReason	point graph; legacy record	if (!this.joints.some((joint) => joint instanceof RealJoint && joint.input)) {	pending S6/S7 semantic disposition
src/app/services/mechanism.service.ts	4263	invalidReason	point graph; legacy record	const driven = this.joints.find((joint) => joint instanceof RealJoint && joint.input);	pending S6/S7 semantic disposition
src/app/services/mechanism.service.ts	4335	strokeWarningFor	point graph	if (only && !only.joints.some((joint) => joint.id === cylinder.pin.id)) {	pending S6/S7 semantic disposition
src/app/services/mechanism.service.ts	4343	strokeWarningFor	point graph	const frames = solved.joints.length;	pending S6/S7 semantic disposition
src/app/services/mechanism.service.ts	4352	strokeWarningFor	point graph	const indexOf = (id: string) => solved.joints[0].findIndex((joint) => joint.id === id);	pending S6/S7 semantic disposition
src/app/services/mechanism.service.ts	4360	strokeWarningFor	point graph	const along = getDistance(solved.joints[t][anchor], solved.joints[t][pin]);	pending S6/S7 semantic disposition
src/app/services/mechanism.service.ts	4399	slotReactionOf	legacy record	slotReactionOf(pin: Joint | undefined): { slot: PrisJoint; block: Link; on: string } | undefined {	pending S6/S7 semantic disposition
src/app/services/mechanism.service.ts	4402	slotReactionOf	point graph	const block = this.links.find(	pending S6/S7 semantic disposition
src/app/services/mechanism.service.ts	4403	slotReactionOf	point graph; legacy record	(link) => link instanceof SliderBlock && link.joints.some((joint) => joint.id === slot.id)	pending S6/S7 semantic disposition
src/app/services/mechanism.service.ts	4417	slotName	point graph	const slot = this.joints.find((joint) => joint.id === jointId);	pending S6/S7 semantic disposition
src/app/services/mechanism.service.ts	4418	slotName	legacy record	if (!(slot instanceof PrisJoint)) return undefined;	pending S6/S7 semantic disposition
src/app/services/mechanism.service.ts	4419	slotName	point graph; legacy record	const pin = slot.connectedJoints.find((joint) => !(joint instanceof PrisJoint)) as	pending S6/S7 semantic disposition
src/app/services/mechanism.service.ts	4420	slotName	legacy record	RealJoint | undefined;	pending S6/S7 semantic disposition
src/app/services/mechanism.service.ts	4502	createCylinderFrom	legacy record	mountOn?: RealLink,	pending S6/S7 semantic disposition
src/app/services/mechanism.service.ts	4503	createCylinderFrom	legacy record	mountAt?: RealJoint,	pending S6/S7 semantic disposition
src/app/services/mechanism.service.ts	4504	createCylinderFrom	legacy record	endAt?: RealJoint	pending S6/S7 semantic disposition
src/app/services/mechanism.service.ts	4531	createCylinderFrom	legacy record	const barrelFar = mountAt ?? new RevJoint(aId, ...place(creation.barrelFar));	pending S6/S7 semantic disposition
src/app/services/mechanism.service.ts	4532	createCylinderFrom	legacy record	const barrelNear = new RevJoint(bId, ...place(creation.barrelNear));	pending S6/S7 semantic disposition
src/app/services/mechanism.service.ts	4533	createCylinderFrom	legacy record	const pin = new RevJoint(cId, ...place(creation.pin));	pending S6/S7 semantic disposition
src/app/services/mechanism.service.ts	4534	createCylinderFrom	legacy record	const rodFar = new RevJoint(dId, ...place(creation.rodFar));	pending S6/S7 semantic disposition
src/app/services/mechanism.service.ts	4535	createCylinderFrom	legacy record	const slider = new PrisJoint(pId, pin.x, pin.y);	pending S6/S7 semantic disposition
src/app/services/mechanism.service.ts	4545	createCylinderFrom	legacy record	const block = new SliderBlock(cId + pId, [pin, slider]);	pending S6/S7 semantic disposition
src/app/services/mechanism.service.ts	4549	createCylinderFrom	point graph	barrelFar.links.push(barrel);	pending S6/S7 semantic disposition
src/app/services/mechanism.service.ts	4550	createCylinderFrom	point graph	barrelNear.links.push(barrel);	pending S6/S7 semantic disposition
src/app/services/mechanism.service.ts	4551	createCylinderFrom	point graph	pin.links.push(rod, block);	pending S6/S7 semantic disposition
src/app/services/mechanism.service.ts	4552	createCylinderFrom	point graph	rodFar.links.push(rod);	pending S6/S7 semantic disposition
src/app/services/mechanism.service.ts	4553	createCylinderFrom	point graph	slider.links.push(block);	pending S6/S7 semantic disposition
src/app/services/mechanism.service.ts	4564	createCylinderFrom	point graph	if (!mountAt) this.joints.push(barrelFar);	pending S6/S7 semantic disposition
src/app/services/mechanism.service.ts	4565	createCylinderFrom	point graph	this.joints.push(barrelNear, pin, rodFar, slider);	pending S6/S7 semantic disposition
src/app/services/mechanism.service.ts	4566	createCylinderFrom	point graph	this.links.push(barrel, rod, block);	pending S6/S7 semantic disposition
src/app/services/mechanism.service.ts	4625	deleteCylinderTopology	point graph	this.links = this.links.filter((link) => !memberLinkIds.has(link.id));	pending S6/S7 semantic disposition
src/app/services/mechanism.service.ts	4631	deleteCylinderTopology	point graph	this.joints = this.joints.filter((joint) => !interior.has(joint.id));	pending S6/S7 semantic disposition
src/app/services/mechanism.service.ts	4632	deleteCylinderTopology	point graph	this.joints = this.joints.filter(	pending S6/S7 semantic disposition
src/app/services/mechanism.service.ts	4634	deleteCylinderTopology	legacy record	!(joint instanceof RealJoint) ||	pending S6/S7 semantic disposition
src/app/services/mechanism.service.ts	4635	deleteCylinderTopology	point graph	this.links.some((candidate) => candidate.joints.includes(joint))	pending S6/S7 semantic disposition
src/app/services/mechanism.service.ts	4647	deleteCylinderTopology	point graph	const liveLinks = new Set(this.links.map((link) => link.id));	pending S6/S7 semantic disposition
src/app/services/mechanism.service.ts	4648	deleteCylinderTopology	point graph	const liveJoints = new Set(this.joints.map((joint) => joint.id));	pending S6/S7 semantic disposition
src/app/services/mechanism.service.ts	4649	deleteCylinderTopology	point graph	this.joints.forEach((joint) => {	pending S6/S7 semantic disposition
src/app/services/mechanism.service.ts	4650	deleteCylinderTopology	legacy record	if (!(joint instanceof RealJoint)) return;	pending S6/S7 semantic disposition
src/app/services/mechanism.service.ts	4651	deleteCylinderTopology	point graph	joint.links = joint.links.filter((link) => liveLinks.has(link.id));	pending S6/S7 semantic disposition
src/app/services/mechanism.service.ts	4652	deleteCylinderTopology	point graph	joint.connectedJoints = joint.connectedJoints.filter((other) => liveJoints.has(other.id));	pending S6/S7 semantic disposition
src/app/services/mechanism.service.ts	4679	<module>	legacy record	* The PrisJoint of whichever slider `joint` belongs to, from either end.	pending S6/S7 semantic disposition
src/app/services/mechanism.service.ts	4685	sliderFor	legacy record	sliderFor(joint: Joint | undefined): PrisJoint | undefined {	pending S6/S7 semantic disposition
src/app/services/mechanism.service.ts	4689	sliderOf	legacy record	private sliderOf(joint: Joint | undefined): PrisJoint | undefined {	pending S6/S7 semantic disposition
src/app/services/mechanism.service.ts	4690	sliderOf	legacy record	if (joint instanceof PrisJoint) return joint;	pending S6/S7 semantic disposition
src/app/services/mechanism.service.ts	4691	sliderOf	legacy record	if (!(joint instanceof RealJoint)) return undefined;	pending S6/S7 semantic disposition
src/app/services/mechanism.service.ts	4692	sliderOf	point graph	return joint.links	pending S6/S7 semantic disposition
src/app/services/mechanism.service.ts	4693	sliderOf	legacy record	.find((link): link is SliderBlock => link instanceof SliderBlock)	pending S6/S7 semantic disposition
src/app/services/mechanism.service.ts	4694	sliderOf	point graph; legacy record	?.joints.find((member): member is PrisJoint => member instanceof PrisJoint);	pending S6/S7 semantic disposition
src/app/services/mechanism.service.ts	4701	toggleGround	legacy record	// selects a slider by its pin, never by its PrisJoint, so an `instanceof`	pending S6/S7 semantic disposition
src/app/services/mechanism.service.ts	4728	adjustInput	legacy record	let jointToToggleInput: RealJoint;	pending S6/S7 semantic disposition
src/app/services/mechanism.service.ts	4733	adjustInput	legacy record	) as RealJoint;	pending S6/S7 semantic disposition
src/app/services/mechanism.service.ts	4799	reseatFloatingSliders	point graph	for (const slider of this.joints) {	pending S6/S7 semantic disposition
src/app/services/mechanism.service.ts	4800	reseatFloatingSliders	legacy record	if (!(slider instanceof PrisJoint) || !slider.isFloating) continue;	pending S6/S7 semantic disposition
src/app/services/mechanism.service.ts	4825	reseatFloatingSliders	scale boundary	if (Math.hypot(onLine.x - slider.x, onLine.y - slider.y) < 1e-4 * MODEL_SCALE) continue;	pending S6/S7 semantic disposition
src/app/services/mechanism.service.ts	4840	reseatFloatingSliders	point graph	const pin = slider.links	pending S6/S7 semantic disposition
src/app/services/mechanism.service.ts	4841	reseatFloatingSliders	legacy record	.find((link): link is SliderBlock => link instanceof SliderBlock)	pending S6/S7 semantic disposition
src/app/services/mechanism.service.ts	4842	reseatFloatingSliders	point graph	?.joints.find((joint) => joint.id !== slider.id);	pending S6/S7 semantic disposition
src/app/services/mechanism.service.ts	4866	cutSlotOn	legacy record	pin: RealJoint,	pending S6/S7 semantic disposition
src/app/services/mechanism.service.ts	4869	cutSlotOn	legacy record	if (pin instanceof PrisJoint) return false;	pending S6/S7 semantic disposition
src/app/services/mechanism.service.ts	4887	cutSlotOn	point graph; legacy record	const existing = pin.links.find((link): link is SliderBlock => link instanceof SliderBlock);	pending S6/S7 semantic disposition
src/app/services/mechanism.service.ts	4888	cutSlotOn	point graph; legacy record	const slider = existing?.joints.find((joint): joint is PrisJoint => joint instanceof PrisJoint);	pending S6/S7 semantic disposition
src/app/services/mechanism.service.ts	4901	cutSlotOn	point graph	const made = pin.links	pending S6/S7 semantic disposition
src/app/services/mechanism.service.ts	4902	cutSlotOn	legacy record	.find((link): link is SliderBlock => link instanceof SliderBlock)	pending S6/S7 semantic disposition
src/app/services/mechanism.service.ts	4903	cutSlotOn	point graph; legacy record	?.joints.find((joint): joint is PrisJoint => joint instanceof PrisJoint);	pending S6/S7 semantic disposition
src/app/services/mechanism.service.ts	4925	detachSlider	legacy record	detachSlider(slider: PrisJoint): void {	pending S6/S7 semantic disposition
src/app/services/mechanism.service.ts	4931	detachSlider	point graph; legacy record	const block = slider.links.find((link): link is SliderBlock => link instanceof SliderBlock);	pending S6/S7 semantic disposition
src/app/services/mechanism.service.ts	4932	detachSlider	point graph	const pin = block?.joints.find(	pending S6/S7 semantic disposition
src/app/services/mechanism.service.ts	4933	detachSlider	legacy record	(joint): joint is RealJoint => joint instanceof RealJoint && !(joint instanceof PrisJoint)	pending S6/S7 semantic disposition
src/app/services/mechanism.service.ts	4944	stashSlot	legacy record	private stashSlot(pin: RealJoint, block: Link): void {	pending S6/S7 semantic disposition
src/app/services/mechanism.service.ts	4945	stashSlot	point graph; legacy record	const slider = block.joints.find((joint) => joint instanceof PrisJoint) as	pending S6/S7 semantic disposition
src/app/services/mechanism.service.ts	4946	stashSlot	legacy record	PrisJoint | undefined;	pending S6/S7 semantic disposition
src/app/services/mechanism.service.ts	4962	restoreStashedSlot	legacy record	private restoreStashedSlot(pin: RealJoint, slider: PrisJoint): void {	pending S6/S7 semantic disposition
src/app/services/mechanism.service.ts	4966	restoreStashedSlot	point graph	? this.links.find((link) => link.id === stash.carrierId)	pending S6/S7 semantic disposition
src/app/services/mechanism.service.ts	4968	restoreStashedSlot	point graph	const a = this.joints.find((joint) => joint.id === stash.slotJointAId);	pending S6/S7 semantic disposition
src/app/services/mechanism.service.ts	4969	restoreStashedSlot	point graph	const b = this.joints.find((joint) => joint.id === stash.slotJointBId);	pending S6/S7 semantic disposition
src/app/services/mechanism.service.ts	4999	toggleSlider	legacy record	// leaves the RevJoint behind still flagged welded. Phase 2 never hit this	pending S6/S7 semantic disposition
src/app/services/mechanism.service.ts	5000	toggleSlider	legacy record	// because removing a slider takes its PrisJoint with it, and reconcileSlots	pending S6/S7 semantic disposition
src/app/services/mechanism.service.ts	5031	sliderTopology	legacy record	const prisJoint = new PrisJoint(	pending S6/S7 semantic disposition
src/app/services/mechanism.service.ts	5052	sliderTopology	point graph	this.activeObjService.selectedJoint.connectedJoints.push(prisJoint);	pending S6/S7 semantic disposition
src/app/services/mechanism.service.ts	5053	sliderTopology	legacy record	const piston = new SliderBlock(this.activeObjService.selectedJoint.id + prisJoint.id, [	pending S6/S7 semantic disposition
src/app/services/mechanism.service.ts	5057	sliderTopology	point graph	prisJoint.links.push(piston);	pending S6/S7 semantic disposition
src/app/services/mechanism.service.ts	5058	sliderTopology	point graph	this.activeObjService.selectedJoint.links.push(piston);	pending S6/S7 semantic disposition
src/app/services/mechanism.service.ts	5059	sliderTopology	point graph	this.joints.push(prisJoint);	pending S6/S7 semantic disposition
src/app/services/mechanism.service.ts	5060	sliderTopology	point graph	this.links.push(piston);	pending S6/S7 semantic disposition
src/app/services/mechanism.service.ts	5063	sliderTopology	point graph	const piston = this.activeObjService.selectedJoint.links.find(	pending S6/S7 semantic disposition
src/app/services/mechanism.service.ts	5064	sliderTopology	legacy record	(l) => l instanceof SliderBlock	pending S6/S7 semantic disposition
src/app/services/mechanism.service.ts	5067	sliderTopology	point graph	const pistonIndex = this.links.findIndex((l) => l.id === piston.id);	pending S6/S7 semantic disposition
src/app/services/mechanism.service.ts	5068	sliderTopology	point graph; legacy record	const prismaticJointID = piston.joints.find((j) => j instanceof PrisJoint)!.id;	pending S6/S7 semantic disposition
src/app/services/mechanism.service.ts	5069	sliderTopology	point graph	this.activeObjService.selectedJoint.connectedJoints =	pending S6/S7 semantic disposition
src/app/services/mechanism.service.ts	5070	sliderTopology	point graph	this.activeObjService.selectedJoint.connectedJoints.filter(	pending S6/S7 semantic disposition
src/app/services/mechanism.service.ts	5074	sliderTopology	point graph	this.activeObjService.selectedJoint.links = this.activeObjService.selectedJoint.links.filter(	pending S6/S7 semantic disposition
src/app/services/mechanism.service.ts	5077	sliderTopology	point graph	const prismaticJointIndex = this.joints.findIndex((j) => j.id === prismaticJointID);	pending S6/S7 semantic disposition
src/app/services/mechanism.service.ts	5078	sliderTopology	point graph	this.joints.splice(prismaticJointIndex, 1);	pending S6/S7 semantic disposition
src/app/services/mechanism.service.ts	5079	sliderTopology	point graph	this.links.splice(pistonIndex, 1);	pending S6/S7 semantic disposition
src/app/services/mechanism.service.ts	5086	findInputJointIndex	point graph	return this.joints.findIndex((j) => {	pending S6/S7 semantic disposition
src/app/services/mechanism.service.ts	5087	findInputJointIndex	legacy record	if (!(j instanceof RealJoint)) {	pending S6/S7 semantic disposition
src/app/services/mechanism.service.ts	5179	animate	point graph	const sampleCount = this.masterMechanism()?.joints.length ?? 0;	pending S6/S7 semantic disposition
src/app/services/mechanism.service.ts	5222	animate	point graph	if (sampleCount === 0 || this.masterMechanism()!.joints[progress].length === 0) {	pending S6/S7 semantic disposition
src/app/services/mechanism.service.ts	5339	frameIndexOf	point graph	joints: index(frames.joints[0] ?? []),	pending S6/S7 semantic disposition
src/app/services/mechanism.service.ts	5340	frameIndexOf	point graph	links: index(frames.links[0] ?? []),	pending S6/S7 semantic disposition
src/app/services/mechanism.service.ts	5381	applyMechanismPose	point graph	const jointFrom = frames.joints[step];	pending S6/S7 semantic disposition
src/app/services/mechanism.service.ts	5382	applyMechanismPose	point graph	const jointTo = frames.joints[nextStep];	pending S6/S7 semantic disposition
src/app/services/mechanism.service.ts	5384	applyMechanismPose	point graph	partition.joints.forEach((j) => {	pending S6/S7 semantic disposition
src/app/services/mechanism.service.ts	5385	applyMechanismPose	point graph	const from = at(jointFrom, where.joints, j.id);	pending S6/S7 semantic disposition
src/app/services/mechanism.service.ts	5386	applyMechanismPose	point graph	const to = at(jointTo, where.joints, j.id);	pending S6/S7 semantic disposition
src/app/services/mechanism.service.ts	5393	applyMechanismPose	point graph	partition.links.forEach((l) => {	pending S6/S7 semantic disposition
src/app/services/mechanism.service.ts	5394	applyMechanismPose	legacy record	if (!(l instanceof RealLink)) {	pending S6/S7 semantic disposition
src/app/services/mechanism.service.ts	5397	applyMechanismPose	point graph	const link = at(frames.links[step], where.links, l.id);	pending S6/S7 semantic disposition
src/app/services/mechanism.service.ts	5398	applyMechanismPose	legacy record	if (!(link instanceof RealLink)) {	pending S6/S7 semantic disposition
src/app/services/mechanism.service.ts	5401	applyMechanismPose	point graph	if (l.subset.length > 0) {	pending S6/S7 semantic disposition
src/app/services/mechanism.service.ts	5402	applyMechanismPose	point graph	l.subset.forEach((subset) => {	pending S6/S7 semantic disposition
src/app/services/mechanism.service.ts	5403	applyMechanismPose	legacy record	if (!(subset instanceof RealLink)) return;	pending S6/S7 semantic disposition
src/app/services/mechanism.service.ts	5404	applyMechanismPose	point graph	const simulatedSubset = link.subset.find(	pending S6/S7 semantic disposition
src/app/services/mechanism.service.ts	5405	applyMechanismPose	legacy record	(candidate): candidate is RealLink =>	pending S6/S7 semantic disposition
src/app/services/mechanism.service.ts	5406	applyMechanismPose	legacy record	candidate instanceof RealLink && candidate.id === subset.id	pending S6/S7 semantic disposition
src/app/services/mechanism.service.ts	5444	restoreStartPose	point graph	if (this.atStartPose() || !this.masterMechanism()?.joints[0]?.length) {	pending S6/S7 semantic disposition
src/app/services/mechanism.service.ts	5595	placeLinkGeometry	legacy record	private placeLinkGeometry(target: RealLink, solved: RealLink, blend: number) {	pending S6/S7 semantic disposition
src/app/services/mechanism.service.ts	5596	placeLinkGeometry	point graph	if (blend > 0 && solved.joints.length >= 2 && target.joints.length >= 2) {	pending S6/S7 semantic disposition
src/app/services/mechanism.service.ts	5597	placeLinkGeometry	point graph	const [sourceStart, sourceEnd] = solved.joints;	pending S6/S7 semantic disposition
src/app/services/mechanism.service.ts	5598	placeLinkGeometry	point graph	const [targetStart, targetEnd] = target.joints;	pending S6/S7 semantic disposition
src/app/services/mechanism.service.ts	5624	queuePlaybackFrame	legacy authority	}, MechanismService.FRAME_INTERVAL_MS);	pending S6/S7 semantic disposition
src/app/services/mechanism.service.ts	5693	reverseDrive	legacy record	(joint): joint is RealJoint => joint instanceof RealJoint && joint.input	pending S6/S7 semantic disposition
src/app/services/mechanism.service.ts	5808	pinDriveSpeeds	legacy record	(joint): joint is RealJoint => joint instanceof RealJoint && joint.input	pending S6/S7 semantic disposition
src/app/services/mechanism.service.ts	5844	fitAskedDriveSpeeds	legacy record	(joint): joint is RealJoint => joint instanceof RealJoint && joint.input	pending S6/S7 semantic disposition
src/app/services/mechanism.service.ts	5852	fitAskedDriveSpeeds	legacy authority	const wanted = niceSpeed((Math.abs(was) * period) / MechanismService.WANTED_CYCLE_SECONDS);	pending S6/S7 semantic disposition
src/app/services/mechanism.service.ts	5878	askForFittedSpeed	legacy record	askForFittedSpeed(joint: RealJoint): void {	pending S6/S7 semantic disposition
src/app/services/mechanism.service.ts	5906	inputAngleDegrees	legacy record	(joint): joint is RealJoint => joint instanceof RealJoint && joint.input	pending S6/S7 semantic disposition
src/app/services/mechanism.service.ts	5909	inputAngleDegrees	point graph	const samples = this.mechanisms[index]?.joints.length ?? 0;	pending S6/S7 semantic disposition
src/app/services/mechanism.service.ts	5929	actuatorBearings	legacy record	private actuatorBearings(driven: RealJoint): { reference: number; driven: number } | undefined {	pending S6/S7 semantic disposition
src/app/services/mechanism.service.ts	5943	actuatorBearings	point graph; legacy record	const end = driven.connectedJoints.find((joint) => !(joint as RealJoint).ground);	pending S6/S7 semantic disposition
src/app/services/mechanism.service.ts	5977	driveProfileOf	point graph; legacy record	const driven = mechanism.joints[0]?.find((joint) => (joint as RealJoint).input);	pending S6/S7 semantic disposition
src/app/services/mechanism.service.ts	5978	driveProfileOf	point graph	const sealed = driven && this.cylinderAt(this.joints.find((j) => j.id === driven.id));	pending S6/S7 semantic disposition
src/app/services/mechanism.service.ts	6328	posesAcrossReparameterization	point graph	const drawn = new Map(partition.joints.map((joint) => [joint.id, joint]));	pending S6/S7 semantic disposition
src/app/services/mechanism.service.ts	6355	restoreHeldPoses	point graph	coordinatesAcross(rule, frames.joints),	pending S6/S7 semantic disposition
src/app/services/mechanism.service.ts	6357	restoreHeldPoses	point graph	frames.joints	pending S6/S7 semantic disposition
src/app/services/mechanism.service.ts	6388	currentRuleFor	legacy record	(joint): joint is RealJoint => joint instanceof RealJoint && joint.input	pending S6/S7 semantic disposition
src/app/services/mechanism.service.ts	6399	anchorFor	legacy record	(joint): joint is RealJoint => joint instanceof RealJoint && joint.input	pending S6/S7 semantic disposition
src/app/services/mechanism.service.ts	6404	anchorFor	point graph	const coordinates = coordinatesAcross(rule, frames.joints);	pending S6/S7 semantic disposition
src/app/services/mechanism.service.ts	6415	anchorFor	point graph	seed: new Map(frames.joints[0].map((joint) => [joint.id, { x: joint.x, y: joint.y }])),	pending S6/S7 semantic disposition
src/app/services/mechanism.service.ts	6676	settleToAnchorNow	point graph	const coordinates = coordinatesAcross(rule, frames.joints);	pending S6/S7 semantic disposition
src/app/services/mechanism.service.ts	6677	settleToAnchorNow	point graph	const reach = reachAnchor(coordinates, anchor, frames.joints);	pending S6/S7 semantic disposition
src/app/services/mechanism.service.ts	6698	settleToAnchorNow	point graph	seed: new Map(frames.joints[0].map((joint) => [joint.id, { x: joint.x, y: joint.y }])),	pending S6/S7 semantic disposition
src/app/services/mechanism.service.ts	6746	reseedAnchor	point graph	const start = this.mechanisms[index]?.joints[0];	pending S6/S7 semantic disposition
src/app/services/mechanism.service.ts	6762	seekToCoordinate	point graph	const coordinates = coordinatesAcross(rule, frames.joints);	pending S6/S7 semantic disposition
src/app/services/mechanism.service.ts	6769	seekToCoordinate	point graph	const reach = reachAnchor(coordinates, { ...anchor, ...where }, frames.joints);	pending S6/S7 semantic disposition
src/app/services/mechanism.service.ts	6895	buildGhosts	point graph	? reachAnchor(coordinatesAcross(this.ruleFor(anchor), frames.joints), anchor, frames.joints)	pending S6/S7 semantic disposition
src/app/services/mechanism.service.ts	6918	buildGhosts	point graph	const start = blendFrame(frames.joints, reach.index, reach.blend);	pending S6/S7 semantic disposition
src/app/services/mechanism.service.ts	6922	buildGhosts	point graph	partition.links.forEach((link) => {	pending S6/S7 semantic disposition
src/app/services/mechanism.service.ts	6927	buildGhosts	point graph	const own = link.joints.map((joint) => at.get(joint.id)).filter((joint) => !!joint);	pending S6/S7 semantic disposition
src/app/services/mechanism.service.ts	6939	buildGhosts	point graph	const bodies = partition.links.flatMap((link): GhostBody[] => {	pending S6/S7 semantic disposition
src/app/services/mechanism.service.ts	6940	buildGhosts	legacy record	if (!(link instanceof RealLink) || !link.d) return [];	pending S6/S7 semantic disposition
src/app/services/mechanism.service.ts	6941	buildGhosts	point graph	const [from, to] = link.joints;	pending S6/S7 semantic disposition
src/app/services/mechanism.service.ts	7052	frozenJoints	point graph	ids: frozenJointIds(this.joints, this.links, this.sealedStructures()),	pending S6/S7 semantic disposition
src/app/services/mechanism.service.ts	7067	isLinkLockedVisual	point graph	return link.joints.length > 0 && link.joints.every((joint) => frozen.has(joint.id));	pending S6/S7 semantic disposition
src/app/services/mechanism.service.ts	7240	isSelectedBody	legacy record	(part): part is RealLink => part instanceof RealLink	pending S6/S7 semantic disposition
src/app/services/mechanism.service.ts	7279	isInPartition	point graph	partition.links.some((link) => link.id === part.id)	pending S6/S7 semantic disposition
src/app/services/mechanism.service.ts	7314	findConnectedLinksReccusively	point graph; legacy record	(link.joints as RealJoint[]).forEach((joint) => {	pending S6/S7 semantic disposition
src/app/services/mechanism.service.ts	7315	findConnectedLinksReccusively	point graph	joint.links.forEach((l) => {	pending S6/S7 semantic disposition
src/app/services/mechanism.service.ts	7317	findConnectedLinksReccusively	legacy record	l instanceof RealLink &&	pending S6/S7 semantic disposition
src/app/services/mechanism.service.ts	7333	isJointOrphan	point graph	return this.links.every((l) => !l.joints.includes(joint));	pending S6/S7 semantic disposition
src/app/services/mechanism.service.ts	7336	weldJoint	legacy record	public weldJoint(joint: RealJoint = this.activeObjService.selectedJoint): void {	pending S6/S7 semantic disposition
src/app/services/mechanism.service.ts	7352	weldJoint	point graph; legacy record	if (!(joint instanceof RealJoint) || joint.links.length < 2) return;	pending S6/S7 semantic disposition
src/app/services/mechanism.service.ts	7385	weldWouldPinTwice	legacy record	private weldWouldPinTwice(joint: RealJoint): [string, string] | undefined {	pending S6/S7 semantic disposition
src/app/services/mechanism.service.ts	7386	weldWouldPinTwice	point graph	const linksAtJoint = this.links.filter(	pending S6/S7 semantic disposition
src/app/services/mechanism.service.ts	7387	weldWouldPinTwice	point graph; legacy record	(link): link is RealLink => link instanceof RealLink && link.joints.includes(joint)	pending S6/S7 semantic disposition
src/app/services/mechanism.service.ts	7394	weldWouldPinTwice	point graph	.flatMap((link) => link.joints)	pending S6/S7 semantic disposition
src/app/services/mechanism.service.ts	7397	weldWouldPinTwice	point graph; legacy record	const untouched = this.links.filter((link) => !linksAtJoint.includes(link as RealLink));	pending S6/S7 semantic disposition
src/app/services/mechanism.service.ts	7399	weldWouldPinTwice	point graph	const before = redundantlyHeldJointSets(this.links);	pending S6/S7 semantic disposition
src/app/services/mechanism.service.ts	7418	weldTopology	legacy record	private weldTopology(joint: RealJoint): boolean {	pending S6/S7 semantic disposition
src/app/services/mechanism.service.ts	7420	weldTopology	point graph	const realLinksAtJoint = this.links.filter(	pending S6/S7 semantic disposition
src/app/services/mechanism.service.ts	7421	weldTopology	point graph; legacy record	(link): link is RealLink => link instanceof RealLink && link.joints.includes(joint)	pending S6/S7 semantic disposition
src/app/services/mechanism.service.ts	7434	weldTopology	legacy record	// is not a RealLink and cannot enter a compound at all.	pending S6/S7 semantic disposition
src/app/services/mechanism.service.ts	7443	unweldTopology	legacy record	private unweldTopology(joint: RealJoint): boolean {	pending S6/S7 semantic disposition
src/app/services/mechanism.service.ts	7472	releaseFromCompounds	point graph	this.links = this.links.flatMap((link) => {	pending S6/S7 semantic disposition
src/app/services/mechanism.service.ts	7473	releaseFromCompounds	point graph; legacy record	if (!(link instanceof RealLink) || link.subset.length === 0) return [link];	pending S6/S7 semantic disposition
src/app/services/mechanism.service.ts	7474	releaseFromCompounds	point graph	if (!link.subset.some((leaf) => doomedLinkIds.has(leaf.id))) return [link];	pending S6/S7 semantic disposition
src/app/services/mechanism.service.ts	7475	releaseFromCompounds	point graph	link.subset = link.subset.filter((leaf) => !doomedLinkIds.has(leaf.id));	pending S6/S7 semantic disposition
src/app/services/mechanism.service.ts	7476	releaseFromCompounds	point graph	if (link.subset.length === 0) return [];	pending S6/S7 semantic disposition
src/app/services/mechanism.service.ts	7489	weldWouldSurviveMerge	legacy record	private weldWouldSurviveMerge(source: RealJoint, target: RealJoint): boolean {	pending S6/S7 semantic disposition
src/app/services/mechanism.service.ts	7491	weldWouldSurviveMerge	point graph	const bodies = new Set([...source.links, ...target.links].map((link) => link.id));	pending S6/S7 semantic disposition
src/app/services/mechanism.service.ts	7495	compoundAt	legacy record	private compoundAt(joint: RealJoint): RealLink | undefined {	pending S6/S7 semantic disposition
src/app/services/mechanism.service.ts	7496	compoundAt	point graph	return this.links.find(	pending S6/S7 semantic disposition
src/app/services/mechanism.service.ts	7497	compoundAt	legacy record	(link): link is RealLink =>	pending S6/S7 semantic disposition
src/app/services/mechanism.service.ts	7498	compoundAt	point graph; legacy record	link instanceof RealLink && link.subset.length > 0 && link.joints.includes(joint)	pending S6/S7 semantic disposition
src/app/services/mechanism.service.ts	7502	weldJointTopology	legacy record	private weldJointTopology(joint: RealJoint): boolean {	pending S6/S7 semantic disposition
src/app/services/mechanism.service.ts	7503	weldJointTopology	point graph	const linksAtJoint = this.links.filter(	pending S6/S7 semantic disposition
src/app/services/mechanism.service.ts	7504	weldJointTopology	point graph; legacy record	(link): link is RealLink => link instanceof RealLink && link.joints.includes(joint)	pending S6/S7 semantic disposition
src/app/services/mechanism.service.ts	7509	weldJointTopology	point graph	linksAtJoint.flatMap((link) => [link.id, ...link.subset.map((subset) => subset.id)])	pending S6/S7 semantic disposition
src/app/services/mechanism.service.ts	7514	weldJointTopology	point graph; legacy record	this.links = this.links.filter((link) => !linksAtJoint.includes(link as RealLink));	pending S6/S7 semantic disposition
src/app/services/mechanism.service.ts	7515	weldJointTopology	point graph	this.links.push(compound);	pending S6/S7 semantic disposition
src/app/services/mechanism.service.ts	7521	unWeldJoint	legacy record	public unWeldJoint(joint: RealJoint): void {	pending S6/S7 semantic disposition
src/app/services/mechanism.service.ts	7527	unweldSelectedJoint	point graph	const joint = this.joints.find(	pending S6/S7 semantic disposition
src/app/services/mechanism.service.ts	7530	unweldSelectedJoint	legacy record	if (joint instanceof RealJoint) this.unWeldJoint(joint);	pending S6/S7 semantic disposition
src/app/services/mechanism.service.ts	7548	unweldAll	point graph; legacy record	link instanceof RealLink && link.subset.length > 0	pending S6/S7 semantic disposition
src/app/services/mechanism.service.ts	7549	unweldAll	point graph	? this.joints.filter(	pending S6/S7 semantic disposition
src/app/services/mechanism.service.ts	7550	unweldAll	legacy record	(joint): joint is RealJoint =>	pending S6/S7 semantic disposition
src/app/services/mechanism.service.ts	7551	unweldAll	point graph; legacy record	joint instanceof RealJoint && joint.isWelded && link.joints.includes(joint)	pending S6/S7 semantic disposition
src/app/services/mechanism.service.ts	7553	unweldAll	point graph	: this.joints.filter(	pending S6/S7 semantic disposition
src/app/services/mechanism.service.ts	7554	unweldAll	legacy record	(joint): joint is RealJoint => joint instanceof RealJoint && joint.isWelded	pending S6/S7 semantic disposition
src/app/services/mechanism.service.ts	7564	unweldJointTopology	legacy record	private unweldJointTopology(joint: RealJoint): boolean {	pending S6/S7 semantic disposition
src/app/services/mechanism.service.ts	7566	unweldJointTopology	point graph	const compound = this.links.find(	pending S6/S7 semantic disposition
src/app/services/mechanism.service.ts	7567	unweldJointTopology	legacy record	(link): link is RealLink =>	pending S6/S7 semantic disposition
src/app/services/mechanism.service.ts	7568	unweldJointTopology	point graph; legacy record	link instanceof RealLink && link.subset.length > 0 && link.joints.includes(joint)	pending S6/S7 semantic disposition
src/app/services/mechanism.service.ts	7577	unweldJointTopology	point graph	const compoundIndex = this.links.indexOf(compound);	pending S6/S7 semantic disposition
src/app/services/mechanism.service.ts	7578	unweldJointTopology	point graph	this.links.splice(compoundIndex, 1, ...replacementLinks);	pending S6/S7 semantic disposition
src/app/services/mechanism.service.ts	7583	removeCompoundJoints	legacy record	removeCompoundJoints(compound: RealLink, ids: ReadonlySet<string>): RealLink[] {	pending S6/S7 semantic disposition
src/app/services/mechanism.service.ts	7584	removeCompoundJoints	point graph	compound.subset = compound.subset.filter((leaf) => {	pending S6/S7 semantic disposition
src/app/services/mechanism.service.ts	7585	removeCompoundJoints	point graph	if (!leaf.joints.some((joint) => ids.has(joint.id))) return leaf.joints.length >= 2;	pending S6/S7 semantic disposition
src/app/services/mechanism.service.ts	7586	removeCompoundJoints	point graph	leaf.joints = leaf.joints.filter((joint) => !ids.has(joint.id));	pending S6/S7 semantic disposition
src/app/services/mechanism.service.ts	7587	removeCompoundJoints	point graph	leaf.id = leaf.joints	pending S6/S7 semantic disposition
src/app/services/mechanism.service.ts	7593	removeCompoundJoints	point graph	...leaf.joints.map((joint) => ({ id: joint.id, label: joint.id })),	pending S6/S7 semantic disposition
src/app/services/mechanism.service.ts	7596	removeCompoundJoints	point graph	if (leaf.joints.length < 2) return false;	pending S6/S7 semantic disposition
src/app/services/mechanism.service.ts	7597	removeCompoundJoints	legacy record	if (leaf instanceof RealLink) {	pending S6/S7 semantic disposition
src/app/services/mechanism.service.ts	7598	removeCompoundJoints	point graph; legacy record	if (!leaf.comIsCustom) leaf.CoM = RealLink.determineCenterOfMass(leaf.joints);	pending S6/S7 semantic disposition
src/app/services/mechanism.service.ts	7603	removeCompoundJoints	point graph	for (const joint of compound.joints) {	pending S6/S7 semantic disposition
src/app/services/mechanism.service.ts	7604	removeCompoundJoints	legacy record	if (!(joint instanceof RealJoint) || !joint.isWelded || ids.has(joint.id)) continue;	pending S6/S7 semantic disposition
src/app/services/mechanism.service.ts	7605	removeCompoundJoints	point graph	const members = compound.subset.filter((leaf) => leaf.joints.includes(joint));	pending S6/S7 semantic disposition
src/app/services/mechanism.service.ts	7613	splitCompoundAtRemainingWelds	legacy record	private splitCompoundAtRemainingWelds(compound: RealLink): RealLink[] {	pending S6/S7 semantic disposition
src/app/services/mechanism.service.ts	7614	splitCompoundAtRemainingWelds	point graph; legacy record	const remaining = compound.subset.filter((link): link is RealLink => link instanceof RealLink);	pending S6/S7 semantic disposition
src/app/services/mechanism.service.ts	7615	splitCompoundAtRemainingWelds	legacy record	const components: RealLink[][] = [];	pending S6/S7 semantic disposition
src/app/services/mechanism.service.ts	7617	splitCompoundAtRemainingWelds	legacy record	const component: RealLink[] = [];	pending S6/S7 semantic disposition
src/app/services/mechanism.service.ts	7624	splitCompoundAtRemainingWelds	point graph	const sharesWeld = current.joints.some(	pending S6/S7 semantic disposition
src/app/services/mechanism.service.ts	7626	splitCompoundAtRemainingWelds	point graph; legacy record	joint instanceof RealJoint && joint.isWelded && candidate.joints.includes(joint)	pending S6/S7 semantic disposition
src/app/services/mechanism.service.ts	7662	splitCompoundAtRemainingWelds	point graph	candidate.subset.some((leaf) => leaf.id === remembered)	pending S6/S7 semantic disposition
src/app/services/mechanism.service.ts	7677	distanceFromForceToLink	legacy record	private distanceFromForceToLink(force: Force, link: RealLink): number {	pending S6/S7 semantic disposition
src/app/services/mechanism.service.ts	7678	distanceFromForceToLink	point graph	const leaves = link.subset.length > 0 ? link.subset : [link];	pending S6/S7 semantic disposition
src/app/services/mechanism.service.ts	7681	distanceFromForceToLink	point graph	if (leaf.joints.length === 1) {	pending S6/S7 semantic disposition
src/app/services/mechanism.service.ts	7682	distanceFromForceToLink	point graph	closest = Math.min(closest, getDistance(force.startCoord, leaf.joints[0]));	pending S6/S7 semantic disposition
src/app/services/mechanism.service.ts	7685	distanceFromForceToLink	point graph	for (let first = 0; first < leaf.joints.length - 1; first++) {	pending S6/S7 semantic disposition
src/app/services/mechanism.service.ts	7686	distanceFromForceToLink	point graph	for (let second = first + 1; second < leaf.joints.length; second++) {	pending S6/S7 semantic disposition
src/app/services/mechanism.service.ts	7690	distanceFromForceToLink	point graph	leaf.joints[first].x,	pending S6/S7 semantic disposition
src/app/services/mechanism.service.ts	7691	distanceFromForceToLink	point graph	leaf.joints[first].y,	pending S6/S7 semantic disposition
src/app/services/mechanism.service.ts	7692	distanceFromForceToLink	point graph	leaf.joints[second].x,	pending S6/S7 semantic disposition
src/app/services/mechanism.service.ts	7693	distanceFromForceToLink	point graph	leaf.joints[second].y	pending S6/S7 semantic disposition
src/app/services/mechanism.service.ts	7733	keepForcesOnTheirLinks	legacy record	if (!(force.link instanceof RealLink)) continue;	pending S6/S7 semantic disposition
src/app/services/mechanism.service.ts	7741	createForce	legacy record	createForce(startCoord: Coord, endCoord: Coord, onLink?: RealLink): Force | undefined {	pending S6/S7 semantic disposition
src/app/services/mechanism.service.ts	7743	createForce	legacy record	if (!(selectedLink instanceof RealLink)) return undefined;	pending S6/S7 semantic disposition
src/app/services/multi-edit.service.ts	4	<module>	legacy record	import { RealJoint } from '../model/joint';	pending S6/S7 semantic disposition
src/app/services/multi-edit.service.ts	5	<module>	legacy record	import { Link, LinkHold, RealLink } from '../model/link';	pending S6/S7 semantic disposition
src/app/services/multi-edit.service.ts	8	<module>	legacy authority	import { ActiveObjService } from './active-obj.service';	pending S6/S7 semantic disposition
src/app/services/multi-edit.service.ts	9	<module>	legacy authority	import { GridUtilsService } from './grid-utils.service';	pending S6/S7 semantic disposition
src/app/services/multi-edit.service.ts	10	<module>	legacy authority	import { MechanismService } from './mechanism.service';	pending S6/S7 semantic disposition
src/app/services/multi-edit.service.ts	22	<module>	legacy record	joint: RealJoint;	pending S6/S7 semantic disposition
src/app/services/multi-edit.service.ts	30	<module>	legacy authority	private mechanism = inject(MechanismService);	pending S6/S7 semantic disposition
src/app/services/multi-edit.service.ts	31	<module>	legacy authority	private grid = inject(GridUtilsService);	pending S6/S7 semantic disposition
src/app/services/multi-edit.service.ts	32	<module>	legacy authority	private active = inject(ActiveObjService);	pending S6/S7 semantic disposition
src/app/services/multi-edit.service.ts	42	parts	point graph	this.mechanism.joints,	pending S6/S7 semantic disposition
src/app/services/multi-edit.service.ts	43	parts	point graph	this.mechanism.links,	pending S6/S7 semantic disposition
src/app/services/multi-edit.service.ts	48	joints	legacy record	private joints(refs: readonly SelectedPartRef[]): RealJoint[] | undefined {	pending S6/S7 semantic disposition
src/app/services/multi-edit.service.ts	51	joints	legacy record	if (!parts.every((part): part is RealJoint => part instanceof RealJoint)) return undefined;	pending S6/S7 semantic disposition
src/app/services/multi-edit.service.ts	62	links	legacy record	private links(refs: readonly SelectedPartRef[]): RealLink[] | undefined {	pending S6/S7 semantic disposition
src/app/services/multi-edit.service.ts	65	links	legacy record	if (!parts.every((part): part is RealLink => part instanceof RealLink)) return undefined;	pending S6/S7 semantic disposition
src/app/services/multi-edit.service.ts	124	assignJointCoordinate	point graph	const joints = this.joints(refs);	pending S6/S7 semantic disposition
src/app/services/multi-edit.service.ts	127	assignJointCoordinate	point graph	'selection.joints-only',	pending S6/S7 semantic disposition
src/app/services/multi-edit.service.ts	145	assignLinkGeometry	point graph	const links = this.links(refs);	pending S6/S7 semantic disposition
src/app/services/multi-edit.service.ts	148	assignLinkGeometry	point graph	'selection.links-only',	pending S6/S7 semantic disposition
src/app/services/multi-edit.service.ts	163	assignLinkGeometry	point graph	link.joints.length !== 2 || link.subset.length > 0 || this.mechanism.cylinderOfBar(link)	pending S6/S7 semantic disposition
src/app/services/multi-edit.service.ts	188	assignLinkMass	point graph	const links = this.links(refs);	pending S6/S7 semantic disposition
src/app/services/multi-edit.service.ts	191	assignLinkMass	point graph	'selection.links-only',	pending S6/S7 semantic disposition
src/app/services/multi-edit.service.ts	214	setTracePath	point graph	const joints = this.joints(refs);	pending S6/S7 semantic disposition
src/app/services/multi-edit.service.ts	217	setTracePath	point graph	'selection.joints-only',	pending S6/S7 semantic disposition
src/app/services/multi-edit.service.ts	226	setTracePath	legacy record	(this.grid.getSliderJoint(joint) as RealJoint).showCurve = traced;	pending S6/S7 semantic disposition
src/app/services/multi-edit.service.ts	248	setGrounded	point graph	const joints = this.joints(refs);	pending S6/S7 semantic disposition
src/app/services/multi-edit.service.ts	251	setGrounded	point graph	'selection.joints-only',	pending S6/S7 semantic disposition
src/app/services/multi-edit.service.ts	292	weldRefusal	point graph	const joints = this.joints(refs);	pending S6/S7 semantic disposition
src/app/services/multi-edit.service.ts	295	weldRefusal	point graph	code: 'selection.joints-only',	pending S6/S7 semantic disposition
src/app/services/multi-edit.service.ts	322	setWelded	point graph	const joints = this.joints(refs)!;	pending S6/S7 semantic disposition
src/app/services/multi-edit.service.ts	336	sliderRefusal	point graph	const joints = this.joints(refs);	pending S6/S7 semantic disposition
src/app/services/multi-edit.service.ts	339	sliderRefusal	point graph	code: 'selection.joints-only',	pending S6/S7 semantic disposition
src/app/services/multi-edit.service.ts	360	setSlider	point graph	const joints = this.joints(refs)!;	pending S6/S7 semantic disposition
src/app/services/multi-edit.service.ts	374	holdRefusal	point graph	const links = this.links(refs);	pending S6/S7 semantic disposition
src/app/services/multi-edit.service.ts	377	holdRefusal	point graph	code: 'selection.links-only',	pending S6/S7 semantic disposition
src/app/services/multi-edit.service.ts	395	setHold	point graph	const links = this.links(refs)!;	pending S6/S7 semantic disposition
src/app/services/multi-edit.service.ts	412	eachJoint	legacy record	private eachJoint(joints: readonly RealJoint[], work: () => void): MultiEditResult {	pending S6/S7 semantic disposition
src/app/services/multi-edit.service.ts	424	eachJoint	point graph	this.mechanism.joints,	pending S6/S7 semantic disposition
src/app/services/multi-edit.service.ts	425	eachJoint	point graph	this.mechanism.links,	pending S6/S7 semantic disposition
src/app/services/multi-edit.service.ts	508	setLocked	legacy record	this.mechanism.setLocks(parts as (RealJoint | Link | Force)[], locked);	pending S6/S7 semantic disposition
src/app/services/native-body-document.service.ts	20	<module>	legacy authority	/** Used only by the native editor route; the legacy MechanismService never writes this document. */	pending S6/S7 semantic disposition
src/app/services/native-body-gesture.ts	47	constructor	point graph	const joint = document.joints.find((j) => j.id === target.coordinate.jointId);	pending S6/S7 semantic disposition
src/app/services/native-gesture-scale.ts	14	nativeGestureScale	point graph	const j = document.joints.find((j) => j.id === target.coordinate.jointId)!;	pending S6/S7 semantic disposition
src/app/services/native-gesture-scale.ts	19	nativeGestureScale	point graph	for (const j of document.joints)	pending S6/S7 semantic disposition
src/app/services/number-unit-parser.service.ts	18	<module>	scale boundary	import { MODEL_SCALE } from '../model/render-scale';	pending S6/S7 semantic disposition
src/app/services/number-unit-parser.service.ts	104	<module>	scale boundary	* Format a length held in internal model units (MODEL_SCALE times the user's	pending S6/S7 semantic disposition
src/app/services/number-unit-parser.service.ts	110	formatModelLength	scale boundary	return this.formatValueAndUnit(modelValue / MODEL_SCALE, units);	pending S6/S7 semantic disposition
src/app/services/number-unit-parser.service.ts	116	parseModelLengthString	scale boundary	return [success, value * MODEL_SCALE];	pending S6/S7 semantic disposition
src/app/services/save-history.service.ts	5	<module>	legacy authority	import { MechanismService, PausedPlaybackPose } from './mechanism.service';	pending S6/S7 semantic disposition
src/app/services/save-history.service.ts	100	setMechanismToState	legacy authority	const mechanism = this.injector.get(MechanismService);	pending S6/S7 semantic disposition
src/app/services/selection-batch.service.ts	5	<module>	legacy record	import { Joint, PrisJoint, RealJoint, RevJoint } from '../model/joint';	pending S6/S7 semantic disposition
src/app/services/selection-batch.service.ts	6	<module>	legacy record	import { Link, RealLink, SliderBlock } from '../model/link';	pending S6/S7 semantic disposition
src/app/services/selection-batch.service.ts	8	<module>	legacy authority	import { MechanismService } from './mechanism.service';	pending S6/S7 semantic disposition
src/app/services/selection-batch.service.ts	22	<module>	legacy record	| { ref: SelectedPartRef; object: RealJoint }	pending S6/S7 semantic disposition
src/app/services/selection-batch.service.ts	57	<module>	legacy authority	private readonly mechanism = inject(MechanismService);	pending S6/S7 semantic disposition
src/app/services/selection-batch.service.ts	119	resolve	legacy authority	mechanism: MechanismService,	pending S6/S7 semantic disposition
src/app/services/selection-batch.service.ts	131	resolve	point graph	const joint = mechanism.joints.find(	pending S6/S7 semantic disposition
src/app/services/selection-batch.service.ts	132	resolve	legacy record	(candidate): candidate is RealJoint =>	pending S6/S7 semantic disposition
src/app/services/selection-batch.service.ts	133	resolve	legacy record	candidate instanceof RealJoint && candidate.id === ref.id	pending S6/S7 semantic disposition
src/app/services/selection-batch.service.ts	167	planDeletion	legacy authority	function planDeletion(mechanism: MechanismService, resolved: ResolvedPart[]): DeletePlan {	pending S6/S7 semantic disposition
src/app/services/selection-batch.service.ts	178	planDeletion	point graph	root.joints.forEach((joint) => orphanCandidates.add(joint.id));	pending S6/S7 semantic disposition
src/app/services/selection-batch.service.ts	198	planDeletion	point graph	linked.root.joints.forEach((joint) => orphanCandidates.add(joint.id));	pending S6/S7 semantic disposition
src/app/services/selection-batch.service.ts	208	planDeletion	point graph	for (const root of mechanism.links) {	pending S6/S7 semantic disposition
src/app/services/selection-batch.service.ts	210	planDeletion	point graph	const selectedOnRoot = root.joints.filter((joint) => selectedJointIds.has(joint.id));	pending S6/S7 semantic disposition
src/app/services/selection-batch.service.ts	212	planDeletion	legacy record	if (root instanceof SliderBlock) {	pending S6/S7 semantic disposition
src/app/services/selection-batch.service.ts	214	planDeletion	point graph	root.joints.forEach((joint) => removeJointIds.add(joint.id));	pending S6/S7 semantic disposition
src/app/services/selection-batch.service.ts	215	planDeletion	point graph; legacy record	} else if (!(root instanceof RealLink) || root.subset.length === 0) {	pending S6/S7 semantic disposition
src/app/services/selection-batch.service.ts	216	planDeletion	point graph	if (root.joints.length - selectedOnRoot.length < 2) removeRoots.add(root);	pending S6/S7 semantic disposition
src/app/services/selection-batch.service.ts	218	planDeletion	point graph	const survivors = root.subset.filter(	pending S6/S7 semantic disposition
src/app/services/selection-batch.service.ts	219	planDeletion	point graph	(leaf) => leaf.joints.filter((joint) => !selectedJointIds.has(joint.id)).length >= 2	pending S6/S7 semantic disposition
src/app/services/selection-batch.service.ts	225	planDeletion	point graph	const survivingRoots = mechanism.links.filter((root) => !removeRoots.has(root));	pending S6/S7 semantic disposition
src/app/services/selection-batch.service.ts	228	planDeletion	point graph	root.joints.some((joint) => joint.id === id && !selectedJointIds.has(id))	pending S6/S7 semantic disposition
src/app/services/selection-batch.service.ts	242	applyDeletion	legacy authority	function applyDeletion(mechanism: MechanismService, plan: DeletePlan): void {	pending S6/S7 semantic disposition
src/app/services/selection-batch.service.ts	243	applyDeletion	legacy record	const removedOwners = new Set<RealLink>();	pending S6/S7 semantic disposition
src/app/services/selection-batch.service.ts	245	applyDeletion	legacy record	if (root instanceof RealLink) removedOwners.add(root);	pending S6/S7 semantic disposition
src/app/services/selection-batch.service.ts	247	applyDeletion	point graph	let roots = mechanism.links.filter((root) => !plan.removeRoots.has(root));	pending S6/S7 semantic disposition
src/app/services/selection-batch.service.ts	250	applyDeletion	point graph	if (!root.joints.some((joint) => plan.selectedJointIds.has(joint.id))) return [root];	pending S6/S7 semantic disposition
src/app/services/selection-batch.service.ts	251	applyDeletion	point graph; legacy record	if (!(root instanceof RealLink) || root.subset.length === 0) {	pending S6/S7 semantic disposition
src/app/services/selection-batch.service.ts	253	applyDeletion	point graph	return root.joints.length >= 2 ? [root] : [];	pending S6/S7 semantic disposition
src/app/services/selection-batch.service.ts	258	applyDeletion	point graph	mechanism.links = roots;	pending S6/S7 semantic disposition
src/app/services/selection-batch.service.ts	262	applyDeletion	point graph	mechanism.joints = mechanism.joints.filter((joint) => !plan.removeJointIds.has(joint.id));	pending S6/S7 semantic disposition
src/app/services/selection-batch.service.ts	267	duplicateClosure	legacy authority	mechanism: MechanismService,	pending S6/S7 semantic disposition
src/app/services/selection-batch.service.ts	275	duplicateClosure	point graph	root.joints.forEach((joint) => joints.add(joint));	pending S6/S7 semantic disposition
src/app/services/selection-batch.service.ts	300	duplicateClosure	point graph	mechanism.links.filter((root) => root.joints.includes(part.object)).forEach(addRoot);	pending S6/S7 semantic disposition
src/app/services/selection-batch.service.ts	308	duplicateClosure	point graph	[...roots].forEach((root) => root.joints.forEach((joint) => joints.add(joint)));	pending S6/S7 semantic disposition
src/app/services/selection-batch.service.ts	309	duplicateClosure	point graph	for (const joint of [...joints]) {	pending S6/S7 semantic disposition
src/app/services/selection-batch.service.ts	310	duplicateClosure	legacy record	if (!(joint instanceof RealJoint)) continue;	pending S6/S7 semantic disposition
src/app/services/selection-batch.service.ts	311	duplicateClosure	point graph	for (const block of joint.links.filter(	pending S6/S7 semantic disposition
src/app/services/selection-batch.service.ts	312	duplicateClosure	legacy record	(link): link is SliderBlock => link instanceof SliderBlock	pending S6/S7 semantic disposition
src/app/services/selection-batch.service.ts	315	duplicateClosure	point graph	block.joints.forEach((member) => joints.add(member));	pending S6/S7 semantic disposition
src/app/services/selection-batch.service.ts	316	duplicateClosure	point graph	const slider = block.joints.find(	pending S6/S7 semantic disposition
src/app/services/selection-batch.service.ts	317	duplicateClosure	legacy record	(member): member is PrisJoint => member instanceof PrisJoint	pending S6/S7 semantic disposition
src/app/services/selection-batch.service.ts	324	duplicateClosure	legacy record	if (joint instanceof PrisJoint && joint.isFloating) {	pending S6/S7 semantic disposition
src/app/services/selection-batch.service.ts	343	duplicateClosure	point graph	return { resolved, joints: [...joints], roots: [...roots] };	pending S6/S7 semantic disposition
src/app/services/selection-batch.service.ts	347	copyClosure	legacy authority	mechanism: MechanismService,	pending S6/S7 semantic disposition
src/app/services/selection-batch.service.ts	354	copyClosure	point graph	...mechanism.joints.map((joint) => joint.name),	pending S6/S7 semantic disposition
src/app/services/selection-batch.service.ts	355	copyClosure	point graph	...mechanism.links.flatMap((link) => [	pending S6/S7 semantic disposition
src/app/services/selection-batch.service.ts	361	copyClosure	point graph	for (const source of closure.joints) {	pending S6/S7 semantic disposition
src/app/services/selection-batch.service.ts	371	copyClosure	point graph	const mapped = source.joints.map((joint) => jointMap.get(joint)!);	pending S6/S7 semantic disposition
src/app/services/selection-batch.service.ts	377	copyClosure	legacy record	if (source instanceof SliderBlock) {	pending S6/S7 semantic disposition
src/app/services/selection-batch.service.ts	378	copyClosure	legacy record	copy = new SliderBlock(id, mapped, source.mass);	pending S6/S7 semantic disposition
src/app/services/selection-batch.service.ts	379	copyClosure	legacy record	} else if (source instanceof RealLink) {	pending S6/S7 semantic disposition
src/app/services/selection-batch.service.ts	380	copyClosure	point graph	const subsets = source.subset.map(copyLink);	pending S6/S7 semantic disposition
src/app/services/selection-batch.service.ts	381	copyClosure	legacy record	const realCopy = new RealLink(	pending S6/S7 semantic disposition
src/app/services/selection-batch.service.ts	399	copyClosure	point graph	source.joints.find((joint) => joint.id === source.fixedLocation.fixedPoint)!	pending S6/S7 semantic disposition
src/app/services/selection-batch.service.ts	406	copyClosure	point graph	for (const source of closure.joints) {	pending S6/S7 semantic disposition
src/app/services/selection-batch.service.ts	407	copyClosure	legacy record	if (!(source instanceof PrisJoint)) continue;	pending S6/S7 semantic disposition
src/app/services/selection-batch.service.ts	409	copyClosure	legacy record	if (!(copy instanceof PrisJoint) || !source.isFloating) continue;	pending S6/S7 semantic disposition
src/app/services/selection-batch.service.ts	418	copyClosure	legacy record	closure.roots.filter((root): root is RealLink => root instanceof RealLink)	pending S6/S7 semantic disposition
src/app/services/selection-batch.service.ts	422	copyClosure	legacy record	if (!(owner instanceof RealLink)) continue;	pending S6/S7 semantic disposition
src/app/services/selection-batch.service.ts	442	copyClosure	point graph	mechanism.joints.push(...jointMap.values());	pending S6/S7 semantic disposition
src/app/services/selection-batch.service.ts	443	copyClosure	point graph	mechanism.links.push(...rootCopies);	pending S6/S7 semantic disposition
src/app/services/selection-batch.service.ts	464	copyJoint	legacy record	if (source instanceof PrisJoint) {	pending S6/S7 semantic disposition
src/app/services/selection-batch.service.ts	465	copyJoint	legacy record	const slider = new PrisJoint(	pending S6/S7 semantic disposition
src/app/services/selection-batch.service.ts	475	copyJoint	legacy record	} else if (source instanceof RevJoint) {	pending S6/S7 semantic disposition
src/app/services/selection-batch.service.ts	476	copyJoint	legacy record	copy = new RevJoint(id, source.x + delta.x, source.y + delta.y, source.input, source.ground);	pending S6/S7 semantic disposition
src/app/services/selection-batch.service.ts	477	copyJoint	legacy record	} else if (source instanceof RealJoint) {	pending S6/S7 semantic disposition
src/app/services/selection-batch.service.ts	478	copyJoint	legacy record	copy = new RealJoint(id, source.x + delta.x, source.y + delta.y, source.input, source.ground);	pending S6/S7 semantic disposition
src/app/services/selection-batch.service.ts	484	copyJoint	legacy record	if (copy instanceof RealJoint && source instanceof RealJoint) {	pending S6/S7 semantic disposition
src/app/services/selection-batch.service.ts	494	copyRealLinkState	legacy record	function copyRealLinkState(source: RealLink, copy: RealLink, joints: Map<Joint, Joint>): void {	pending S6/S7 semantic disposition
src/app/services/selection-batch.service.ts	505	copyRealLinkState	point graph	joints.get(source.joints.find((joint) => joint.id === anchor.joint)!)?.id ??	pending S6/S7 semantic disposition
src/app/services/selection-batch.service.ts	506	copyRealLinkState	point graph	copy.joints[0].id,	pending S6/S7 semantic disposition
src/app/services/selection-batch.service.ts	520	copyRealLinkState	point graph	joints.get(source.joints.find((joint) => joint.id === id)!)?.id ?? copy.joints[0].id	pending S6/S7 semantic disposition
src/app/services/selection-batch.service.ts	543	nextForceId	legacy authority	function nextForceId(mechanism: MechanismService, additional: string[]): string {	pending S6/S7 semantic disposition
src/app/services/selection-batch.service.ts	551	rootById	legacy authority	function rootById(mechanism: MechanismService, id: string): Link | undefined {	pending S6/S7 semantic disposition
src/app/services/selection-batch.service.ts	552	rootById	point graph	return mechanism.links.find(	pending S6/S7 semantic disposition
src/app/services/selection-batch.service.ts	557	linkById	legacy authority	function linkById(mechanism: MechanismService, id: string): Link | undefined {	pending S6/S7 semantic disposition
src/app/services/selection-batch.service.ts	558	linkById	point graph	for (const root of mechanism.links) {	pending S6/S7 semantic disposition
src/app/services/selection-batch.service.ts	566	rootOf	legacy authority	function rootOf(mechanism: MechanismService, link: Link): Link | undefined {	pending S6/S7 semantic disposition
src/app/services/selection-batch.service.ts	567	rootOf	point graph	return mechanism.links.find((root) => root === link || descendants(root).includes(link));	pending S6/S7 semantic disposition
src/app/services/selection-batch.service.ts	571	descendants	legacy record	if (!(link instanceof RealLink)) return [];	pending S6/S7 semantic disposition
src/app/services/selection-batch.service.ts	572	descendants	point graph	return link.subset.flatMap((child) => [child, ...descendants(child)]);	pending S6/S7 semantic disposition
src/app/services/selection-batch.service.ts	582	removeJointsFromLink	point graph	link.joints = link.joints.filter((joint) => !ids.has(joint.id));	pending S6/S7 semantic disposition
src/app/services/selection-batch.service.ts	587	refreshLinkIdentity	point graph	link.id = link.joints	pending S6/S7 semantic disposition
src/app/services/selection-batch.service.ts	593	refreshLinkIdentity	point graph	...link.joints.map((joint) => ({ id: joint.id, label: joint.id })),	pending S6/S7 semantic disposition
src/app/services/selection-batch.service.ts	600	rewireForces	legacy authority	function rewireForces(mechanism: MechanismService): void {	pending S6/S7 semantic disposition
src/app/services/selection-batch.service.ts	601	rewireForces	point graph	const bodies = mechanism.links.flatMap((root) => [root, ...descendants(root)]);	pending S6/S7 semantic disposition
src/app/services/settings.service.ts	11	<module>	scale boundary	import { MODEL_SCALE } from '../model/render-scale';	pending S6/S7 semantic disposition
src/app/services/settings.service.ts	12	<module>	scale boundary	import { OBJECT_SCALE } from '../model/object-scale';	pending S6/S7 semantic disposition
src/app/services/settings.service.ts	132	<module>	scale boundary	// In user units; the internal world is MODEL_SCALE times larger, and every	pending S6/S7 semantic disposition
src/app/services/settings.service.ts	138	<module>	scale boundary	static _objectScale = OBJECT_SCALE;	pending S6/S7 semantic disposition
src/app/services/slider-mark.service.ts	2	<module>	legacy record	import { Joint, PrisJoint, RealJoint } from '../model/joint';	pending S6/S7 semantic disposition
src/app/services/slider-mark.service.ts	3	<module>	legacy record	import { Link, RealLink, SliderBlock } from '../model/link';	pending S6/S7 semantic disposition
src/app/services/slider-mark.service.ts	31	<module>	legacy record	export type DriveForward = (joint: RealJoint) => boolean;	pending S6/S7 semantic disposition
src/app/services/slider-mark.service.ts	255	marks	legacy record	.filter((joint): joint is PrisJoint => joint instanceof PrisJoint)	pending S6/S7 semantic disposition
src/app/services/slider-mark.service.ts	285	fuseSharedPlates	legacy record	const riders = this.ridersOn(mark.pin as RealJoint);	pending S6/S7 semantic disposition
src/app/services/slider-mark.service.ts	303	ridersOn	legacy record	private ridersOn(pin: RealJoint): RealLink[] {	pending S6/S7 semantic disposition
src/app/services/slider-mark.service.ts	304	ridersOn	point graph	return pin.links.filter(	pending S6/S7 semantic disposition
src/app/services/slider-mark.service.ts	305	ridersOn	legacy record	(link): link is RealLink => link instanceof RealLink && !(link instanceof SliderBlock)	pending S6/S7 semantic disposition
src/app/services/slider-mark.service.ts	331	channelsInLocalFrame	legacy record	pin: RealJoint,	pending S6/S7 semantic disposition
src/app/services/slider-mark.service.ts	340	channelsInLocalFrame	legacy record	if (!(joint instanceof PrisJoint) || !joint.isFloating) continue;	pending S6/S7 semantic disposition
src/app/services/slider-mark.service.ts	405	cylinderMark	legacy record	barrelFill: (found.barrel as RealLink).fill ?? '#000000',	pending S6/S7 semantic disposition
src/app/services/slider-mark.service.ts	408	cylinderMark	legacy record	rodFill: (found.barrel as RealLink).fill ?? '#000000',	pending S6/S7 semantic disposition
src/app/services/slider-mark.service.ts	419	channels	legacy record	if (!(joint instanceof PrisJoint) || !joint.isFloating) continue;	pending S6/S7 semantic disposition
src/app/services/slider-mark.service.ts	447	markFor	legacy record	slider: PrisJoint,	pending S6/S7 semantic disposition
src/app/services/slider-mark.service.ts	455	markFor	point graph; legacy record	const block = slider.links.find((link): link is SliderBlock => link instanceof SliderBlock);	pending S6/S7 semantic disposition
src/app/services/slider-mark.service.ts	457	markFor	point graph	const pin = block.joints.find(	pending S6/S7 semantic disposition
src/app/services/slider-mark.service.ts	458	markFor	legacy record	(joint): joint is RealJoint => joint instanceof RealJoint && !(joint instanceof PrisJoint)	pending S6/S7 semantic disposition
src/app/services/slider-mark.service.ts	465	markFor	legacy record	// The block's own zero-length link is a RealLink subclass and has no	pending S6/S7 semantic disposition
src/app/services/slider-mark.service.ts	467	markFor	point graph	const riders = pin.links.filter(	pending S6/S7 semantic disposition
src/app/services/slider-mark.service.ts	468	markFor	legacy record	(link): link is RealLink =>	pending S6/S7 semantic disposition
src/app/services/slider-mark.service.ts	469	markFor	legacy record	link instanceof RealLink && !(link instanceof SliderBlock) && !claimed.has(link.id)	pending S6/S7 semantic disposition
src/app/services/slider-mark.service.ts	495	plateFor	legacy record	pin: RealJoint,	pending S6/S7 semantic disposition
src/app/services/slider-mark.service.ts	496	plateFor	legacy record	riders: RealLink[],	pending S6/S7 semantic disposition
src/app/services/slider-mark.service.ts	534	ridersFor	legacy record	pin: RealJoint,	pending S6/S7 semantic disposition
src/app/services/slider-mark.service.ts	535	ridersFor	legacy record	riders: RealLink[],	pending S6/S7 semantic disposition
src/app/services/slider-mark.service.ts	566	groupPlate	legacy record	const links = new Map<string, RealLink>();	pending S6/S7 semantic disposition
src/app/services/slider-mark.service.ts	571	groupPlate	legacy record	for (const rider of this.ridersOn(mark.pin as RealJoint)) {	pending S6/S7 semantic disposition
src/app/services/slider-mark.service.ts	589	groupPlate	point graph	const cuts = [...links.values()].flatMap((rider) =>	pending S6/S7 semantic disposition
src/app/services/slider-mark.service.ts	590	groupPlate	legacy record	this.channelsInLocalFrame(rider, leader.pin as RealJoint, leaderAngle, r, joints)	pending S6/S7 semantic disposition
src/app/services/slider-mark.service.ts	594	groupPlate	point graph	fill: [...links.values()][0].fill ?? '#000000',	pending S6/S7 semantic disposition
src/app/services/slider-mark.service.ts	598	groupPlate	point graph	links: [...links.values()],	pending S6/S7 semantic disposition
src/app/services/slider-mark.service.ts	617	riderOutline	legacy record	private riderOutline(rider: RealLink, pin: RealJoint, slotAngle: number): string | undefined {	pending S6/S7 semantic disposition
src/app/services/slider-mark.service.ts	637	railsFor	legacy record	slider: PrisJoint,	pending S6/S7 semantic disposition
src/app/services/slider-mark.service.ts	665	bandFor	legacy record	slider: PrisJoint,	pending S6/S7 semantic disposition
src/app/services/slider-mark.service.ts	709	bands	legacy record	if (!(joint instanceof PrisJoint) || !joint.ground) continue;	pending S6/S7 semantic disposition
src/app/services/svg-grid.service.ts	6	<module>	canvas registration	import { canvasHandle } from './canvas-handle';	pending S6/S7 semantic disposition
src/app/services/svg-grid.service.ts	10	<module>	legacy authority	import { MechanismService } from './mechanism.service';	pending S6/S7 semantic disposition
src/app/services/svg-grid.service.ts	13	<module>	scale boundary	import { MODEL_SCALE } from '../model/render-scale';	pending S6/S7 semantic disposition
src/app/services/svg-grid.service.ts	54	minorDivisionsFor	scale boundary	const units = majorModelUnits / MODEL_SCALE;	pending S6/S7 semantic disposition
src/app/services/svg-grid.service.ts	162	<module>	legacy authority	export class SvgGridService {	pending S6/S7 semantic disposition
src/app/services/svg-grid.service.ts	194	<module>	scale boundary	private defualtCellSize: number = 10000 * MODEL_SCALE;	pending S6/S7 semantic disposition
src/app/services/svg-grid.service.ts	200	<module>	scale boundary	// The same visual range as the old 3300/0.04, divided by MODEL_SCALE: model	pending S6/S7 semantic disposition
src/app/services/svg-grid.service.ts	236	setNewElement	canvas registration	canvasHandle()?.handleTap();	pending S6/S7 semantic disposition
src/app/services/svg-grid.service.ts	334	releaseGesturesOnLostPointer	canvas registration	canvasHandle()?.releaseCanvasGestures(event as PointerEvent);	pending S6/S7 semantic disposition
src/app/services/svg-grid.service.ts	346	releaseGesturesOnLostPointer	canvas registration	const lost = () => canvasHandle()?.releaseCanvasGestures();	pending S6/S7 semantic disposition
src/app/services/svg-grid.service.ts	639	handleBeforePan	canvas registration	if (this.dragState.isDragging || canvasHandle()?.isGestureLive()) {	pending S6/S7 semantic disposition
src/app/services/svg-grid.service.ts	732	handleZoom	point graph	this.notify.news('zoom.links-tiny', 'Objects may be difficult to see at this zoom.', {	pending S6/S7 semantic disposition
src/app/services/svg-grid.service.ts	739	handleZoom	point graph	'zoom.links-huge',	pending S6/S7 semantic disposition
src/app/services/svg-grid.service.ts	794	cellSizeFor	scale boundary	const unitsPerMajor = MAX_MAJOR_PX / (zoom * MODEL_SCALE);	pending S6/S7 semantic disposition
src/app/services/svg-grid.service.ts	801	cellSizeFor	scale boundary	return decade * majorUnits * MODEL_SCALE;	pending S6/S7 semantic disposition
src/app/services/svg-grid.service.ts	898	fitToLinkage	canvas registration	const canvas = canvasHandle();	pending S6/S7 semantic disposition
src/app/services/svg-grid.service.ts	914	fitToFullMotion	canvas registration	const canvas = canvasHandle();	pending S6/S7 semantic disposition
src/app/services/svg-grid.service.ts	981	fullMotionBox	legacy authority	const mechanism = this.injector.get(MechanismService);	pending S6/S7 semantic disposition
src/app/services/svg-grid.service.ts	988	fullMotionBox	point graph	for (const frame of solved.joints) {	pending S6/S7 semantic disposition
src/app/services/svg-grid.service.ts	1048	moveViewTo	canvas registration	if (animate) canvasHandle()?.enableGridAnimationForThisAction();	pending S6/S7 semantic disposition
src/app/services/svg-grid.service.ts	1111	scaleSuitedTo	point graph; legacy authority	if (this.injector.get(MechanismService).joints.length === 0) return undefined;	pending S6/S7 semantic disposition
src/app/services/svg-grid.service.ts	1127	adoptScaleForDrawing	legacy authority	this.injector.get(MechanismService).applyObjectScaleChange();	pending S6/S7 semantic disposition
src/app/services/svg-grid.service.ts	1214	notifyChromeChanged	canvas registration	if (!this.panZoomObject || !canvasHandle()) return;	pending S6/S7 semantic disposition
src/app/services/svg-grid.service.ts	1566	updateObjectScale	scale boundary	`Joints and blocks are already sized for this zoom (${(wanted / MODEL_SCALE).toFixed(2)}).`	pending S6/S7 semantic disposition
src/app/services/svg-grid.service.ts	1576	updateObjectScale	legacy authority	this.injector.get(MechanismService).applyObjectScaleChange();	pending S6/S7 semantic disposition
src/app/services/synthesis/synthesis-builder.service.ts	7	<module>	scale boundary	import { MODEL_SCALE } from 'src/app/model/render-scale';	pending S6/S7 semantic disposition
src/app/services/synthesis/synthesis-builder.service.ts	112	<module>	scale boundary	x: -6 * MODEL_SCALE,	pending S6/S7 semantic disposition
src/app/services/synthesis/synthesis-builder.service.ts	113	<module>	scale boundary	y: -14 * MODEL_SCALE,	pending S6/S7 semantic disposition
src/app/services/synthesis/synthesis-builder.service.ts	114	<module>	scale boundary	w: 26 * MODEL_SCALE,	pending S6/S7 semantic disposition
src/app/services/synthesis/synthesis-builder.service.ts	115	<module>	scale boundary	h: 12 * MODEL_SCALE,	pending S6/S7 semantic disposition
src/app/services/synthesis/synthesis-builder.service.ts	137	constructor	scale boundary	this._length = 5 * MODEL_SCALE;	pending S6/S7 semantic disposition
src/app/services/synthesis/synthesis-builder.service.ts	506	clearDesign	scale boundary	this._length = 5 * MODEL_SCALE;	pending S6/S7 semantic disposition
src/app/services/synthesis/synthesis-builder.service.ts	547	applyDecoded	scale boundary	this._length = decoded.length > 0 ? decoded.length : 5 * MODEL_SCALE;	pending S6/S7 semantic disposition
src/app/services/synthesis/synthesis-candidates.ts	3	<module>	scale boundary	import { MODEL_SCALE } from 'src/app/model/render-scale';	pending S6/S7 semantic disposition
src/app/services/synthesis/synthesis-candidates.ts	29	<module>	scale boundary	export const POSE_TOLERANCE = 0.18 * MODEL_SCALE;	pending S6/S7 semantic disposition
src/app/services/synthesis/synthesis-candidates.ts	477	describePins	scale boundary	(away / MODEL_SCALE).toFixed(1) +	pending S6/S7 semantic disposition
src/app/services/synthesis/synthesis-canvas.service.ts	4	<module>	legacy authority	import { SvgGridService } from '../svg-grid.service';	pending S6/S7 semantic disposition
src/app/services/synthesis/synthesis-canvas.service.ts	136	<module>	legacy record	* The same shape `RealLink` computes for a two-joint link, at the same radius	pending S6/S7 semantic disposition
src/app/services/synthesis/synthesis-canvas.service.ts	165	<module>	legacy authority	private svgGrid = inject(SvgGridService);	pending S6/S7 semantic disposition
src/app/services/synthesis/synthesis-solution.service.ts	5	<module>	legacy record	import { RealLink } from 'src/app/model/link';	pending S6/S7 semantic disposition
src/app/services/synthesis/synthesis-solution.service.ts	6	<module>	legacy record	import { RealJoint, RevJoint } from 'src/app/model/joint';	pending S6/S7 semantic disposition
src/app/services/synthesis/synthesis-solution.service.ts	7	<module>	legacy authority	import { MechanismService } from '../mechanism.service';	pending S6/S7 semantic disposition
src/app/services/synthesis/synthesis-solution.service.ts	9	<module>	scale boundary	import { MODEL_SCALE } from 'src/app/model/render-scale';	pending S6/S7 semantic disposition
src/app/services/synthesis/synthesis-solution.service.ts	39	<module>	scale boundary	const MOVED_BY_HAND = 0.1 * MODEL_SCALE;	pending S6/S7 semantic disposition
src/app/services/synthesis/synthesis-solution.service.ts	58	<module>	legacy authority	private mechanismSrv = inject(MechanismService);	pending S6/S7 semantic disposition
src/app/services/synthesis/synthesis-solution.service.ts	669	lettersKey	point graph	return this.mechanismSrv.joints.map((joint) => joint.id).join(',') + '|' + freed.join(',');	pending S6/S7 semantic disposition
src/app/services/synthesis/synthesis-solution.service.ts	702	ownership	point graph	const owned = this.mechanismSrv.joints.filter((joint) => ids.has(joint.id));	pending S6/S7 semantic disposition
src/app/services/synthesis/synthesis-solution.service.ts	724	ownership	point graph; legacy record	(joint as RealJoint).connectedJoints?.some((other) => !ids.has(other.id))	pending S6/S7 semantic disposition
src/app/services/synthesis/synthesis-solution.service.ts	760	needsReinsert	point graph	this.mechanismSrv.joints	pending S6/S7 semantic disposition
src/app/services/synthesis/synthesis-solution.service.ts	827	insert	legacy record	const jointA = new RevJoint(idA, solution.A.x, solution.A.y, drivenDirectly, true);	pending S6/S7 semantic disposition
src/app/services/synthesis/synthesis-solution.service.ts	828	insert	legacy record	let drive: RevJoint = jointA;	pending S6/S7 semantic disposition
src/app/services/synthesis/synthesis-solution.service.ts	829	insert	legacy record	const jointB = new RevJoint(idB, solution.B.x, solution.B.y, false, false);	pending S6/S7 semantic disposition
src/app/services/synthesis/synthesis-solution.service.ts	830	insert	legacy record	const jointC = new RevJoint(idC, solution.C.x, solution.C.y, false, false);	pending S6/S7 semantic disposition
src/app/services/synthesis/synthesis-solution.service.ts	831	insert	legacy record	const jointD = new RevJoint(idD, solution.D.x, solution.D.y, false, true);	pending S6/S7 semantic disposition
src/app/services/synthesis/synthesis-solution.service.ts	833	insert	point graph	jointA.connectedJoints.push(jointB);	pending S6/S7 semantic disposition
src/app/services/synthesis/synthesis-solution.service.ts	834	insert	point graph	jointB.connectedJoints.push(jointA, jointC);	pending S6/S7 semantic disposition
src/app/services/synthesis/synthesis-solution.service.ts	835	insert	point graph	jointC.connectedJoints.push(jointB, jointD);	pending S6/S7 semantic disposition
src/app/services/synthesis/synthesis-solution.service.ts	836	insert	point graph	jointD.connectedJoints.push(jointC);	pending S6/S7 semantic disposition
src/app/services/synthesis/synthesis-solution.service.ts	838	insert	legacy record	const crank = new RealLink(linkId(idA, idB), [jointA, jointB]);	pending S6/S7 semantic disposition
src/app/services/synthesis/synthesis-solution.service.ts	840	insert	legacy record	const coupler = new RealLink(linkId(idB, idC), [jointB, jointC]);	pending S6/S7 semantic disposition
src/app/services/synthesis/synthesis-solution.service.ts	842	insert	legacy record	const rocker = new RealLink(linkId(idC, idD), [jointC, jointD]);	pending S6/S7 semantic disposition
src/app/services/synthesis/synthesis-solution.service.ts	845	insert	point graph	jointA.links.push(crank);	pending S6/S7 semantic disposition
src/app/services/synthesis/synthesis-solution.service.ts	846	insert	point graph	jointB.links.push(crank, coupler);	pending S6/S7 semantic disposition
src/app/services/synthesis/synthesis-solution.service.ts	847	insert	point graph	jointC.links.push(coupler, rocker);	pending S6/S7 semantic disposition
src/app/services/synthesis/synthesis-solution.service.ts	848	insert	point graph	jointD.links.push(rocker);	pending S6/S7 semantic disposition
src/app/services/synthesis/synthesis-solution.service.ts	858	insert	legacy record	const motor = new RevJoint(idE, dyad.ground.x, dyad.ground.y, true, true);	pending S6/S7 semantic disposition
src/app/services/synthesis/synthesis-solution.service.ts	860	insert	legacy record	const knee = new RevJoint(idF, elbow[0].x, elbow[0].y, false, false);	pending S6/S7 semantic disposition
src/app/services/synthesis/synthesis-solution.service.ts	861	insert	point graph	motor.connectedJoints.push(knee);	pending S6/S7 semantic disposition
src/app/services/synthesis/synthesis-solution.service.ts	862	insert	point graph	knee.connectedJoints.push(motor, jointB);	pending S6/S7 semantic disposition
src/app/services/synthesis/synthesis-solution.service.ts	863	insert	point graph	jointB.connectedJoints.push(knee);	pending S6/S7 semantic disposition
src/app/services/synthesis/synthesis-solution.service.ts	865	insert	legacy record	const driverCrank = new RealLink(linkId(idE, idF), [motor, knee]);	pending S6/S7 semantic disposition
src/app/services/synthesis/synthesis-solution.service.ts	867	insert	legacy record	const driverCoupler = new RealLink(linkId(idF, idB), [knee, jointB]);	pending S6/S7 semantic disposition
src/app/services/synthesis/synthesis-solution.service.ts	870	insert	point graph	motor.links.push(driverCrank);	pending S6/S7 semantic disposition
src/app/services/synthesis/synthesis-solution.service.ts	871	insert	point graph	knee.links.push(driverCrank, driverCoupler);	pending S6/S7 semantic disposition
src/app/services/synthesis/synthesis-solution.service.ts	872	insert	point graph	jointB.links.push(driverCoupler);	pending S6/S7 semantic disposition
src/app/services/synthesis/synthesis-solution.service.ts	917	removeOwned	point graph	this.mechanismSrv.links	pending S6/S7 semantic disposition
src/app/services/synthesis/synthesis-solution.service.ts	918	removeOwned	point graph	.filter((link) => link.joints.every((joint) => ids.has(joint.id)))	pending S6/S7 semantic disposition
src/app/services/synthesis/synthesis-solution.service.ts	924	removeOwned	point graph	this.mechanismSrv.links = this.mechanismSrv.links.filter((link) => !goneLinks.has(link.id));	pending S6/S7 semantic disposition
src/app/services/synthesis/synthesis-solution.service.ts	925	removeOwned	point graph	this.mechanismSrv.joints = this.mechanismSrv.joints.filter((joint) => !ids.has(joint.id));	pending S6/S7 semantic disposition
src/app/services/synthesis/synthesis-url.ts	2	<module>	scale boundary	import { MODEL_SCALE } from 'src/app/model/render-scale';	pending S6/S7 semantic disposition
src/app/services/synthesis/synthesis-url.ts	26	<module>	scale boundary	* and lengths are in the user's own units -- the internal world is MODEL_SCALE	pending S6/S7 semantic disposition
src/app/services/synthesis/synthesis-url.ts	38	length	scale boundary	return num(model / MODEL_SCALE);	pending S6/S7 semantic disposition
src/app/services/synthesis/synthesis-url.ts	42	unlength	scale boundary	return unnum(text) * MODEL_SCALE;	pending S6/S7 semantic disposition
src/app/services/transcoding/body-document-canonical.ts	18	canonicalBodyDocument	point graph	joints: ids(document.synthesis.generated.joints),	pending S6/S7 semantic disposition
src/app/services/transcoding/body-document-canonical.ts	26	canonicalBodyDocument	point graph	joints: byId(document.joints),	pending S6/S7 semantic disposition
src/app/services/transcoding/body-document-canonical.ts	30	canonicalBodyDocument	point graph	joints: ids(j.joints),	pending S6/S7 semantic disposition
src/app/services/transcoding/mechanism-builder.ts	1	<module>	legacy record	import { Joint, PrisJoint, RealJoint, RevJoint } from 'src/app/model/joint';	pending S6/S7 semantic disposition
src/app/services/transcoding/mechanism-builder.ts	2	<module>	legacy authority	import { MechanismService } from '../mechanism.service';	pending S6/S7 semantic disposition
src/app/services/transcoding/mechanism-builder.ts	3	<module>	legacy record	import { Link, SliderBlock, RealLink } from 'src/app/model/link';	pending S6/S7 semantic disposition
src/app/services/transcoding/mechanism-builder.ts	12	<module>	legacy authority	import { ActiveObjService } from '../active-obj.service';	pending S6/S7 semantic disposition
src/app/services/transcoding/mechanism-builder.ts	13	<module>	scale boundary	import { MODEL_SCALE } from 'src/app/model/render-scale';	pending S6/S7 semantic disposition
src/app/services/transcoding/mechanism-builder.ts	20	<module>	legacy authority	mechanism: MechanismService;	pending S6/S7 semantic disposition
src/app/services/transcoding/mechanism-builder.ts	24	constructor	legacy authority	mechanism: MechanismService,	pending S6/S7 semantic disposition
src/app/services/transcoding/mechanism-builder.ts	27	constructor	legacy authority	private activeObj: ActiveObjService	pending S6/S7 semantic disposition
src/app/services/transcoding/mechanism-builder.ts	50	getLinkByID	point graph; legacy record	if (!(link instanceof RealLink) || link.subset.length === 0) continue;	pending S6/S7 semantic disposition
src/app/services/transcoding/mechanism-builder.ts	51	getLinkByID	point graph	const inside = this.getLinkByID(link.subset, id);	pending S6/S7 semantic disposition
src/app/services/transcoding/mechanism-builder.ts	58	<module>	scale boundary	// URLs carry user-unit coordinates; the internal world is MODEL_SCALE times	pending S6/S7 semantic disposition
src/app/services/transcoding/mechanism-builder.ts	64	buildJoint	legacy record	joint = new PrisJoint(	pending S6/S7 semantic disposition
src/app/services/transcoding/mechanism-builder.ts	66	buildJoint	scale boundary	jointData.x * MODEL_SCALE,	pending S6/S7 semantic disposition
src/app/services/transcoding/mechanism-builder.ts	67	buildJoint	scale boundary	jointData.y * MODEL_SCALE,	pending S6/S7 semantic disposition
src/app/services/transcoding/mechanism-builder.ts	76	buildJoint	legacy record	joint = new RevJoint(	pending S6/S7 semantic disposition
src/app/services/transcoding/mechanism-builder.ts	78	buildJoint	scale boundary	jointData.x * MODEL_SCALE,	pending S6/S7 semantic disposition
src/app/services/transcoding/mechanism-builder.ts	79	buildJoint	scale boundary	jointData.y * MODEL_SCALE,	pending S6/S7 semantic disposition
src/app/services/transcoding/mechanism-builder.ts	103	buildLink	legacy record	const realJoints = jointsOnLink.filter((joint) => joint instanceof RealJoint) as RealJoint[];	pending S6/S7 semantic disposition
src/app/services/transcoding/mechanism-builder.ts	106	buildLink	point graph	if (joint !== otherJoint) joint.connectedJoints.push(otherJoint);	pending S6/S7 semantic disposition
src/app/services/transcoding/mechanism-builder.ts	112	buildLink	scale boundary	let CoM: Coord = new Coord(linkData.xCoM * MODEL_SCALE, linkData.yCoM * MODEL_SCALE);	pending S6/S7 semantic disposition
src/app/services/transcoding/mechanism-builder.ts	113	buildLink	legacy record	link = new RealLink(linkData.id, jointsOnLink, linkData.mass, linkData.massMoI, CoM);	pending S6/S7 semantic disposition
src/app/services/transcoding/mechanism-builder.ts	126	buildLink	legacy record	link = new SliderBlock(linkData.id, jointsOnLink, linkData.mass);	pending S6/S7 semantic disposition
src/app/services/transcoding/mechanism-builder.ts	130	buildLink	point graph	//for (let joint of revoluteJoints) joint.links.push(link);	pending S6/S7 semantic disposition
src/app/services/transcoding/mechanism-builder.ts	143	buildForce	legacy record	(candidate instanceof RealLink &&	pending S6/S7 semantic disposition
src/app/services/transcoding/mechanism-builder.ts	144	buildForce	point graph	candidate.subset.some((subset) => subset.id === forceData.linkID))	pending S6/S7 semantic disposition
src/app/services/transcoding/mechanism-builder.ts	147	buildForce	scale boundary	let startCoord = new Coord(forceData.startX * MODEL_SCALE, forceData.startY * MODEL_SCALE);	pending S6/S7 semantic disposition
src/app/services/transcoding/mechanism-builder.ts	148	buildForce	scale boundary	let endCoord = new Coord(forceData.endX * MODEL_SCALE, forceData.endY * MODEL_SCALE);	pending S6/S7 semantic disposition
src/app/services/transcoding/mechanism-builder.ts	150	buildForce	legacy record	if (!(link instanceof RealLink)) {	pending S6/S7 semantic disposition
src/app/services/transcoding/mechanism-builder.ts	151	buildForce	legacy record	throw new Error('Force can only be applied to RealLink');	pending S6/S7 semantic disposition
src/app/services/transcoding/mechanism-builder.ts	156	buildForce	legacy record	link as RealLink,	pending S6/S7 semantic disposition
src/app/services/transcoding/mechanism-builder.ts	185	resolveSlots	legacy record	if (!(joint instanceof PrisJoint) || !carrier || !slotJointA || !slotJointB) {	pending S6/S7 semantic disposition
src/app/services/transcoding/mechanism-builder.ts	198	addSubsetLinks	legacy record	if (!(link instanceof RealLink)) return;	pending S6/S7 semantic disposition
src/app/services/transcoding/mechanism-builder.ts	201	addSubsetLinks	point graph; legacy record	(link as RealLink).subset = [];	pending S6/S7 semantic disposition
src/app/services/transcoding/mechanism-builder.ts	204	addSubsetLinks	point graph; legacy record	(link as RealLink).subset.push(subsetLink);	pending S6/S7 semantic disposition
src/app/services/transcoding/mechanism-builder.ts	224	addAdjacentLinksForJoints	point graph	this.mechanism.joints.forEach((joint) => {	pending S6/S7 semantic disposition
src/app/services/transcoding/mechanism-builder.ts	225	addAdjacentLinksForJoints	legacy record	if (joint instanceof RealJoint) {	pending S6/S7 semantic disposition
src/app/services/transcoding/mechanism-builder.ts	226	addAdjacentLinksForJoints	legacy record	let realJoint = joint as RealJoint;	pending S6/S7 semantic disposition
src/app/services/transcoding/mechanism-builder.ts	227	addAdjacentLinksForJoints	point graph	realJoint.links = this.mechanism.links.filter((link) => link.joints.includes(realJoint));	pending S6/S7 semantic disposition
src/app/services/transcoding/mechanism-builder.ts	228	addAdjacentLinksForJoints	point graph	realJoint.connectedJoints = [];	pending S6/S7 semantic disposition
src/app/services/transcoding/mechanism-builder.ts	229	addAdjacentLinksForJoints	point graph	realJoint.links.forEach((link) => {	pending S6/S7 semantic disposition
src/app/services/transcoding/mechanism-builder.ts	230	addAdjacentLinksForJoints	point graph	link.joints.forEach((otherJoint) => {	pending S6/S7 semantic disposition
src/app/services/transcoding/mechanism-builder.ts	232	addAdjacentLinksForJoints	legacy record	otherJoint instanceof RealJoint &&	pending S6/S7 semantic disposition
src/app/services/transcoding/mechanism-builder.ts	234	addAdjacentLinksForJoints	point graph	!realJoint.connectedJoints.some((candidate) => candidate.id === otherJoint.id)	pending S6/S7 semantic disposition
src/app/services/transcoding/mechanism-builder.ts	236	addAdjacentLinksForJoints	point graph	realJoint.connectedJoints.push(otherJoint);	pending S6/S7 semantic disposition
src/app/services/transcoding/mechanism-builder.ts	270	build	point graph	this.mechanism.joints = joints;	pending S6/S7 semantic disposition
src/app/services/transcoding/mechanism-builder.ts	271	build	point graph	this.mechanism.links = links;	pending S6/S7 semantic disposition
src/app/services/transcoding/mechanism-builder.ts	289	build	legacy record	if (joint instanceof RealJoint) joint.locked = true;	pending S6/S7 semantic disposition
src/app/services/transcoding/mechanism-builder.ts	294	build	legacy record	.filter((candidate): candidate is RealLink => candidate instanceof RealLink)	pending S6/S7 semantic disposition
src/app/services/transcoding/mechanism-builder.ts	295	build	point graph	.flatMap((candidate) => candidate.subset)	pending S6/S7 semantic disposition
src/app/services/transcoding/mechanism-builder.ts	297	build	point graph	link?.joints.forEach((joint) => {	pending S6/S7 semantic disposition
src/app/services/transcoding/mechanism-builder.ts	298	build	legacy record	if (joint instanceof RealJoint) joint.locked = true;	pending S6/S7 semantic disposition
src/app/services/transcoding/mechanism-builder.ts	311	build	legacy record	if (link instanceof RealLink) link.hold = entry.charAt(1) === 'l' ? 'length' : 'angle';	pending S6/S7 semantic disposition
src/app/services/transcoding/mechanism-builder.ts	340	build	legacy record	if (!(link instanceof RealLink)) return;	pending S6/S7 semantic disposition
src/app/services/transcoding/mechanism-builder.ts	354	build	legacy record	if (part instanceof RealLink) {	pending S6/S7 semantic disposition
src/app/services/transcoding/mechanism-builder.ts	436	build	scale boundary	// MODEL_SCALE times larger, like every other length.	pending S6/S7 semantic disposition
src/app/services/transcoding/mechanism-builder.ts	438	build	scale boundary	this.transcoder.getDecimalSetting(DecimalSetting.SCALE) * MODEL_SCALE	pending S6/S7 semantic disposition
src/app/services/transcoding/string-transcoder.ts	409	encodeURL	point graph	for (let i = 0; i < this.joints.length; i++) {	pending S6/S7 semantic disposition
src/app/services/transcoding/string-transcoder.ts	410	encodeURL	point graph	jointString += this.encodeJoint(this.joints[i]) + '.';	pending S6/S7 semantic disposition
src/app/services/transcoding/string-transcoder.ts	414	encodeURL	point graph	for (let i = 0; i < this.links.length; i++) {	pending S6/S7 semantic disposition
src/app/services/transcoding/string-transcoder.ts	415	encodeURL	point graph	linkString += this.encodeLink(this.links[i]) + '.';	pending S6/S7 semantic disposition
src/app/services/transcoding/string-transcoder.ts	619	validateDecodedData	point graph	const jointIDs = new Set(this.joints.map((joint) => joint.id));	pending S6/S7 semantic disposition
src/app/services/transcoding/string-transcoder.ts	620	validateDecodedData	point graph	const linkIDs = new Set(this.links.map((link) => link.id));	pending S6/S7 semantic disposition
src/app/services/transcoding/string-transcoder.ts	621	validateDecodedData	point graph	if (jointIDs.size !== this.joints.length || linkIDs.size !== this.links.length) {	pending S6/S7 semantic disposition
src/app/services/transcoding/string-transcoder.ts	624	validateDecodedData	point graph	this.joints.forEach((joint) => {	pending S6/S7 semantic disposition
src/app/services/transcoding/string-transcoder.ts	630	validateDecodedData	point graph	this.links.forEach((link) => {	pending S6/S7 semantic disposition
src/app/services/transcoding/string-transcoder.ts	665	validateDecodedSlots	point graph	this.joints.forEach((joint) => {	pending S6/S7 semantic disposition
src/app/services/transcoding/string-transcoder.ts	816	validateDecodedComAnchors	point graph	const link = this.links.find((candidate) => candidate.id === reference);	pending S6/S7 semantic disposition
src/app/services/transcoding/string-transcoder.ts	837	validateDecodedHolds	point graph	const link = this.links.find((candidate) => candidate.id === entry.substring(2));	pending S6/S7 semantic disposition
src/app/services/transcoding/string-transcoder.ts	847	validateDecodedSlotCarriers	point graph	this.joints.forEach((joint) => {	pending S6/S7 semantic disposition
src/app/services/transcoding/string-transcoder.ts	849	validateDecodedSlotCarriers	point graph	const carrier = this.links.find((link) => link.id === joint.carrierID);	pending S6/S7 semantic disposition
src/app/services/transcoding/transcoder-interface.ts	81	addJoint	point graph	this.joints.push(joint);	pending S6/S7 semantic disposition
src/app/services/transcoding/transcoder-interface.ts	85	addLink	point graph	this.links.push(link);	pending S6/S7 semantic disposition
src/app/services/transcoding/transcoder-interface.ts	179	getJoints	point graph	return this.joints;	pending S6/S7 semantic disposition
src/app/services/transcoding/transcoder-interface.ts	182	getLinks	point graph	return this.links;	pending S6/S7 semantic disposition
src/app/services/tutorial.service.ts	2	<module>	legacy record	import { Joint, RealJoint } from '../model/joint';	pending S6/S7 semantic disposition
src/app/services/tutorial.service.ts	4	<module>	scale boundary	import { MODEL_SCALE } from '../model/render-scale';	pending S6/S7 semantic disposition
src/app/services/tutorial.service.ts	19	<module>	legacy authority	import { MechanismService } from './mechanism.service';	pending S6/S7 semantic disposition
src/app/services/tutorial.service.ts	20	<module>	legacy authority	import { ActiveObjService } from './active-obj.service';	pending S6/S7 semantic disposition
src/app/services/tutorial.service.ts	25	<module>	legacy authority	import { SvgGridService } from './svg-grid.service';	pending S6/S7 semantic disposition
src/app/services/tutorial.service.ts	54	<module>	legacy authority	private mechanism = inject(MechanismService);	pending S6/S7 semantic disposition
src/app/services/tutorial.service.ts	55	<module>	legacy authority	private activeObj = inject(ActiveObjService);	pending S6/S7 semantic disposition
src/app/services/tutorial.service.ts	60	<module>	legacy authority	private svgGrid = inject(SvgGridService);	pending S6/S7 semantic disposition
src/app/services/tutorial.service.ts	127	noticeStep	point graph	const now = stepOf(this.mechanism.joints, this.mechanism.links);	pending S6/S7 semantic disposition
src/app/services/tutorial.service.ts	163	progress	point graph	return progressFor(this.mechanism.joints, this.mechanism.links);	pending S6/S7 semantic disposition
src/app/services/tutorial.service.ts	176	viewedProgress	point graph	return progressAt(this.mechanism.joints, this.mechanism.links, this.viewedStep);	pending S6/S7 semantic disposition
src/app/services/tutorial.service.ts	227	ringJoint	legacy record	ringJoint(): RealJoint | undefined {	pending S6/S7 semantic disposition
src/app/services/tutorial.service.ts	274	start	point graph	this.knownStep = stepOf(this.mechanism.joints, this.mechanism.links);	pending S6/S7 semantic disposition
src/app/services/tutorial.service.ts	294	restartWouldDiscard	point graph	this.mechanism.joints.length > 0 ||	pending S6/S7 semantic disposition
src/app/services/tutorial.service.ts	295	restartWouldDiscard	point graph	this.mechanism.links.length > 0 ||	pending S6/S7 semantic disposition
src/app/services/tutorial.service.ts	346	finishOn	legacy record	private finishOn(joint: RealJoint): void {	pending S6/S7 semantic disposition
src/app/services/tutorial.service.ts	360	readingFor	legacy record	private readingFor(joint: RealJoint): TutorialReading | undefined {	pending S6/S7 semantic disposition
src/app/services/tutorial.service.ts	364	readingFor	point graph	const samples = mechanism.joints.length;	pending S6/S7 semantic disposition
src/app/services/tutorial.service.ts	506	visibleRect	scale boundary	return { x: 0, y: 0, width: 20 * MODEL_SCALE, height: 12 * MODEL_SCALE };	pending S6/S7 semantic disposition
src/app/services/tutorial.service.ts	558	drawFirstBar	point graph	if (this.mechanism.links.length === 0) this.svgGrid.updateObjectScale();	pending S6/S7 semantic disposition
src/app/services/tutorial.service.ts	582	extendChain	point graph	for (let guard = 0; guard < 2 && !linksAreChained(this.mechanism.links); guard++) {	pending S6/S7 semantic disposition
src/app/services/tutorial.service.ts	583	extendChain	point graph	const free = endJoints(this.mechanism.joints);	pending S6/S7 semantic disposition
src/app/services/tutorial.service.ts	586	extendChain	point graph	this.mechanism.addBarFrom(anchor, map(this.mechanism.links.length === 1 ? c : d));	pending S6/S7 semantic disposition
src/app/services/tutorial.service.ts	592	firstBarEnds	point graph	const link = this.mechanism.links[0];	pending S6/S7 semantic disposition
src/app/services/tutorial.service.ts	593	firstBarEnds	point graph	if (!link || link.joints.length < 2) return undefined;	pending S6/S7 semantic disposition
src/app/services/tutorial.service.ts	594	firstBarEnds	point graph	const [from, to] = link.joints;	pending S6/S7 semantic disposition
src/app/services/tutorial.service.ts	628	playAndRead	point graph	const samples = this.mechanism.masterMechanism()?.joints.length ?? 0;	pending S6/S7 semantic disposition
src/app/services/tutorial.service.ts	644	fastestJoint	legacy record	private fastestJoint(): RealJoint | undefined {	pending S6/S7 semantic disposition
src/app/services/tutorial.service.ts	645	fastestJoint	legacy record	let best: RealJoint | undefined;	pending S6/S7 semantic disposition
src/app/services/tutorial.service.ts	647	fastestJoint	point graph	for (const joint of readableJoints(this.mechanism.joints)) {	pending S6/S7 semantic disposition
src/app/services/url-generation.service.ts	2	<module>	legacy authority	import { MechanismService } from './mechanism.service';	pending S6/S7 semantic disposition
src/app/services/url-generation.service.ts	3	<module>	legacy record	import { Link, SliderBlock, RealLink } from '../model/link';	pending S6/S7 semantic disposition
src/app/services/url-generation.service.ts	13	<module>	legacy record	import { Joint, RealJoint, RevJoint, PrisJoint } from '../model/joint';	pending S6/S7 semantic disposition
src/app/services/url-generation.service.ts	24	<module>	scale boundary	import { MODEL_SCALE } from '../model/render-scale';	pending S6/S7 semantic disposition
src/app/services/url-generation.service.ts	33	<module>	scale boundary	* The internal world is MODEL_SCALE times the user's units (render-scale.ts),	pending S6/S7 semantic disposition
src/app/services/url-generation.service.ts	34	<module>	scale boundary	* so every length divides by MODEL_SCALE on its way into the URL. Together	pending S6/S7 semantic disposition
src/app/services/url-generation.service.ts	43	<module>	legacy authority	private mechanism = inject(MechanismService);	pending S6/S7 semantic disposition
src/app/services/url-generation.service.ts	48	_addJointToEncoder	legacy record	if (joint instanceof RevJoint) {	pending S6/S7 semantic disposition
src/app/services/url-generation.service.ts	54	_addJointToEncoder	scale boundary	joint.x / MODEL_SCALE,	pending S6/S7 semantic disposition
src/app/services/url-generation.service.ts	55	_addJointToEncoder	scale boundary	joint.y / MODEL_SCALE,	pending S6/S7 semantic disposition
src/app/services/url-generation.service.ts	68	_addJointToEncoder	legacy record	} else if (joint instanceof PrisJoint) {	pending S6/S7 semantic disposition
src/app/services/url-generation.service.ts	74	_addJointToEncoder	scale boundary	joint.x / MODEL_SCALE,	pending S6/S7 semantic disposition
src/app/services/url-generation.service.ts	75	_addJointToEncoder	scale boundary	joint.y / MODEL_SCALE,	pending S6/S7 semantic disposition
src/app/services/url-generation.service.ts	92	_addLinkToEncoder	legacy record	if (link instanceof RealLink) {	pending S6/S7 semantic disposition
src/app/services/url-generation.service.ts	101	_addLinkToEncoder	scale boundary	link.CoM.x / MODEL_SCALE,	pending S6/S7 semantic disposition
src/app/services/url-generation.service.ts	102	_addLinkToEncoder	scale boundary	link.CoM.y / MODEL_SCALE,	pending S6/S7 semantic disposition
src/app/services/url-generation.service.ts	104	_addLinkToEncoder	point graph	link.joints.map((joint) => joint.id),	pending S6/S7 semantic disposition
src/app/services/url-generation.service.ts	105	_addLinkToEncoder	point graph	link.subset.map((subset) => subset.id),	pending S6/S7 semantic disposition
src/app/services/url-generation.service.ts	111	_addLinkToEncoder	legacy record	} else if (link instanceof SliderBlock) {	pending S6/S7 semantic disposition
src/app/services/url-generation.service.ts	123	_addLinkToEncoder	point graph	link.joints.map((joint) => joint.id),	pending S6/S7 semantic disposition
src/app/services/url-generation.service.ts	136	_addForceToEncoder	scale boundary	force.startCoord.x / MODEL_SCALE,	pending S6/S7 semantic disposition
src/app/services/url-generation.service.ts	137	_addForceToEncoder	scale boundary	force.startCoord.y / MODEL_SCALE,	pending S6/S7 semantic disposition
src/app/services/url-generation.service.ts	138	_addForceToEncoder	scale boundary	force.endCoord.x / MODEL_SCALE,	pending S6/S7 semantic disposition
src/app/services/url-generation.service.ts	139	_addForceToEncoder	scale boundary	force.endCoord.y / MODEL_SCALE,	pending S6/S7 semantic disposition
src/app/services/url-generation.service.ts	160	generateUrlQuery	point graph	this.mechanism.joints.forEach((joint) => {	pending S6/S7 semantic disposition
src/app/services/url-generation.service.ts	165	generateUrlQuery	point graph	this.mechanism.links.forEach((link) => {	pending S6/S7 semantic disposition
src/app/services/url-generation.service.ts	170	generateUrlQuery	point graph	this.mechanism.links.forEach((link) => {	pending S6/S7 semantic disposition
src/app/services/url-generation.service.ts	171	generateUrlQuery	legacy record	if (link instanceof RealLink) {	pending S6/S7 semantic disposition
src/app/services/url-generation.service.ts	172	generateUrlQuery	point graph	link.subset.forEach((subsetLink) => {	pending S6/S7 semantic disposition
src/app/services/url-generation.service.ts	186	generateUrlQuery	point graph	...this.mechanism.joints	pending S6/S7 semantic disposition
src/app/services/url-generation.service.ts	187	generateUrlQuery	legacy record	.filter((joint): joint is RealJoint => joint instanceof RealJoint && joint.locked)	pending S6/S7 semantic disposition
src/app/services/url-generation.service.ts	200	generateUrlQuery	point graph	...this.mechanism.links,	pending S6/S7 semantic disposition
src/app/services/url-generation.service.ts	201	generateUrlQuery	point graph; legacy record	...this.mechanism.links.flatMap((link) => (link instanceof RealLink ? link.subset : [])),	pending S6/S7 semantic disposition
src/app/services/url-generation.service.ts	204	generateUrlQuery	legacy record	(link): link is RealLink =>	pending S6/S7 semantic disposition
src/app/services/url-generation.service.ts	205	generateUrlQuery	point graph; legacy record	link instanceof RealLink && link.hold !== undefined && link.joints.length === 2	pending S6/S7 semantic disposition
src/app/services/url-generation.service.ts	214	generateUrlQuery	point graph	this.mechanism.links	pending S6/S7 semantic disposition
src/app/services/url-generation.service.ts	216	generateUrlQuery	legacy record	(link): link is RealLink =>	pending S6/S7 semantic disposition
src/app/services/url-generation.service.ts	217	generateUrlQuery	legacy record	link instanceof RealLink && link.comIsCustom && link.comAnchor !== 'centroid'	pending S6/S7 semantic disposition
src/app/services/url-generation.service.ts	230	generateUrlQuery	point graph	...this.mechanism.joints	pending S6/S7 semantic disposition
src/app/services/url-generation.service.ts	290	generateUrlQuery	scale boundary	encoder.addDecimalSetting(DecimalSetting.SCALE, this.settings.objectScale / MODEL_SCALE);	pending S6/S7 semantic disposition
src/app/services/url-processor.service.ts	2	<module>	legacy authority	import { MechanismService } from './mechanism.service';	pending S6/S7 semantic disposition
src/app/services/url-processor.service.ts	7	<module>	legacy authority	import { SvgGridService } from './svg-grid.service';	pending S6/S7 semantic disposition
src/app/services/url-processor.service.ts	8	<module>	legacy authority	import { ActiveObjService } from './active-obj.service';	pending S6/S7 semantic disposition
src/app/services/url-processor.service.ts	58	<module>	legacy authority	private svgGrid = inject(SvgGridService);	pending S6/S7 semantic disposition
src/app/services/url-processor.service.ts	59	<module>	legacy authority	private activeObj = inject(ActiveObjService);	pending S6/S7 semantic disposition
src/app/services/url-processor.service.ts	197	updateFromURL	legacy authority	const mechanismSrv = this.injector.get(MechanismService);	pending S6/S7 semantic disposition
src/app/services/url-processor.service.ts	281	updateFromURL	point graph	const present = new Set(mechanismSrv.joints.map((joint) => joint.id));	pending S6/S7 semantic disposition
src/app/services/url-processor.service.ts	309	updateFromURL	legacy authority	// MechanismService before this service is finished being built.	pending S6/S7 semantic disposition
src/app/services/url-processor.service.ts	351	updateFromURL	point graph	mechanismSrv.joints,	pending S6/S7 semantic disposition
src/app/services/url-processor.service.ts	352	updateFromURL	point graph	mechanismSrv.links,	pending S6/S7 semantic disposition
