file	line	operation	concern	signals	source	native-owner	semantic-review
src/app/component/BLOCKS/editable-title/editable-title.component.ts	110	validateNewID	selection	point-topology	...this.mechanismService.joints,	typed stable selection references and native labels	classified at operation boundary; conversion pending
src/app/component/BLOCKS/editable-title/editable-title.component.ts	158	lockTarget	selection	point-topology	if (obj instanceof RealJoint || obj instanceof Link || obj instanceof Force) return obj;	typed stable selection references and native labels	classified at operation boundary; conversion pending
src/app/component/BLOCKS/hold-field/hold-field.component.ts	124	pinned	attachment; material geometry; topology	point-topology	return sealed ? [sealed.barrelFar, sealed.rodFar] : this.link().joints;	native hold/lock planner and attachment ownership	classified at operation boundary; conversion pending
src/app/component/MODALS/templates/templates.component.ts	247	gridIsEmpty	topology	point-topology	this.mechanismSrv.joints.length === 0 &&	native document presence/readiness; retain shell/layout/permission model	classified at operation boundary; conversion pending
src/app/component/analysis-graph-section/analysis-graph-section.component.ts	122	preview	analysis result	point-topology	mechanism.joints.length - 1	immutable native sample arrays and availability, not editable joint arrays	classified at operation boundary; conversion pending
src/app/component/analysis-graph/analysis-graph.component.ts	1092	ownSample	analysis result	point-topology	return Math.max(Math.min(step, mechanism.joints.length - 1), 0);	immutable native sample arrays and availability, not editable joint arrays	classified at operation boundary; conversion pending
src/app/component/analysis-graph/analysis-graph.component.ts	1477	determineAnalysis	analysis result	point-topology	mechanism.joints.forEach((_, index) => {	immutable native sample arrays and availability, not editable joint arrays	classified at operation boundary; conversion pending
src/app/component/analysis-panel/analysis-panel.component.ts	407	drawingSwitches	selection; analysis result; render mark	point-topology	const traced = part instanceof RealJoint ? part.showCurve : false;	native subject/coordinate selection and drawing switches	classified at operation boundary; conversion pending
src/app/component/analysis-panel/analysis-panel.component.ts	410	drawingSwitches	selection; analysis result; render mark	point-topology	part instanceof RealJoint ? 'joint' : 'link',	native subject/coordinate selection and drawing switches	classified at operation boundary; conversion pending
src/app/component/analysis-panel/analysis-panel.component.ts	450	drawingSwitchIsOn	selection; analysis result; render mark	point-topology	if (one.key === 'traces') return part instanceof RealJoint && part.showCurve === true;	native subject/coordinate selection and drawing switches	classified at operation boundary; conversion pending
src/app/component/analysis-panel/analysis-panel.component.ts	515	jointName	selection; analysis result; render mark	point-topology	return this.mechanismService.joints.find((joint) => joint.id === jointId)?.name ?? jointId;	native subject/coordinate selection and drawing switches	classified at operation boundary; conversion pending
src/app/component/analysis-panel/analysis-panel.component.ts	611	jointById	selection; analysis result; render mark	point-topology	return this.mechanismService.joints.find((joint) => joint.id === id);	native subject/coordinate selection and drawing switches	classified at operation boundary; conversion pending
src/app/component/analysis-panel/analysis-panel.component.ts	655	inputEffortLabel	selection; analysis result; render mark	point-topology	return joint instanceof PrisJoint ||	native subject/coordinate selection and drawing switches	classified at operation boundary; conversion pending
src/app/component/analysis-panel/analysis-panel.component.ts	656	inputEffortLabel	selection; analysis result; render mark	point-topology	joint?.connectedJoints.some((candidate) => candidate instanceof PrisJoint && candidate.input)	native subject/coordinate selection and drawing switches	classified at operation boundary; conversion pending
src/app/component/analysis-panel/analysis-panel.component.ts	676	inputEffortJoint	selection; analysis result; render mark	point-topology	(joint): joint is RealJoint => joint instanceof RealJoint && joint.input	native subject/coordinate selection and drawing switches	classified at operation boundary; conversion pending
src/app/component/analysis-setup/analysis-setup.component.ts	352	buildRows	material geometry; selection	compound-material	.filter((link) => link instanceof RealLink || link instanceof SliderBlock)	material/group properties and native selected subject	classified at operation boundary; conversion pending
src/app/component/analysis-setup/analysis-setup.component.ts	356	buildRows	material geometry; selection	compound-material	isBlock: body instanceof SliderBlock,	material/group properties and native selected subject	classified at operation boundary; conversion pending
src/app/component/analysis-setup/analysis-setup.component.ts	372	moiText	material geometry; selection	compound-material	if (row.isBlock || !(row.body instanceof RealLink)) {	material/group properties and native selected subject	classified at operation boundary; conversion pending
src/app/component/analysis-setup/analysis-setup.component.ts	378	moiText	material geometry; selection	shape-frame	this.nup.convertInertia(row.body.massMoI, this.nup.storedInertiaUnit(length), display),	material/group properties and native selected subject	classified at operation boundary; conversion pending
src/app/component/analysis-setup/analysis-setup.component.ts	384	moiIsAuto	material geometry; selection	compound-material	return row.body instanceof RealLink && !row.body.moiIsCustom;	material/group properties and native selected subject	classified at operation boundary; conversion pending
src/app/component/analysis-setup/analysis-setup.component.ts	409	moiEditable	material geometry; selection	compound-material	if (row.isBlock || !(row.body instanceof RealLink)) return false;	material/group properties and native selected subject	classified at operation boundary; conversion pending
src/app/component/analysis-setup/analysis-setup.component.ts	423	anyInertiaIsCustom	material geometry; selection	compound-material	return this.mechanism.links.some((link) => link instanceof RealLink && link.moiIsCustom);	material/group properties and native selected subject	classified at operation boundary; conversion pending
src/app/component/analysis-setup/analysis-setup.component.ts	440	resetAllInertia	material geometry; selection	compound-material	if (link instanceof RealLink) {	material/group properties and native selected subject	classified at operation boundary; conversion pending
src/app/component/analysis-setup/analysis-setup.component.ts	478	applyInertia	material geometry; selection	compound-material	if (!this.massEditable() || !this.moiEditable(row) || !(row.body instanceof RealLink)) return;	material/group properties and native selected subject	classified at operation boundary; conversion pending
src/app/component/analysis-setup/analysis-setup.component.ts	486	applyInertia	material geometry; selection	shape-frame	row.body.massMoI = this.nup.convertInertia(value, display, this.nup.storedInertiaUnit(length));	material/group properties and native selected subject	classified at operation boundary; conversion pending
src/app/component/analysis-setup/analysis-setup.component.ts	503	goTo	material geometry; selection	point-topology,compound-material	if (part instanceof RealJoint || part instanceof RealLink) {	material/group properties and native selected subject	classified at operation boundary; conversion pending
src/app/component/analysis-setup/analysis-setup.component.ts	508	goTo	material geometry; selection	compound-material	if (part instanceof RealLink && EditPanelComponent.instance) {	material/group properties and native selected subject	classified at operation boundary; conversion pending
src/app/component/edit-panel/edit-panel.component.html	530	<record/template>	selection; topology; material geometry; attachment	point-topology	"[disabled]=""activeSrv.selectedLink.joints.length > 2"""	native selected record/command; fields use authored dimensions and shared refusal	classified at operation boundary; conversion pending
src/app/component/edit-panel/edit-panel.component.html	650	<record/template>	selection; topology; material geometry; attachment	point-topology	@for (joint of activeSrv.selectedLink.joints; track joint.id) {	native selected record/command; fields use authored dimensions and shared refusal	classified at operation boundary; conversion pending
src/app/component/edit-panel/edit-panel.component.html	683	<record/template>	selection; topology; material geometry; attachment	shape-frame	"_formControl=""massMoI"""	native selected record/command; fields use authored dimensions and shared refusal	classified at operation boundary; conversion pending
src/app/component/edit-panel/edit-panel.component.ts	175	syncMassDependents	selection; topology; material geometry; attachment	shape-frame	this.linkForm.controls.massMoI,	native selected record/command; fields use authored dimensions and shared refusal	classified at operation boundary; conversion pending
src/app/component/edit-panel/edit-panel.component.ts	188	gridIsEmpty	selection; topology; material geometry; attachment	point-topology	return this.mechanismService.joints.length === 0 && this.mechanismService.links.length === 0;	native selected record/command; fields use authored dimensions and shared refusal	classified at operation boundary; conversion pending
src/app/component/edit-panel/edit-panel.component.ts	321	freezeMassesWhilePlaying	selection; topology; material geometry; attachment	shape-frame	freeze(this.linkForm, ['mass', 'massMoI']);	native selected record/command; fields use authored dimensions and shared refusal	classified at operation boundary; conversion pending
src/app/component/edit-panel/edit-panel.component.ts	527	<record/template>	selection; topology; material geometry; attachment	shape-frame	massMoI: [''],	native selected record/command; fields use authored dimensions and shared refusal	classified at operation boundary; conversion pending
src/app/component/edit-panel/edit-panel.component.ts	738	syncLockDisabledFields	selection; topology; material geometry; attachment	point-topology	const held = this.activeSrv.selectedLink.joints.filter((joint) => frozenIds.has(joint.id));	native selected record/command; fields use authored dimensions and shared refusal	classified at operation boundary; conversion pending
src/app/component/edit-panel/edit-panel.component.ts	739	syncLockDisabledFields	selection; topology; material geometry; attachment	point-topology	if (held.length >= this.activeSrv.selectedLink.joints.length) {	native selected record/command; fields use authored dimensions and shared refusal	classified at operation boundary; conversion pending
src/app/component/edit-panel/edit-panel.component.ts	890	reposeCylinder	selection; topology; material geometry; attachment	shape-frame	private reposeCylinder(span?: number, angleRad?: number): void {	native selected record/command; fields use authored dimensions and shared refusal	classified at operation boundary; conversion pending
src/app/component/edit-panel/edit-panel.component.ts	897	reposeCylinder	selection; topology; material geometry; attachment	shape-frame	const ang = angleRad ?? current;	native selected record/command; fields use authored dimensions and shared refusal	classified at operation boundary; conversion pending
src/app/component/edit-panel/edit-panel.component.ts	1000	cylinderHasCustomInertia	selection; topology; material geometry; attachment	compound-material	(part) => part instanceof RealLink && (part.moiIsCustom || part.comIsCustom)	native selected record/command; fields use authored dimensions and shared refusal	classified at operation boundary; conversion pending
src/app/component/edit-panel/edit-panel.component.ts	1015	deriveCylinderInertiaFromShape	selection; topology; material geometry; attachment	compound-material	if (part instanceof RealLink) {	native selected record/command; fields use authored dimensions and shared refusal	classified at operation boundary; conversion pending
src/app/component/edit-panel/edit-panel.component.ts	1036	selectedSlider	selection; topology; material geometry; attachment	point-topology	if (joint instanceof PrisJoint) return joint;	native selected record/command; fields use authored dimensions and shared refusal	classified at operation boundary; conversion pending
src/app/component/edit-panel/edit-panel.component.ts	1038	selectedSlider	selection; topology; material geometry; attachment	point-topology	return slider instanceof PrisJoint ? slider : undefined;	native selected record/command; fields use authored dimensions and shared refusal	classified at operation boundary; conversion pending
src/app/component/edit-panel/edit-panel.component.ts	1196	disableAndEnableLinkFields	selection; topology; material geometry; attachment	point-topology	if (this.activeSrv.selectedLink.joints.length > 2) {	native selected record/command; fields use authored dimensions and shared refusal	classified at operation boundary; conversion pending
src/app/component/edit-panel/edit-panel.component.ts	1405	onChanges	selection; topology; material geometry; attachment	point-topology	this.activeSrv.selectedJoint.connectedJoints.forEach((j) => {	native selected record/command; fields use authored dimensions and shared refusal	classified at operation boundary; conversion pending
src/app/component/edit-panel/edit-panel.component.ts	1406	onChanges	selection; topology; material geometry; attachment	point-topology	if (j instanceof PrisJoint) {	native selected record/command; fields use authored dimensions and shared refusal	classified at operation boundary; conversion pending
src/app/component/edit-panel/edit-panel.component.ts	1685	onChanges	selection; topology; material geometry; attachment	shape-frame	this.activeSrv.selectedLink.angleRad,	native selected record/command; fields use authored dimensions and shared refusal	classified at operation boundary; conversion pending
src/app/component/edit-panel/edit-panel.component.ts	1705	onChanges	selection; topology; material geometry; attachment	shape-frame	this.activeSrv.selectedLink.angleRad = radians;	native selected record/command; fields use authored dimensions and shared refusal	classified at operation boundary; conversion pending
src/app/component/edit-panel/edit-panel.component.ts	1753	onChanges	selection; topology; material geometry; attachment	shape-frame	this.linkForm.controls['massMoI'].valueChanges.subscribe((val) => {	native selected record/command; fields use authored dimensions and shared refusal	classified at operation boundary; conversion pending
src/app/component/edit-panel/edit-panel.component.ts	1764	onChanges	selection; topology; material geometry; attachment	shape-frame	this.activeSrv.selectedLink.massMoI = this.nup.convertInertia(	native selected record/command; fields use authored dimensions and shared refusal	classified at operation boundary; conversion pending
src/app/component/edit-panel/edit-panel.component.ts	1852	onChanges	selection; topology; material geometry; attachment	shape-frame	this.activeSrv.selectedForce.angleRad,	native selected record/command; fields use authored dimensions and shared refusal	classified at operation boundary; conversion pending
src/app/component/edit-panel/edit-panel.component.ts	2064	onChanges	selection; topology; material geometry; attachment	shape-frame	this.activeSrv.selectedLink.angleRad,	native selected record/command; fields use authored dimensions and shared refusal	classified at operation boundary; conversion pending
src/app/component/edit-panel/edit-panel.component.ts	2087	onChanges	selection; topology; material geometry; attachment	shape-frame	this.activeSrv.selectedForce.angleRad,	native selected record/command; fields use authored dimensions and shared refusal	classified at operation boundary; conversion pending
src/app/component/edit-panel/edit-panel.component.ts	2125	whyNotCircular	selection; topology; material geometry; attachment	point-topology	const grounded = link.joints.filter(	native selected record/command; fields use authored dimensions and shared refusal	classified at operation boundary; conversion pending
src/app/component/edit-panel/edit-panel.component.ts	2126	whyNotCircular	selection; topology; material geometry; attachment	point-topology	(joint) => joint instanceof RealJoint && joint.ground && !(joint instanceof PrisJoint)	native selected record/command; fields use authored dimensions and shared refusal	classified at operation boundary; conversion pending
src/app/component/edit-panel/edit-panel.component.ts	2129	whyNotCircular	selection; topology; material geometry; attachment	compound-material	if (link.subset.length > 0) {	native selected record/command; fields use authored dimensions and shared refusal	classified at operation boundary; conversion pending
src/app/component/edit-panel/edit-panel.component.ts	2179	comFrameOrigin	selection; topology; material geometry; attachment	point-topology	const joint = link.joints.find((candidate) => candidate.id === id);	native selected record/command; fields use authored dimensions and shared refusal	classified at operation boundary; conversion pending
src/app/component/edit-panel/edit-panel.component.ts	2182	comFrameOrigin	selection; topology; material geometry; attachment	point-topology	return uniformBodyOf(link.joints).centroid;	native selected record/command; fields use authored dimensions and shared refusal	classified at operation boundary; conversion pending
src/app/component/edit-panel/edit-panel.component.ts	2323	refreshDerivedMassFields	selection; topology; material geometry; attachment	shape-frame	link.massMoI,	native selected record/command; fields use authored dimensions and shared refusal	classified at operation boundary; conversion pending
src/app/component/edit-panel/edit-panel.component.ts	2331	refreshDerivedMassFields	selection; topology; material geometry; attachment	shape-frame	massMoI: this.nup.formatValueAndUnit(inertia, display),	native selected record/command; fields use authored dimensions and shared refusal	classified at operation boundary; conversion pending
src/app/component/edit-panel/edit-panel.component.ts	2427	patchLinkAngle	selection; topology; material geometry; attachment	shape-frame	this.activeSrv.selectedLink.angleRad,	native selected record/command; fields use authored dimensions and shared refusal	classified at operation boundary; conversion pending
src/app/component/edit-panel/edit-panel.component.ts	2440	resolveNewLink	selection; topology; material geometry; attachment	point-topology	const joints = this.activeSrv.selectedLink.joints;	native selected record/command; fields use authored dimensions and shared refusal	classified at operation boundary; conversion pending
src/app/component/edit-panel/edit-panel.component.ts	2453	resolveNewLink	selection; topology; material geometry; attachment	shape-frame	? this.activeSrv.selectedLink.angleRad	native selected record/command; fields use authored dimensions and shared refusal	classified at operation boundary; conversion pending
src/app/component/edit-panel/edit-panel.component.ts	2454	resolveNewLink	selection; topology; material geometry; attachment	shape-frame	: this.activeSrv.selectedLink.angleRad + Math.PI;	native selected record/command; fields use authored dimensions and shared refusal	classified at operation boundary; conversion pending
src/app/component/edit-panel/edit-panel.component.ts	2469	resolveNewForceAngle	selection; topology; material geometry; attachment	shape-frame	this.activeSrv.selectedForce.angleRad,	native selected record/command; fields use authored dimensions and shared refusal	classified at operation boundary; conversion pending
src/app/component/edit-panel/edit-panel.component.ts	2571	getOtherJointsInLink	selection; topology; material geometry; attachment	point-topology	return link.joints.includes(selectedJoint);	native selected record/command; fields use authored dimensions and shared refusal	classified at operation boundary; conversion pending
src/app/component/edit-panel/edit-panel.component.ts	2576	getOtherJointsInLink	selection; topology; material geometry; attachment	point-topology	return (link.joints as RealJoint[]).filter((joint) => {	native selected record/command; fields use authored dimensions and shared refusal	classified at operation boundary; conversion pending
src/app/component/edit-panel/edit-panel.component.ts	2584	getOtherJointsInLink	selection; topology; material geometry; attachment	point-topology	return !(joint instanceof PrisJoint);	native selected record/command; fields use authored dimensions and shared refusal	classified at operation boundary; conversion pending
src/app/component/edit-panel/edit-panel.component.ts	2604	getOtherJointsInLink	selection; topology; material geometry; attachment	point-topology	if (far instanceof RealJoint && !otherJoints.some((joint) => joint.id === far.id)) {	native selected record/command; fields use authored dimensions and shared refusal	classified at operation boundary; conversion pending
src/app/component/edit-panel/edit-panel.component.ts	2662	reloadOtherJointForm	selection; topology; material geometry; attachment	shape-frame	// is about. It used to reach for `selectedLink.angleRad` while a	native selected record/command; fields use authored dimensions and shared refusal	classified at operation boundary; conversion pending
src/app/component/edit-panel/lock-banner.component.ts	48	lockedInPlace	attachment; material geometry; topology	point-topology	const joints = this.active.selectedLink.joints;	native hold/lock planner and attachment ownership	classified at operation boundary; conversion pending
src/app/component/linkage-table/linkage-table.component.html	51	<record/template>	topology; material geometry; attachment	point-topology	@for (conJoints of connectedJoints(joint); track conJoints) {	native document fields and transaction edits; audit reachability at cutover	classified at operation boundary; conversion pending
src/app/component/linkage-table/linkage-table.component.html	60	<record/template>	topology; material geometry; attachment	point-topology	@for (conJoint of connectedJoints(joint); track conJoint) {	native document fields and transaction edits; audit reachability at cutover	classified at operation boundary; conversion pending
src/app/component/linkage-table/linkage-table.component.html	153	<record/template>	topology; material geometry; attachment	shape-frame	<!-- massMoI -->	native document fields and transaction edits; audit reachability at cutover	classified at operation boundary; conversion pending
src/app/component/linkage-table/linkage-table.component.html	158	<record/template>	topology; material geometry; attachment	shape-frame	"value=""{{ getLinkProp(link, 'massMoI') }}"""	native document fields and transaction edits; audit reachability at cutover	classified at operation boundary; conversion pending
src/app/component/linkage-table/linkage-table.component.html	159	<record/template>	topology; material geometry; attachment	shape-frame	"(change)=""changeLinkProp($event, link, 'massMoI')"""	native document fields and transaction edits; audit reachability at cutover	classified at operation boundary; conversion pending
src/app/component/linkage-table/linkage-table.component.ts	50	changeJointProp	topology; material geometry; attachment	point-topology	if (!(joint instanceof RealJoint)) {	native document fields and transaction edits; audit reachability at cutover	classified at operation boundary; conversion pending
src/app/component/linkage-table/linkage-table.component.ts	79	changeJointProp	topology; material geometry; attachment	compound-material	if (!(l instanceof RealLink)) {	native document fields and transaction edits; audit reachability at cutover	classified at operation boundary; conversion pending
src/app/component/linkage-table/linkage-table.component.ts	83	changeJointProp	topology; material geometry; attachment	point-topology	const jointIndex = l.joints.findIndex((jt) => jt.id === joint.id);	native document fields and transaction edits; audit reachability at cutover	classified at operation boundary; conversion pending
src/app/component/linkage-table/linkage-table.component.ts	84	changeJointProp	topology; material geometry; attachment	point-topology	l.joints[jointIndex].x = roundNumber(joint.x, 3);	native document fields and transaction edits; audit reachability at cutover	classified at operation boundary; conversion pending
src/app/component/linkage-table/linkage-table.component.ts	85	changeJointProp	topology; material geometry; attachment	point-topology	l.joints[jointIndex].y = roundNumber(joint.y, 3);	native document fields and transaction edits; audit reachability at cutover	classified at operation boundary; conversion pending
src/app/component/linkage-table/linkage-table.component.ts	87	changeJointProp	topology; material geometry; attachment	point-topology	l.CoM = RealLink.determineCenterOfMass(l.joints);	native document fields and transaction edits; audit reachability at cutover	classified at operation boundary; conversion pending
src/app/component/linkage-table/linkage-table.component.ts	89	changeJointProp	topology; material geometry; attachment	point-topology	// l.bound = RealLink.getBounds(new Coord(l.joints[0].x, l.joints[0].y), new Coord(l.joints[1].x, l.joints[1].y), Shape.line);	native document fields and transaction edits; audit reachability at cutover	classified at operation boundary; conversion pending
src/app/component/linkage-table/linkage-table.component.ts	91	changeJointProp	topology; material geometry; attachment	shape-frame	l.d = l.getPathString();	native document fields and transaction edits; audit reachability at cutover	classified at operation boundary; conversion pending
src/app/component/linkage-table/linkage-table.component.ts	103	changeJointProp	topology; material geometry; attachment	compound-material	if (!(l instanceof RealLink)) {	native document fields and transaction edits; audit reachability at cutover	classified at operation boundary; conversion pending
src/app/component/linkage-table/linkage-table.component.ts	107	changeJointProp	topology; material geometry; attachment	point-topology	const jointIndex = l.joints.findIndex((jt) => jt.id === joint.id);	native document fields and transaction edits; audit reachability at cutover	classified at operation boundary; conversion pending
src/app/component/linkage-table/linkage-table.component.ts	108	changeJointProp	topology; material geometry; attachment	point-topology	l.joints[jointIndex].x = roundNumber(joint.x, 3);	native document fields and transaction edits; audit reachability at cutover	classified at operation boundary; conversion pending
src/app/component/linkage-table/linkage-table.component.ts	109	changeJointProp	topology; material geometry; attachment	point-topology	l.joints[jointIndex].y = roundNumber(joint.y, 3);	native document fields and transaction edits; audit reachability at cutover	classified at operation boundary; conversion pending
src/app/component/linkage-table/linkage-table.component.ts	110	changeJointProp	topology; material geometry; attachment	point-topology	l.CoM = RealLink.determineCenterOfMass(l.joints);	native document fields and transaction edits; audit reachability at cutover	classified at operation boundary; conversion pending
src/app/component/linkage-table/linkage-table.component.ts	111	changeJointProp	topology; material geometry; attachment	shape-frame	l.d = l.getPathString();	native document fields and transaction edits; audit reachability at cutover	classified at operation boundary; conversion pending
src/app/component/linkage-table/linkage-table.component.ts	130	changeJointProp	topology; material geometry; attachment	point-topology	if (!(joint instanceof PrisJoint)) {	native document fields and transaction edits; audit reachability at cutover	classified at operation boundary; conversion pending
src/app/component/linkage-table/linkage-table.component.ts	142	changeLinkProp	topology; material geometry; attachment	compound-material	if (!(link instanceof RealLink)) {	native document fields and transaction edits; audit reachability at cutover	classified at operation boundary; conversion pending
src/app/component/linkage-table/linkage-table.component.ts	159	changeLinkProp	topology; material geometry; attachment	shape-frame	case 'massMoI':	native document fields and transaction edits; audit reachability at cutover	classified at operation boundary; conversion pending
src/app/component/linkage-table/linkage-table.component.ts	166	changeLinkProp	topology; material geometry; attachment	shape-frame	link.massMoI = Number(($event.target as HTMLInputElement).value);	native document fields and transaction edits; audit reachability at cutover	classified at operation boundary; conversion pending
src/app/component/linkage-table/linkage-table.component.ts	192	showForceAngle	topology; material geometry; attachment	shape-frame	return force.angleRad * (180 / Math.PI);	native document fields and transaction edits; audit reachability at cutover	classified at operation boundary; conversion pending
src/app/component/linkage-table/linkage-table.component.ts	282	getJointAngle	topology; material geometry; attachment	point-topology	if (!(joint instanceof PrisJoint)) {	native document fields and transaction edits; audit reachability at cutover	classified at operation boundary; conversion pending
src/app/component/linkage-table/linkage-table.component.ts	289	getLinkProp	topology; material geometry; attachment	compound-material	if (!(link instanceof RealLink)) {	native document fields and transaction edits; audit reachability at cutover	classified at operation boundary; conversion pending
src/app/component/linkage-table/linkage-table.component.ts	295	getLinkProp	topology; material geometry; attachment	shape-frame	case 'massMoI':	native document fields and transaction edits; audit reachability at cutover	classified at operation boundary; conversion pending
src/app/component/linkage-table/linkage-table.component.ts	296	getLinkProp	topology; material geometry; attachment	shape-frame	return link.massMoI;	native document fields and transaction edits; audit reachability at cutover	classified at operation boundary; conversion pending
src/app/component/linkage-table/linkage-table.component.ts	306	connectedJoints	topology; material geometry; attachment	point-topology	connectedJoints(joint: Joint) {	native document fields and transaction edits; audit reachability at cutover	classified at operation boundary; conversion pending
src/app/component/linkage-table/linkage-table.component.ts	307	connectedJoints	topology; material geometry; attachment	point-topology	if (!(joint instanceof PrisJoint || joint instanceof RevJoint)) {	native document fields and transaction edits; audit reachability at cutover	classified at operation boundary; conversion pending
src/app/component/linkage-table/linkage-table.component.ts	310	connectedJoints	topology; material geometry; attachment	point-topology	return joint.connectedJoints;	native document fields and transaction edits; audit reachability at cutover	classified at operation boundary; conversion pending
src/app/component/linkage-table/linkage-table.component.ts	317	getJoints	topology; material geometry; attachment	point-topology	return this.mechanismService.joints.filter((joint) => {	native document fields and transaction edits; audit reachability at cutover	classified at operation boundary; conversion pending
src/app/component/mechanism-panel/mechanism-panel.component.ts	32	sweepOf	topology; analysis result; material geometry	point-topology	const frames = solved.joints;	compiled ownership/roles, authored dimensions and sample sweeps	classified at operation boundary; conversion pending
src/app/component/mechanism-panel/mechanism-panel.component.ts	34	sweepOf	topology; analysis result; material geometry	point-topology	const pivot = link.joints.find((joint) => (joint as RealJoint).ground);	compiled ownership/roles, authored dimensions and sample sweeps	classified at operation boundary; conversion pending
src/app/component/mechanism-panel/mechanism-panel.component.ts	35	sweepOf	topology; analysis result; material geometry	point-topology	const arm = link.joints.find((joint) => joint !== pivot);	compiled ownership/roles, authored dimensions and sample sweeps	classified at operation boundary; conversion pending
src/app/component/mechanism-panel/mechanism-panel.component.ts	146	links	topology; analysis result; material geometry	compound-material	.filter((link): link is RealLink => link instanceof RealLink)	compiled ownership/roles, authored dimensions and sample sweeps	classified at operation boundary; conversion pending
src/app/component/mechanism-panel/mechanism-panel.component.ts	163	roleOf	topology; analysis result; material geometry	point-topology	if (link.joints.some((joint) => (joint as RealJoint).input)) {	compiled ownership/roles, authored dimensions and sample sweeps	classified at operation boundary; conversion pending
src/app/component/mechanism-panel/mechanism-panel.component.ts	166	roleOf	topology; analysis result; material geometry	point-topology	const grounded = link.joints.filter((joint) => (joint as RealJoint).ground).length;	compiled ownership/roles, authored dimensions and sample sweeps	classified at operation boundary; conversion pending
src/app/component/mechanism-panel/mechanism-panel.component.ts	170	roleOf	topology; analysis result; material geometry	point-topology	if (grounded > 1 || link.joints.length < 2) {	compiled ownership/roles, authored dimensions and sample sweeps	classified at operation boundary; conversion pending
src/app/component/mechanism-panel/mechanism-panel.component.ts	206	lengthOf	topology; analysis result; material geometry	point-topology	const ends = link.joints;	compiled ownership/roles, authored dimensions and sample sweeps	classified at operation boundary; conversion pending
src/app/component/multi-edit-panel/multi-edit-panel.component.ts	196	joints	selection; topology; material geometry; attachment	point-topology	return this.active.selectedParts.filter((part): part is RealJoint => part instanceof RealJoint);	native bulk command preflight and material/attachment fields	classified at operation boundary; conversion pending
src/app/component/multi-edit-panel/multi-edit-panel.component.ts	200	links	selection; topology; material geometry; attachment	compound-material	return this.active.selectedParts.filter((part): part is RealLink => part instanceof RealLink);	native bulk command preflight and material/attachment fields	classified at operation boundary; conversion pending
src/app/component/multi-edit-panel/multi-edit-panel.component.ts	204	homogeneousJoints	selection; topology; material geometry; attachment	point-topology	return this.joints.length > 0 && this.joints.length === this.active.selectedParts.length;	native bulk command preflight and material/attachment fields	classified at operation boundary; conversion pending
src/app/component/multi-edit-panel/multi-edit-panel.component.ts	241	forceValue	selection; topology; material geometry; attachment	shape-frame	this.forces.map((force) => (field === 'angle' ? force.angleRad : force.mag)),	native bulk command preflight and material/attachment fields	classified at operation boundary; conversion pending
src/app/component/multi-edit-panel/multi-edit-panel.component.ts	289	ordinaryBinaryLinks	selection; topology; material geometry; attachment	point-topology	link.joints.length === 2 &&	native bulk command preflight and material/attachment fields	classified at operation boundary; conversion pending
src/app/component/multi-edit-panel/multi-edit-panel.component.ts	290	ordinaryBinaryLinks	selection; topology; material geometry; attachment	compound-material	link.subset.length === 0 &&	native bulk command preflight and material/attachment fields	classified at operation boundary; conversion pending
src/app/component/multi-edit-panel/multi-edit-panel.component.ts	298	selectionLabel	selection; topology; material geometry; attachment	point-topology	[this.joints.length, 'joint', 'joints'],	native bulk command preflight and material/attachment fields	classified at operation boundary; conversion pending
src/app/component/multi-edit-panel/multi-edit-panel.component.ts	314	jointValue	selection; topology; material geometry; attachment	point-topology	this.joints.map((joint) => joint[axis]),	native bulk command preflight and material/attachment fields	classified at operation boundary; conversion pending
src/app/component/multi-edit-panel/multi-edit-panel.component.ts	321	linkValue	selection; topology; material geometry; attachment	shape-frame	this.links.map((link) => (field === 'angle' ? link.angleRad : link[field])),	native bulk command preflight and material/attachment fields	classified at operation boundary; conversion pending
src/app/component/multi-edit-panel/multi-edit-panel.component.ts	360	groundState	selection; topology; material geometry; attachment	point-topology	this.joints.map((joint) => this.mechanism.sliderFor(joint)?.ground ?? joint.ground === true)	native bulk command preflight and material/attachment fields	classified at operation boundary; conversion pending
src/app/component/multi-edit-panel/multi-edit-panel.component.ts	365	weldState	selection; topology; material geometry; attachment	point-topology	return this.common(this.joints.map((joint) => joint.isWelded === true));	native bulk command preflight and material/attachment fields	classified at operation boundary; conversion pending
src/app/component/multi-edit-panel/multi-edit-panel.component.ts	369	sliderState	selection; topology; material geometry; attachment	point-topology	return this.common(this.joints.map((joint) => this.grid.isAttachedToSlider(joint)));	native bulk command preflight and material/attachment fields	classified at operation boundary; conversion pending
src/app/component/multi-edit-panel/multi-edit-panel.component.ts	412	traceState	selection; topology; material geometry; attachment	point-topology	return this.common(this.joints.map((joint) => joint.showCurve === true));	native bulk command preflight and material/attachment fields	classified at operation boundary; conversion pending
src/app/component/multi-edit-panel/multi-edit-panel.component.ts	498	duplicate	selection; topology; material geometry; attachment	point-topology	this.mechanism.joints,	native bulk command preflight and material/attachment fields	classified at operation boundary; conversion pending
src/app/component/new-grid/new-grid.component.html	93	<record/template>	render mark; topology	point-topology	@if (mechanismSrv.joints.length == 0) {	native render views and document presence	classified at operation boundary; conversion pending
src/app/component/new-grid/new-grid.component.html	1648	<record/template>	render mark; topology	compound-material	@if (gridUtils.typeOfLink(link) == 'R' && link.subset.length == 0) {	native render views and document presence	classified at operation boundary; conversion pending
src/app/component/new-grid/new-grid.component.html	1788	<record/template>	render mark; topology	shape-frame	"style=""transform: rotateZ({{ force.angleRad }}rad)"""	native render views and document presence	classified at operation boundary; conversion pending
src/app/component/new-grid/new-grid.component.ts	540	duplicateSelected	topology; attachment; material geometry; selection	point-topology	this.mechanismSrv.joints,	native create/drag/drop transaction and typed selection remap	classified at operation boundary; conversion pending
src/app/component/new-grid/new-grid.component.ts	623	objectKind	selection; attachment	compound-material	if (value instanceof RealLink) return 'RealLink';	typed selection refs, hit targets and authored/sample bounds	classified at operation boundary; conversion pending
src/app/component/new-grid/new-grid.component.ts	624	objectKind	selection; attachment	point-topology	if (value instanceof PrisJoint) return 'PrisJoint';	typed selection refs, hit targets and authored/sample bounds	classified at operation boundary; conversion pending
src/app/component/new-grid/new-grid.component.ts	625	objectKind	selection; attachment	point-topology	if (value instanceof RevJoint) return 'RevJoint';	typed selection refs, hit targets and authored/sample bounds	classified at operation boundary; conversion pending
src/app/component/new-grid/new-grid.component.ts	907	startCreatingCylinder	topology; attachment; material geometry; selection	compound-material	this.lastRightClick instanceof RealLink ? this.lastRightClick : undefined;	native create/drag/drop transaction and typed selection remap	classified at operation boundary; conversion pending
src/app/component/new-grid/new-grid.component.ts	909	startCreatingCylinder	topology; attachment; material geometry; selection	point-topology	this.lastRightClick instanceof RealJoint ? this.lastRightClick : undefined;	native create/drag/drop transaction and typed selection remap	classified at operation boundary; conversion pending
src/app/component/new-grid/new-grid.component.ts	953	cylinderPreview	topology; attachment; material geometry; selection	shape-frame	rotation: (creation.angleRad * 180) / Math.PI,	native create/drag/drop transaction and typed selection remap	classified at operation boundary; conversion pending
src/app/component/new-grid/new-grid.component.ts	997	setLastRightClick	selection; attachment	point-topology	(clickedObj instanceof RealJoint ||	typed selection refs, hit targets and authored/sample bounds	classified at operation boundary; conversion pending
src/app/component/new-grid/new-grid.component.ts	998	setLastRightClick	selection; attachment	compound-material	clickedObj instanceof RealLink ||	typed selection refs, hit targets and authored/sample bounds	classified at operation boundary; conversion pending
src/app/component/new-grid/new-grid.component.ts	1024	setLastRightClick	selection; attachment	compound-material	if ((clickedObj as RealLink).subset.length > 1) {	typed selection refs, hit targets and authored/sample bounds	classified at operation boundary; conversion pending
src/app/component/new-grid/new-grid.component.ts	1062	jointUnderForceBase	topology; attachment; material geometry; selection	point-topology	return force.link.joints.find(	native create/drag/drop transaction and typed selection remap	classified at operation boundary; conversion pending
src/app/component/new-grid/new-grid.component.ts	1064	jointUnderForceBase	topology; attachment; material geometry; selection	point-topology	joint instanceof RealJoint &&	native create/drag/drop transaction and typed selection remap	classified at operation boundary; conversion pending
src/app/component/new-grid/new-grid.component.ts	1088	setLastLeftClick	selection; attachment	compound-material	if ((clickedObj as RealLink).subset.length > 1) {	typed selection refs, hit targets and authored/sample bounds	classified at operation boundary; conversion pending
src/app/component/new-grid/new-grid.component.ts	1114	setLastLeftClick	selection; attachment	point-topology	(clickedObj instanceof RealJoint ||	typed selection refs, hit targets and authored/sample bounds	classified at operation boundary; conversion pending
src/app/component/new-grid/new-grid.component.ts	1115	setLastLeftClick	selection; attachment	compound-material	clickedObj instanceof RealLink ||	typed selection refs, hit targets and authored/sample bounds	classified at operation boundary; conversion pending
src/app/component/new-grid/new-grid.component.ts	1211	restoreSelectionAfterDrag	selection; attachment	point-topology	: this.mechanismSrv.joints.includes(before);	typed selection refs, hit targets and authored/sample bounds	classified at operation boundary; conversion pending
src/app/component/new-grid/new-grid.component.ts	1235	selectionBounds	selection; attachment	point-topology	this.mechanismSrv.joints,	typed selection refs, hit targets and authored/sample bounds	classified at operation boundary; conversion pending
src/app/component/new-grid/new-grid.component.ts	1238	selectionBounds	selection; attachment	point-topology	if (closure.joints.length === 0) return undefined;	typed selection refs, hit targets and authored/sample bounds	classified at operation boundary; conversion pending
src/app/component/new-grid/new-grid.component.ts	1239	selectionBounds	selection; attachment	point-topology	const xs = closure.joints.map((joint) => joint.x);	typed selection refs, hit targets and authored/sample bounds	classified at operation boundary; conversion pending
src/app/component/new-grid/new-grid.component.ts	1240	selectionBounds	selection; attachment	point-topology	const ys = closure.joints.map((joint) => joint.y);	typed selection refs, hit targets and authored/sample bounds	classified at operation boundary; conversion pending
src/app/component/new-grid/new-grid.component.ts	1400	beginSelectionGesture	selection; attachment	point-topology	this.mechanismSrv.joints,	typed selection refs, hit targets and authored/sample bounds	classified at operation boundary; conversion pending
src/app/component/new-grid/new-grid.component.ts	1545	nudgeSelection	topology; attachment; material geometry; selection	point-topology	this.mechanismSrv.joints,	native create/drag/drop transaction and typed selection remap	classified at operation boundary; conversion pending
src/app/component/new-grid/new-grid.component.ts	1829	moveForceAnchor	topology; attachment; material geometry; selection	point-topology	link.joints.find(	native create/drag/drop transaction and typed selection remap	classified at operation boundary; conversion pending
src/app/component/new-grid/new-grid.component.ts	1831	moveForceAnchor	topology; attachment; material geometry; selection	point-topology	joint instanceof RealJoint &&	native create/drag/drop transaction and typed selection remap	classified at operation boundary; conversion pending
src/app/component/new-grid/new-grid.component.ts	1873	heldOffJoint	attachment; material geometry	point-topology	const other = link.joints.find((joint) => joint !== pin) ?? pin;	shared native edit planner/refusal and lock/hold scope	classified at operation boundary; conversion pending
src/app/component/new-grid/new-grid.component.ts	1888	forceSnappedJoint	topology; attachment; material geometry; selection	point-topology	for (const joint of force.link.joints) {	native create/drag/drop transaction and typed selection remap	classified at operation boundary; conversion pending
src/app/component/new-grid/new-grid.component.ts	1889	forceSnappedJoint	topology; attachment; material geometry; selection	point-topology	if (!(joint instanceof RealJoint) || joint.links.length > 1) continue;	native create/drag/drop transaction and typed selection remap	classified at operation boundary; conversion pending
src/app/component/new-grid/new-grid.component.ts	2172	mouseMove	topology; attachment; material geometry; selection	point-topology	const reference = this.activeObjService.selectedLink.joints[0];	native create/drag/drop transaction and typed selection remap	classified at operation boundary; conversion pending
src/app/component/new-grid/new-grid.component.ts	2302	frozenCarriedJoints	attachment; material geometry	point-topology	link.joints.forEach((joint) => {	shared native edit planner/refusal and lock/hold scope	classified at operation boundary; conversion pending
src/app/component/new-grid/new-grid.component.ts	2304	frozenCarriedJoints	attachment; material geometry	point-topology	if (!(joint instanceof RealJoint)) return;	shared native edit planner/refusal and lock/hold scope	classified at operation boundary; conversion pending
src/app/component/new-grid/new-grid.component.ts	2306	frozenCarriedJoints	attachment; material geometry	point-topology,compound-material	if (other instanceof SliderBlock) other.joints.forEach(add);	shared native edit planner/refusal and lock/hold scope	classified at operation boundary; conversion pending
src/app/component/new-grid/new-grid.component.ts	2321	refuseLockedJoint	attachment; material geometry	compound-material	const block = joint.links.find((link): link is SliderBlock => link instanceof SliderBlock);	shared native edit planner/refusal and lock/hold scope	classified at operation boundary; conversion pending
src/app/component/new-grid/new-grid.component.ts	2322	refuseLockedJoint	attachment; material geometry	point-topology	const itself = new Set([joint.id, ...(block?.joints.map((member) => member.id) ?? [])]);	shared native edit planner/refusal and lock/hold scope	classified at operation boundary; conversion pending
src/app/component/new-grid/new-grid.component.ts	2391	holdGuideFor	attachment; material geometry	point-topology	const other = this.mechanismSrv.joints.find(	shared native edit planner/refusal and lock/hold scope	classified at operation boundary; conversion pending
src/app/component/new-grid/new-grid.component.ts	2394	holdGuideFor	attachment; material geometry	point-topology	if (!(other instanceof RealJoint) || !this.gridUtils.isHoldAnchor(other)) return undefined;	shared native edit planner/refusal and lock/hold scope	classified at operation boundary; conversion pending
src/app/component/new-grid/new-grid.component.ts	2419	refuseHeldByHolds	attachment; material geometry	point-topology	`${heldBySentence(bars, this.mechanismSrv.joints)}. Release one to move joint ${joint.name || joint.id}.`,	shared native edit planner/refusal and lock/hold scope	classified at operation boundary; conversion pending
src/app/component/new-grid/new-grid.component.ts	2428	refuseBeyondHolds	attachment; material geometry	point-topology	`Joint ${joint.name || joint.id} can go no further while ${holdList(bars, this.mechanismSrv.joints)} holds.`,	shared native edit planner/refusal and lock/hold scope	classified at operation boundary; conversion pending
src/app/component/new-grid/new-grid.component.ts	2453	heldChips	render mark; material geometry; analysis result	compound-material	if (!(link instanceof RealLink) || this.mechanismSrv.isLockedTarget(link)) continue;	native render views, body-local geometry and accepted poses	classified at operation boundary; conversion pending
src/app/component/new-grid/new-grid.component.ts	2454	heldChips	render mark; material geometry; analysis result	point-topology	const a = this.mechanismSrv.joints.find((joint) => joint.id === bar.a);	native render views, body-local geometry and accepted poses	classified at operation boundary; conversion pending
src/app/component/new-grid/new-grid.component.ts	2455	heldChips	render mark; material geometry; analysis result	point-topology	const b = this.mechanismSrv.joints.find((joint) => joint.id === bar.b);	native render views, body-local geometry and accepted poses	classified at operation boundary; conversion pending
src/app/component/new-grid/new-grid.component.ts	2641	lockNoun	render mark; material geometry; analysis result	point-topology	const joint = holds.find((lock): lock is RealJoint => lock instanceof RealJoint);	native render views, body-local geometry and accepted poses	classified at operation boundary; conversion pending
src/app/component/new-grid/new-grid.component.ts	2742	dragArcs	render mark; material geometry; analysis result	point-topology	? (this.activeObjService.selectedLink?.joints ?? [])	native render views, body-local geometry and accepted poses	classified at operation boundary; conversion pending
src/app/component/new-grid/new-grid.component.ts	2900	updateDropCandidate	topology; attachment; material geometry; selection	point-topology	this.mechanismSrv.joints.filter((joint) => !this.isCylinderInterior(joint)),	native create/drag/drop transaction and typed selection remap	classified at operation boundary; conversion pending
src/app/component/new-grid/new-grid.component.ts	2920	updateDropCandidate	topology; attachment; material geometry; selection	point-topology	const overAJoint = this.mechanismSrv.joints.some(	native create/drag/drop transaction and typed selection remap	classified at operation boundary; conversion pending
src/app/component/new-grid/new-grid.component.ts	2923	updateDropCandidate	topology; attachment; material geometry; selection	point-topology	!(joint instanceof PrisJoint) &&	native create/drag/drop transaction and typed selection remap	classified at operation boundary; conversion pending
src/app/component/new-grid/new-grid.component.ts	2936	updateDropCandidate	topology; attachment; material geometry; selection	compound-material	(link) => link instanceof RealLink && !this.isCylinderMemberLink(link)	native create/drag/drop transaction and typed selection remap	classified at operation boundary; conversion pending
src/app/component/new-grid/new-grid.component.ts	3078	withAxisSnap	topology; attachment; material geometry; selection	point-topology	.filter((other) => other.id !== joint.id && !(other instanceof PrisJoint));	native create/drag/drop transaction and typed selection remap	classified at operation boundary; conversion pending
src/app/component/new-grid/new-grid.component.ts	3105	mountAxisSnap	topology; attachment; material geometry; selection	point-topology	.filter((other) => !memberIds.has(other.id) && !(other instanceof PrisJoint));	native create/drag/drop transaction and typed selection remap	classified at operation boundary; conversion pending
src/app/component/new-grid/new-grid.component.ts	3229	showPathWhileDragging	render mark; material geometry; analysis result	point-topology	if (!solved || solved.joints[0].length === 0) return;	native render views, body-local geometry and accepted poses	classified at operation boundary; conversion pending
src/app/component/new-grid/new-grid.component.ts	3283	rememberBeforeDrag	topology; attachment; material geometry; selection	point-topology	joints: this.mechanismSrv.joints.map((joint) => ({	native create/drag/drop transaction and typed selection remap	classified at operation boundary; conversion pending
src/app/component/new-grid/new-grid.component.ts	3302	putBackTheDrag	topology; attachment; material geometry; selection	point-topology	const joints = new Map(was.joints.map((joint) => [joint.id, joint]));	native create/drag/drop transaction and typed selection remap	classified at operation boundary; conversion pending
src/app/component/new-grid/new-grid.component.ts	3305	putBackTheDrag	topology; attachment; material geometry; selection	point-topology	this.mechanismSrv.joints.forEach((joint) => {	native create/drag/drop transaction and typed selection remap	classified at operation boundary; conversion pending
src/app/component/new-grid/new-grid.component.ts	4080	mouseDownNow	topology; attachment; material geometry; selection	point-topology	this.lastLeftClickType === 'Joint' && this.lastLeftClick instanceof RealJoint	native create/drag/drop transaction and typed selection remap	classified at operation boundary; conversion pending
src/app/component/new-grid/new-grid.component.ts	4115	mouseDownNow	topology; attachment; material geometry; selection	point-topology	joint1.connectedJoints.push(joint2);	native create/drag/drop transaction and typed selection remap	classified at operation boundary; conversion pending
src/app/component/new-grid/new-grid.component.ts	4116	mouseDownNow	topology; attachment; material geometry; selection	point-topology	joint2.connectedJoints.push(joint1);	native create/drag/drop transaction and typed selection remap	classified at operation boundary; conversion pending
src/app/component/new-grid/new-grid.component.ts	4133	mouseDownNow	topology; attachment; material geometry; selection	point-topology	this.activeObjService.prevSelectedJoint.connectedJoints.push(joint2);	native create/drag/drop transaction and typed selection remap	classified at operation boundary; conversion pending
src/app/component/new-grid/new-grid.component.ts	4134	mouseDownNow	topology; attachment; material geometry; selection	point-topology	joint2.connectedJoints.push(this.activeObjService.prevSelectedJoint);	native create/drag/drop transaction and typed selection remap	classified at operation boundary; conversion pending
src/app/component/new-grid/new-grid.component.ts	4164	mouseDownNow	topology; attachment; material geometry; selection	point-topology	joint1.connectedJoints.push(joint2);	native create/drag/drop transaction and typed selection remap	classified at operation boundary; conversion pending
src/app/component/new-grid/new-grid.component.ts	4165	mouseDownNow	topology; attachment; material geometry; selection	point-topology	joint2.connectedJoints.push(joint1);	native create/drag/drop transaction and typed selection remap	classified at operation boundary; conversion pending
src/app/component/new-grid/new-grid.component.ts	4176	mouseDownNow	topology; attachment; material geometry; selection	point-topology	this.activeObjService.selectedLink.joints.forEach((j) => {	native create/drag/drop transaction and typed selection remap	classified at operation boundary; conversion pending
src/app/component/new-grid/new-grid.component.ts	4177	mouseDownNow	topology; attachment; material geometry; selection	point-topology	if (!(j instanceof RealJoint)) {	native create/drag/drop transaction and typed selection remap	classified at operation boundary; conversion pending
src/app/component/new-grid/new-grid.component.ts	4180	mouseDownNow	topology; attachment; material geometry; selection	point-topology	j.connectedJoints.push(joint1);	native create/drag/drop transaction and typed selection remap	classified at operation boundary; conversion pending
src/app/component/new-grid/new-grid.component.ts	4181	mouseDownNow	topology; attachment; material geometry; selection	point-topology	joint1.connectedJoints.push(j);	native create/drag/drop transaction and typed selection remap	classified at operation boundary; conversion pending
src/app/component/new-grid/new-grid.component.ts	4193	mouseDownNow	topology; attachment; material geometry; selection	point-topology	this.activeObjService.selectedLink.lastSelectedSublink.joints.push(joint1);	native create/drag/drop transaction and typed selection remap	classified at operation boundary; conversion pending
src/app/component/new-grid/new-grid.component.ts	4196	mouseDownNow	topology; attachment; material geometry; selection	point-topology	this.activeObjService.selectedLink.joints.push(joint1);	native create/drag/drop transaction and typed selection remap	classified at operation boundary; conversion pending
src/app/component/new-grid/new-grid.component.ts	4203	mouseDownNow	topology; attachment; material geometry; selection	shape-frame	this.activeObjService.selectedLink.getPathString();	native create/drag/drop transaction and typed selection remap	classified at operation boundary; conversion pending
src/app/component/new-grid/new-grid.component.ts	4227	mouseDownNow	topology; attachment; material geometry; selection	point-topology	joint1.connectedJoints.push(joint2);	native create/drag/drop transaction and typed selection remap	classified at operation boundary; conversion pending
src/app/component/new-grid/new-grid.component.ts	4228	mouseDownNow	topology; attachment; material geometry; selection	point-topology	joint2.connectedJoints.push(joint1);	native create/drag/drop transaction and typed selection remap	classified at operation boundary; conversion pending
src/app/component/new-grid/new-grid.component.ts	4277	mouseDownNow	topology; attachment; material geometry; selection	point-topology	this.activeObjService.prevSelectedJoint.connectedJoints.push(joint2);	native create/drag/drop transaction and typed selection remap	classified at operation boundary; conversion pending
src/app/component/new-grid/new-grid.component.ts	4278	mouseDownNow	topology; attachment; material geometry; selection	point-topology	joint2.connectedJoints.push(this.activeObjService.prevSelectedJoint);	native create/drag/drop transaction and typed selection remap	classified at operation boundary; conversion pending
src/app/component/new-grid/new-grid.component.ts	4305	mouseDownNow	topology; attachment; material geometry; selection	point-topology	joint1.connectedJoints.push(joint2);	native create/drag/drop transaction and typed selection remap	classified at operation boundary; conversion pending
src/app/component/new-grid/new-grid.component.ts	4306	mouseDownNow	topology; attachment; material geometry; selection	point-topology	joint2.connectedJoints.push(joint1);	native create/drag/drop transaction and typed selection remap	classified at operation boundary; conversion pending
src/app/component/new-grid/new-grid.component.ts	4317	mouseDownNow	topology; attachment; material geometry; selection	point-topology	this.activeObjService.selectedLink.joints.forEach((j) => {	native create/drag/drop transaction and typed selection remap	classified at operation boundary; conversion pending
src/app/component/new-grid/new-grid.component.ts	4318	mouseDownNow	topology; attachment; material geometry; selection	point-topology	if (!(j instanceof RealJoint)) {	native create/drag/drop transaction and typed selection remap	classified at operation boundary; conversion pending
src/app/component/new-grid/new-grid.component.ts	4321	mouseDownNow	topology; attachment; material geometry; selection	point-topology	j.connectedJoints.push(joint1);	native create/drag/drop transaction and typed selection remap	classified at operation boundary; conversion pending
src/app/component/new-grid/new-grid.component.ts	4322	mouseDownNow	topology; attachment; material geometry; selection	point-topology	joint1.connectedJoints.push(j);	native create/drag/drop transaction and typed selection remap	classified at operation boundary; conversion pending
src/app/component/new-grid/new-grid.component.ts	4325	mouseDownNow	topology; attachment; material geometry; selection	point-topology	this.activeObjService.selectedLink.joints.push(joint1);	native create/drag/drop transaction and typed selection remap	classified at operation boundary; conversion pending
src/app/component/new-grid/new-grid.component.ts	4455	getFirstPosCoords	topology; attachment; material geometry; selection	point-topology	const anchor = link.joints[0];	native create/drag/drop transaction and typed selection remap	classified at operation boundary; conversion pending
src/app/component/new-grid/new-grid.component.ts	4456	getFirstPosCoords	topology; attachment; material geometry; selection	point-topology	return solved?.joints[0]?.find((candidate) => candidate.id === anchor.id) ?? anchor;	native create/drag/drop transaction and typed selection remap	classified at operation boundary; conversion pending
src/app/component/new-grid/new-grid.component.ts	4528	guides	render mark; material geometry; analysis result	point-topology	const frames = mechanism?.isMechanismValid() ? mechanism.joints : undefined;	native render views, body-local geometry and accepted poses	classified at operation boundary; conversion pending
src/app/component/new-grid/new-grid.component.ts	4534	guides	render mark; material geometry; analysis result	point-topology	if (!(joint instanceof PrisJoint) || !joint.ground) continue;	native render views, body-local geometry and accepted poses	classified at operation boundary; conversion pending
src/app/component/new-grid/new-grid.component.ts	4568	drivenClockwise	render mark; material geometry; analysis result	point-topology	this.mechanismSrv.driveSpeedOf(joint instanceof RealJoint ? joint : undefined)	native render views, body-local geometry and accepted poses	classified at operation boundary; conversion pending
src/app/component/new-grid/new-grid.component.ts	4740	comDraggable	attachment; material geometry	compound-material	link instanceof RealLink &&	shared native edit planner/refusal and lock/hold scope	classified at operation boundary; conversion pending
src/app/component/new-grid/new-grid.component.ts	4754	comCentroidDot	render mark; material geometry; analysis result	compound-material	if (!(link instanceof RealLink) || !link.comIsCustom) return null;	native render views, body-local geometry and accepted poses	classified at operation boundary; conversion pending
src/app/component/new-grid/new-grid.component.ts	4755	comCentroidDot	render mark; material geometry; analysis result	point-topology	const centroid = uniformBodyOf(link.joints).centroid;	native render views, body-local geometry and accepted poses	classified at operation boundary; conversion pending
src/app/component/new-grid/new-grid.component.ts	4858	snapComToJointLines	topology; attachment; material geometry; selection	point-topology	const joints = link.joints;	native create/drag/drop transaction and typed selection remap	classified at operation boundary; conversion pending
src/app/component/new-grid/new-grid.component.ts	5367	linkLabelAngle	render mark; material geometry; analysis result	point-topology	if ((link.joints?.length ?? 0) !== 2) return 0;	native render views, body-local geometry and accepted poses	classified at operation boundary; conversion pending
src/app/component/new-grid/new-grid.component.ts	5369	linkLabelAngle	render mark; material geometry; analysis result	point-topology	const [from, to] = link.joints;	native render views, body-local geometry and accepted poses	classified at operation boundary; conversion pending
src/app/component/new-grid/new-grid.component.ts	5393	showsCoM	render mark; material geometry; analysis result	compound-material	return this.settings.isShowCOM.value && link instanceof RealLink && link.mass > 0;	native render views, body-local geometry and accepted poses	classified at operation boundary; conversion pending
src/app/component/new-grid/new-grid.component.ts	5444	linkLabelStyle	render mark; material geometry; analysis result	compound-material	const parts = (link instanceof RealLink ? link.subset : []) ?? [];	native render views, body-local geometry and accepted poses	classified at operation boundary; conversion pending
src/app/component/new-grid/new-grid.component.ts	5446	linkLabelStyle	render mark; material geometry; analysis result	point-topology	const joints = of.joints ?? [];	native render views, body-local geometry and accepted poses	classified at operation boundary; conversion pending
src/app/component/new-grid/new-grid.component.ts	5454	linkLabelStyle	render mark; material geometry; analysis result	point-topology	const first = part.joints[0];	native render views, body-local geometry and accepted poses	classified at operation boundary; conversion pending
src/app/component/new-grid/new-grid.component.ts	5455	linkLabelStyle	render mark; material geometry; analysis result	point-topology	const last = part.joints[part.joints.length - 1];	native render views, body-local geometry and accepted poses	classified at operation boundary; conversion pending
src/app/component/new-grid/new-grid.component.ts	5483	barAxis	render mark; material geometry; analysis result	point-topology	if ((link.joints?.length ?? 0) !== 2) return undefined;	native render views, body-local geometry and accepted poses	classified at operation boundary; conversion pending
src/app/component/new-grid/new-grid.component.ts	5484	barAxis	render mark; material geometry; analysis result	compound-material	if (link instanceof RealLink && link.subset.length > 0) return undefined;	native render views, body-local geometry and accepted poses	classified at operation boundary; conversion pending
src/app/component/new-grid/new-grid.component.ts	5485	barAxis	render mark; material geometry; analysis result	point-topology	const [from, to] = link.joints;	native render views, body-local geometry and accepted poses	classified at operation boundary; conversion pending
src/app/component/new-grid/new-grid.component.ts	5537	lengthChipPlace	render mark; material geometry; analysis result	point-topology	const [a, b] = link.joints;	native render views, body-local geometry and accepted poses	classified at operation boundary; conversion pending
src/app/component/new-grid/new-grid.component.ts	5586	slotCarriedBy	render mark; material geometry; analysis result	point-topology	if ((link.joints?.length ?? 0) !== 2) return undefined;	native render views, body-local geometry and accepted poses	classified at operation boundary; conversion pending
src/app/component/new-grid/new-grid.component.ts	5587	slotCarriedBy	render mark; material geometry; analysis result	point-topology	return this.mechanismSrv.joints.find(	native render views, body-local geometry and accepted poses	classified at operation boundary; conversion pending
src/app/component/new-grid/new-grid.component.ts	5589	slotCarriedBy	render mark; material geometry; analysis result	point-topology	joint instanceof PrisJoint &&	native render views, body-local geometry and accepted poses	classified at operation boundary; conversion pending
src/app/component/new-grid/new-grid.component.ts	5941	drawingDigest	render mark; material geometry; analysis result	point-topology	return joint instanceof PrisJoint	native render views, body-local geometry and accepted poses	classified at operation boundary; conversion pending
src/app/component/new-grid/new-grid.component.ts	6208	findStartAndEndPoints	topology; attachment; material geometry; selection	point-topology	const [from, to] = sealed ? [sealed.barrelFar, sealed.rodFar] : link.joints;	native create/drag/drop transaction and typed selection remap	classified at operation boundary; conversion pending
src/app/component/new-grid/new-grid.component.ts	6235	findStartAndEndPoints	topology; attachment; material geometry; selection	point-topology	const [from, to] = sealed ? [sealed.barrelFar, sealed.rodFar] : link.joints;	native create/drag/drop transaction and typed selection remap	classified at operation boundary; conversion pending
src/app/component/new-grid/new-grid.component.ts	6452	secondJointIsGrounded	topology; attachment; material geometry; selection	point-topology	return (selectedLink.joints[1] as RealJoint).ground;	native create/drag/drop transaction and typed selection remap	classified at operation boundary; conversion pending
src/app/component/playback-bar/playback-bar.component.ts	500	maxStep	analysis result; topology	point-topology	return master ? master.joints.length - 1 : 0;	native per-machine samples, commands and readiness	classified at operation boundary; conversion pending
src/app/component/playback-bar/playback-bar.component.ts	737	deferredRows	analysis result; topology	point-topology	(joint) => joint instanceof RealJoint && joint.input	native per-machine samples, commands and readiness	classified at operation boundary; conversion pending
src/app/component/right-panel/right-panel.component.ts	361	printMechanism	topology	point-topology	console.log(this.mechanismService.joints);	native document presence/readiness; retain shell/layout/permission model	classified at operation boundary; conversion pending
src/app/component/settings-panel/settings-panel.component.ts	407	changeLengthUnit	topology	point-topology	if (this.mechanismSrv.joints.length === 0 && this.mechanismSrv.links.length === 0) {	native document presence/readiness; retain shell/layout/permission model	classified at operation boundary; conversion pending
src/app/component/synthesis-panel/synthesis-panel.component.ts	515	arm	topology; attachment; analysis result	point-topology	this.mechanismSrv.links.length === 0 && this.mechanismSrv.joints.length === 0;	native construction commands, synthesis poses and tutorial progression/sample readers	classified at operation boundary; conversion pending
src/app/component/top-bar/top-bar.component.ts	424	hasStatus	topology	point-topology	return this.mechanism.joints.length > 0 || this.mechanism.links.length > 0;	native document presence/readiness; retain shell/layout/permission model	classified at operation boundary; conversion pending
src/app/component/view-controls/view-controls.component.html	86	<record/template>	render mark; analysis result	shape-frame	"shortcut=""view.centerOfMass"""	native marks, explicit guide/assembly ownership and sampled view bounds	classified at operation boundary; conversion pending
src/app/component/view-controls/view-controls.component.ts	81	<record/template>	render mark; analysis result	shape-frame	'view.centerOfMass': () => !this.noMassiveLink() && this.showCenterOfMass(),	native marks, explicit guide/assembly ownership and sampled view bounds	classified at operation boundary; conversion pending
src/app/component/view-controls/view-controls.component.ts	167	noJointExists	render mark; analysis result	point-topology	return this.mechanismService.joints.length === 0;	native marks, explicit guide/assembly ownership and sampled view bounds	classified at operation boundary; conversion pending
src/app/component/view-controls/view-controls.component.ts	174	noMassiveLink	render mark; analysis result	compound-material	return !this.mechanismService.links.some((link) => link instanceof RealLink && link.mass > 0);	native marks, explicit guide/assembly ownership and sampled view bounds	classified at operation boundary; conversion pending
src/app/component/view-controls/view-controls.component.ts	178	noTracedJoint	render mark; analysis result	point-topology	return !this.mechanismService.joints.some(	native marks, explicit guide/assembly ownership and sampled view bounds	classified at operation boundary; conversion pending
src/app/model/actuator.ts	57	incidentBodies	topology; attachment	point-topology	if (joint instanceof PrisJoint && joint.carrier && !seen.has(joint.carrier.id)) {	ordered native joint coordinate and driver references	classified at operation boundary; conversion pending
src/app/model/actuator.ts	73	describeActuator	topology; attachment	point-topology	if (!(joint instanceof RealJoint)) {	ordered native joint coordinate and driver references	classified at operation boundary; conversion pending
src/app/model/actuator.ts	100	describeActuator	topology; attachment	point-topology	kind: joint instanceof PrisJoint ? 'length' : 'angle',	ordered native joint coordinate and driver references	classified at operation boundary; conversion pending
src/app/model/actuator.ts	132	describeActuatorRefusal	topology; attachment	point-topology	if (!(joint instanceof RealJoint)) return { short: 'not a joint', long };	ordered native joint coordinate and driver references	classified at operation boundary; conversion pending
src/app/model/actuator.ts	172	angleReference	topology; attachment	point-topology	return body.joints.find((member) => member.id !== joint.id && !coincident(member, joint));	ordered native joint coordinate and driver references	classified at operation boundary; conversion pending
src/app/model/body-label.ts	39	labelForBody	render mark; analysis result	compound-material	if (body instanceof SliderBlock) {	native marks, explicit guide/assembly ownership and sampled view bounds	classified at operation boundary; conversion pending
src/app/model/body-label.ts	40	labelForBody	render mark; analysis result	point-topology	const pin = body.joints.find((joint) => !(joint instanceof PrisJoint));	native marks, explicit guide/assembly ownership and sampled view bounds	classified at operation boundary; conversion pending
src/app/model/cylinder-pose-plan.ts	137	jointsOfBody	topology; attachment; material geometry	point-topology	node.joints.forEach((joint) => found.set(joint.id, joint));	native transaction closure; delete synthetic interior placement	classified at operation boundary; conversion pending
src/app/model/cylinder-pose-plan.ts	138	jointsOfBody	topology; attachment; material geometry	compound-material	if (node instanceof RealLink) node.subset.forEach(walk);	native transaction closure; delete synthetic interior placement	classified at operation boundary; conversion pending
src/app/model/cylinder-pose-plan.ts	149	leavesOfBody	topology; attachment; material geometry	compound-material	if (node instanceof RealLink) node.subset.forEach(walk);	native transaction closure; delete synthetic interior placement	classified at operation boundary; conversion pending
src/app/model/cylinder-pose-plan.ts	233	planEdit	topology; attachment; material geometry	point-topology	if (!(joint instanceof RealJoint)) continue;	native transaction closure; delete synthetic interior placement	classified at operation boundary; conversion pending
src/app/model/cylinder-pose-plan.ts	235	planEdit	topology; attachment; material geometry	compound-material	if (!(link instanceof SliderBlock)) continue;	native transaction closure; delete synthetic interior placement	classified at operation boundary; conversion pending
src/app/model/cylinder-pose-plan.ts	236	planEdit	topology; attachment; material geometry	point-topology	for (const partner of link.joints) {	native transaction closure; delete synthetic interior placement	classified at operation boundary; conversion pending
src/app/model/cylinder.ts	170	memberCandidates	topology	point-topology	if (node.joints.length === 2 && keep(node)) found.set(node.id, node);	explicit cylinder assembly roles and native two-body factory	classified at operation boundary; conversion pending
src/app/model/cylinder.ts	171	memberCandidates	topology	compound-material	if (node instanceof RealLink) node.subset.forEach(walk);	explicit cylinder assembly roles and native two-body factory	classified at operation boundary; conversion pending
src/app/model/cylinder.ts	231	describeCylinderStructure	topology	point-topology	leaf.joints.some((member) => member.id === pin.id)	explicit cylinder assembly roles and native two-body factory	classified at operation boundary; conversion pending
src/app/model/cylinder.ts	236	describeCylinderStructure	topology	point-topology	leaf.joints.some((member) => member.id === slotA.id) &&	explicit cylinder assembly roles and native two-body factory	classified at operation boundary; conversion pending
src/app/model/cylinder.ts	237	describeCylinderStructure	topology	point-topology	leaf.joints.some((member) => member.id === slotB.id)	explicit cylinder assembly roles and native two-body factory	classified at operation boundary; conversion pending
src/app/model/cylinder.ts	239	describeCylinderStructure	topology	compound-material	if (!rod || !(rod.leaf instanceof RealLink) || !barrel) {	explicit cylinder assembly roles and native two-body factory	classified at operation boundary; conversion pending
src/app/model/cylinder.ts	243	describeCylinderStructure	topology	point-topology	const rodFar = rod.leaf.joints.find((member) => member.id !== pin.id);	explicit cylinder assembly roles and native two-body factory	classified at operation boundary; conversion pending
src/app/model/cylinder.ts	252	describeCylinderStructure	topology	point-topology	const barrelFar = barrel.leaf.joints.reduce((far, member) => {	explicit cylinder assembly roles and native two-body factory	classified at operation boundary; conversion pending
src/app/model/cylinder.ts	257	describeCylinderStructure	topology	point-topology	const barrelNear = barrel.leaf.joints.find((member) => member.id !== barrelFar.id)!;	explicit cylinder assembly roles and native two-body factory	classified at operation boundary; conversion pending
src/app/model/cylinder.ts	288	describeCylinder	topology	point-topology	const members = [rodFar, ...barrel.joints];	explicit cylinder assembly roles and native two-body factory	classified at operation boundary; conversion pending
src/app/model/cylinder.ts	331	sealedCylinders	topology	point-topology	.filter((joint): joint is RealJoint => joint instanceof RealJoint)	explicit cylinder assembly roles and native two-body factory	classified at operation boundary; conversion pending
src/app/model/cylinder.ts	339	sealedCylinderStructures	topology	point-topology	.filter((joint): joint is RealJoint => joint instanceof RealJoint)	explicit cylinder assembly roles and native two-body factory	classified at operation boundary; conversion pending
src/app/model/cylinder.ts	419	ownsMember	topology	compound-material	(node instanceof RealLink && node.subset.some((leaf) => holds(leaf)));	explicit cylinder assembly roles and native two-body factory	classified at operation boundary; conversion pending
src/app/model/cylinder.ts	479	<record/template>	material geometry; attachment	shape-frame	angleRad: number;	explicit cylinder assembly roles and native two-body factory	classified at operation boundary; conversion pending
src/app/model/cylinder.ts	519	cylinderCreationLayout	material geometry; attachment	shape-frame	const angleRad = drawn < 1e-9 ? 0 : Math.atan2(dy, dx);	explicit cylinder assembly roles and native two-body factory	classified at operation boundary; conversion pending
src/app/model/cylinder.ts	522	cylinderCreationLayout	material geometry; attachment	shape-frame	const ux = Math.cos(angleRad);	explicit cylinder assembly roles and native two-body factory	classified at operation boundary; conversion pending
src/app/model/cylinder.ts	523	cylinderCreationLayout	material geometry; attachment	shape-frame	const uy = Math.sin(angleRad);	explicit cylinder assembly roles and native two-body factory	classified at operation boundary; conversion pending
src/app/model/cylinder.ts	526	cylinderCreationLayout	material geometry; attachment	shape-frame	angleRad,	explicit cylinder assembly roles and native two-body factory	classified at operation boundary; conversion pending
src/app/model/cylinder.ts	868	<record/template>	material geometry; attachment	shape-frame	* the end a ram is anchored by; `angleRad` keeps the part on the axis the panel	explicit cylinder assembly roles and native two-body factory	classified at operation boundary; conversion pending
src/app/model/cylinder.ts	873	poseFromStrokeAndStart	material geometry; attachment	shape-frame	angleRad: number,	explicit cylinder assembly roles and native two-body factory	classified at operation boundary; conversion pending
src/app/model/cylinder.ts	879	poseFromStrokeAndStart	material geometry; attachment	shape-frame	const ux = Math.cos(angleRad);	explicit cylinder assembly roles and native two-body factory	classified at operation boundary; conversion pending
src/app/model/cylinder.ts	880	poseFromStrokeAndStart	material geometry; attachment	shape-frame	const uy = Math.sin(angleRad);	explicit cylinder assembly roles and native two-body factory	classified at operation boundary; conversion pending
src/app/model/draw-order.ts	31	drawDepths	render mark; analysis result	point-topology	const sliders = joints.filter((joint): joint is PrisJoint => joint instanceof PrisJoint);	native marks, explicit guide/assembly ownership and sampled view bounds	classified at operation boundary; conversion pending
src/app/model/draw-order.ts	72	ridersOf	render mark; analysis result	compound-material	const body = slider.links.find((member): member is SliderBlock => member instanceof SliderBlock);	native marks, explicit guide/assembly ownership and sampled view bounds	classified at operation boundary; conversion pending
src/app/model/draw-order.ts	73	ridersOf	render mark; analysis result	point-topology	const pin = body?.joints.find(	native marks, explicit guide/assembly ownership and sampled view bounds	classified at operation boundary; conversion pending
src/app/model/draw-order.ts	74	ridersOf	render mark; analysis result	point-topology	(joint): joint is RealJoint => joint instanceof RealJoint && !(joint instanceof PrisJoint)	native marks, explicit guide/assembly ownership and sampled view bounds	classified at operation boundary; conversion pending
src/app/model/draw-order.ts	78	ridersOf	render mark; analysis result	compound-material	(member): member is RealLink => member instanceof RealLink && !(member instanceof SliderBlock)	native marks, explicit guide/assembly ownership and sampled view bounds	classified at operation boundary; conversion pending
src/app/model/drop-target.ts	117	refuseJointMerge	topology; attachment	point-topology	if (source instanceof PrisJoint || target instanceof PrisJoint) return 'prismatic';	native shared command refusal and explicit pair/assembly identity	classified at operation boundary; conversion pending
src/app/model/drop-target.ts	118	refuseJointMerge	topology; attachment	point-topology	if (!(source instanceof RealJoint) || !(target instanceof RealJoint)) return 'not-a-real-joint';	native shared command refusal and explicit pair/assembly identity	classified at operation boundary; conversion pending
src/app/model/drop-target.ts	187	carriesASlider	topology; attachment	point-topology	return joint.connectedJoints.some((connected) => connected instanceof PrisJoint);	native shared command refusal and explicit pair/assembly identity	classified at operation boundary; conversion pending
src/app/model/drop-target.ts	192	ridesOn	topology; attachment	point-topology	return joint.connectedJoints.some(	native shared command refusal and explicit pair/assembly identity	classified at operation boundary; conversion pending
src/app/model/drop-target.ts	194	ridesOn	topology; attachment	point-topology	connected instanceof PrisJoint &&	native shared command refusal and explicit pair/assembly identity	classified at operation boundary; conversion pending
src/app/model/drop-target.ts	196	ridesOn	topology; attachment	point-topology	connected.carrier!.joints.some((member) => member.id === other.id)	native shared command refusal and explicit pair/assembly identity	classified at operation boundary; conversion pending
src/app/model/drop-target.ts	201	jointIDSet	topology; attachment	point-topology	return new Set(link.joints.map((joint) => (joint.id === replace ? replacement! : joint.id)));	native shared command refusal and explicit pair/assembly identity	classified at operation boundary; conversion pending
src/app/model/drop-target.ts	231	resolveJointDropTarget	topology; attachment	point-topology	if (!(candidate instanceof RevJoint)) return;	native shared command refusal and explicit pair/assembly identity	classified at operation boundary; conversion pending
src/app/model/drop-target.ts	289	resolveSlotDropTarget	topology; attachment	point-topology	if (carrier.joints.some((joint) => joint.id === source.id)) continue;	native shared command refusal and explicit pair/assembly identity	classified at operation boundary; conversion pending
src/app/model/drop-target.ts	338	slotWouldFoldACylinder	topology; attachment	point-topology	const collect = (link: Link) => link.joints.forEach((joint) => members.add(joint.id));	native shared command refusal and explicit pair/assembly identity	classified at operation boundary; conversion pending
src/app/model/drop-target.ts	340	slotWouldFoldACylinder	topology; attachment	compound-material	if (carrier instanceof RealLink) carrier.subset.forEach(collect);	native shared command refusal and explicit pair/assembly identity	classified at operation boundary; conversion pending
src/app/model/drop-target.ts	356	slotJointPools	topology; attachment	compound-material	if (carrier instanceof RealLink && carrier.subset.length > 0) {	native shared command refusal and explicit pair/assembly identity	classified at operation boundary; conversion pending
src/app/model/drop-target.ts	357	slotJointPools	topology; attachment	compound-material	const pools = carrier.subset	native shared command refusal and explicit pair/assembly identity	classified at operation boundary; conversion pending
src/app/model/drop-target.ts	359	slotJointPools	topology; attachment	compound-material	(leaf): leaf is RealLink => leaf instanceof RealLink && !(leaf instanceof SliderBlock)	native shared command refusal and explicit pair/assembly identity	classified at operation boundary; conversion pending
src/app/model/drop-target.ts	361	slotJointPools	topology; attachment	point-topology	.map((leaf) => leaf.joints);	native shared command refusal and explicit pair/assembly identity	classified at operation boundary; conversion pending
src/app/model/drop-target.ts	364	slotJointPools	topology; attachment	point-topology	return [carrier.joints];	native shared command refusal and explicit pair/assembly identity	classified at operation boundary; conversion pending
src/app/model/drop-target.ts	426	resolveDropCandidate	topology; attachment	point-topology	if (!(candidate instanceof RevJoint)) return;	native shared command refusal and explicit pair/assembly identity	classified at operation boundary; conversion pending
src/app/model/force-anchor.ts	37	anchorBodiesOf	attachment; material geometry	compound-material	link.subset.length > 0	explicit material load owner/local point and authored geometry	classified at operation boundary; conversion pending
src/app/model/force-anchor.ts	38	anchorBodiesOf	attachment; material geometry	compound-material	? link.subset.filter((piece): piece is RealLink => piece instanceof RealLink)	explicit material load owner/local point and authored geometry	classified at operation boundary; conversion pending
src/app/model/force-anchor.ts	40	anchorBodiesOf	attachment; material geometry	point-topology	return (pieces.length > 0 ? pieces : [link]).map((piece) => distinctCenters(piece.joints));	explicit material load owner/local point and authored geometry	classified at operation boundary; conversion pending
src/app/model/force.ts	23	<record/template>	attachment; render mark	shape-frame	private _angleRad: number;	native material load/local vector; renderer derives handle	classified at operation boundary; conversion pending
src/app/model/force.ts	82	<record/template>	attachment; render mark	shape-frame	this._angleRad = this.updateAngle(this.startCoord, this.endCoord);	native material load/local vector; renderer derives handle	classified at operation boundary; conversion pending
src/app/model/force.ts	116	moveApplicationPoint	attachment; render mark	shape-frame	this._angleRad = this.updateAngle(this.startCoord, this.endCoord);	native material load/local vector; renderer derives handle	classified at operation boundary; conversion pending
src/app/model/force.ts	126	moveDirectionHandle	attachment; render mark	shape-frame	this._angleRad = this.updateAngle(this.startCoord, this.endCoord);	native material load/local vector; renderer derives handle	classified at operation boundary; conversion pending
src/app/model/force.ts	138	setDirectionRadians	attachment; render mark	shape-frame	this._angleRad = this.normalizeAngle(value);	native material load/local vector; renderer derives handle	classified at operation boundary; conversion pending
src/app/model/force.ts	147	setComponents	attachment; render mark	shape-frame	this._angleRad = Math.atan2(y, x);	native material load/local vector; renderer derives handle	classified at operation boundary; conversion pending
src/app/model/force.ts	154	reverseDirection	attachment; render mark	shape-frame	this.setDirectionRadians(this._angleRad + Math.PI);	native material load/local vector; renderer derives handle	classified at operation boundary; conversion pending
src/app/model/force.ts	207	updateInternalValues	attachment; render mark	shape-frame	this._angleRad = this.updateAngle(this.startCoord, this.endCoord);	native material load/local vector; renderer derives handle	classified at operation boundary; conversion pending
src/app/model/force.ts	226	alignHandleWithDirection	attachment; render mark	shape-frame	this.endCoord.x = this.startCoord.x + Math.cos(this._angleRad) * length;	native material load/local vector; renderer derives handle	classified at operation boundary; conversion pending
src/app/model/force.ts	227	alignHandleWithDirection	attachment; render mark	shape-frame	this.endCoord.y = this.startCoord.y + Math.sin(this._angleRad) * length;	native material load/local vector; renderer derives handle	classified at operation boundary; conversion pending
src/app/model/force.ts	434	angleRad	attachment; render mark	shape-frame	get angleRad(): number {	native material load/local vector; renderer derives handle	classified at operation boundary; conversion pending
src/app/model/force.ts	435	angleRad	attachment; render mark	shape-frame	return this._angleRad;	native material load/local vector; renderer derives handle	classified at operation boundary; conversion pending
src/app/model/force.ts	438	angleRad	attachment; render mark	shape-frame	set angleRad(value: number) {	native material load/local vector; renderer derives handle	classified at operation boundary; conversion pending
src/app/model/force.ts	443	xComp	attachment; render mark	shape-frame	return this.mag * Math.cos(this.angleRad);	native material load/local vector; renderer derives handle	classified at operation boundary; conversion pending
src/app/model/force.ts	451	yComp	attachment; render mark	shape-frame	return this.mag * Math.sin(this.angleRad);	native material load/local vector; renderer derives handle	classified at operation boundary; conversion pending
src/app/model/hold-solver.ts	148	settleHolds	attachment; material geometry; topology	point-topology	for (const id of reach.joints) {	native hold/lock planner and attachment ownership	classified at operation boundary; conversion pending
src/app/model/joint-operation-permission.ts	62	refuseJointOperation	topology; attachment	point-topology	if (!(joint instanceof RealJoint)) {	native shared command refusal and explicit pair/assembly identity	classified at operation boundary; conversion pending
src/app/model/joint-operation-permission.ts	89	refuseWeld	topology; attachment	point-topology	if (joint instanceof PrisJoint) {	native shared command refusal and explicit pair/assembly identity	classified at operation boundary; conversion pending
src/app/model/joint.ts	63	<record/template>	topology; attachment	point-topology	private _connectedJoints: Joint[];	body/joint/attachment records; delete coincident block decomposition	classified at operation boundary; conversion pending
src/app/model/joint.ts	95	<record/template>	topology; attachment	point-topology	connectedJoints: Joint[] = []	body/joint/attachment records; delete coincident block decomposition	classified at operation boundary; conversion pending
src/app/model/joint.ts	101	<record/template>	topology; attachment	point-topology	this._connectedJoints = connectedJoints;	body/joint/attachment records; delete coincident block decomposition	classified at operation boundary; conversion pending
src/app/model/joint.ts	134	connectedJoints	topology; attachment	point-topology	get connectedJoints(): Joint[] {	body/joint/attachment records; delete coincident block decomposition	classified at operation boundary; conversion pending
src/app/model/joint.ts	135	connectedJoints	topology; attachment	point-topology	return this._connectedJoints;	body/joint/attachment records; delete coincident block decomposition	classified at operation boundary; conversion pending
src/app/model/joint.ts	138	connectedJoints	topology; attachment	point-topology	set connectedJoints(value: Joint[]) {	body/joint/attachment records; delete coincident block decomposition	classified at operation boundary; conversion pending
src/app/model/joint.ts	139	connectedJoints	topology; attachment	point-topology	this._connectedJoints = value;	body/joint/attachment records; delete coincident block decomposition	classified at operation boundary; conversion pending
src/app/model/joint.ts	207	<record/template>	topology; attachment	point-topology	connectedJoints: Joint[] = []	body/joint/attachment records; delete coincident block decomposition	classified at operation boundary; conversion pending
src/app/model/joint.ts	209	<record/template>	topology; attachment	point-topology	super(id, x, y, input, ground, links, connectedJoints);	body/joint/attachment records; delete coincident block decomposition	classified at operation boundary; conversion pending
src/app/model/joint.ts	237	<record/template>	topology; attachment	point-topology	connectedJoints: Joint[] = []	body/joint/attachment records; delete coincident block decomposition	classified at operation boundary; conversion pending
src/app/model/joint.ts	239	<record/template>	topology; attachment	point-topology	super(id, x, y, input, ground, links, connectedJoints);	body/joint/attachment records; delete coincident block decomposition	classified at operation boundary; conversion pending
src/app/model/joint.ts	350	isSlotWellFormed	topology; attachment	point-topology	const members = this._carrier.joints;	body/joint/attachment records; delete coincident block decomposition	classified at operation boundary; conversion pending
src/app/model/link-holds.ts	18	holdableBar	attachment; material geometry; topology	compound-material	link instanceof RealLink &&	native hold/lock planner and attachment ownership	classified at operation boundary; conversion pending
src/app/model/link-holds.ts	19	holdableBar	attachment; material geometry; topology	point-topology	link.joints.length === 2 &&	native hold/lock planner and attachment ownership	classified at operation boundary; conversion pending
src/app/model/link-holds.ts	20	holdableBar	attachment; material geometry; topology	compound-material	link.subset.length === 0 &&	native hold/lock planner and attachment ownership	classified at operation boundary; conversion pending
src/app/model/link-holds.ts	21	holdableBar	attachment; material geometry; topology	point-topology	link.joints.every((joint) => joint instanceof RealJoint)	native hold/lock planner and attachment ownership	classified at operation boundary; conversion pending
src/app/model/link-holds.ts	68	jointsOf	attachment; material geometry; topology	point-topology	for (const joint of link.joints) seen.set(joint.id, joint);	native hold/lock planner and attachment ownership	classified at operation boundary; conversion pending
src/app/model/link-holds.ts	97	cylinderHoldCarrier	attachment; material geometry; topology	compound-material	return sealed.barrel instanceof RealLink ? sealed.barrel : undefined;	native hold/lock planner and attachment ownership	classified at operation boundary; conversion pending
src/app/model/link-holds.ts	155	heldBars	attachment; material geometry; topology	point-topology	const [a, b] = sealed ? [sealed.barrelFar, sealed.rodFar] : link.joints;	native hold/lock planner and attachment ownership	classified at operation boundary; conversion pending
src/app/model/link-holds.ts	179	holdJoints	attachment; material geometry; topology	point-topology	.filter((joint): joint is RealJoint => joint instanceof RealJoint)	native hold/lock planner and attachment ownership	classified at operation boundary; conversion pending
src/app/model/link-holds.ts	205	heldBarsAt	attachment; material geometry; topology	point-topology	: link.joints.map((end) => end.id);	native hold/lock planner and attachment ownership	classified at operation boundary; conversion pending
src/app/model/link.ts	139	<record/template>	material geometry; attachment; topology	shape-frame	private _massMoI: number; //The value passed in from the linakge table	material records/local frames and derived group membership	classified at operation boundary; conversion pending
src/app/model/link.ts	326	anchorPoint	material geometry; attachment; topology	point-topology	const pin = this.joints.find((joint) => joint.id === anchor.joint);	material records/local frames and derived group membership	classified at operation boundary; conversion pending
src/app/model/link.ts	344	comFrame	material geometry; attachment; topology	point-topology	const origin = uniformBodyOf(this.joints).centroid;	material records/local frames and derived group membership	classified at operation boundary; conversion pending
src/app/model/link.ts	345	comFrame	material geometry; attachment; topology	point-topology	let a = pair ? this.joints.find((joint) => joint.id === pair[0]) : undefined;	material records/local frames and derived group membership	classified at operation boundary; conversion pending
src/app/model/link.ts	346	comFrame	material geometry; attachment; topology	point-topology	let b = pair ? this.joints.find((joint) => joint.id === pair[1]) : undefined;	material records/local frames and derived group membership	classified at operation boundary; conversion pending
src/app/model/link.ts	351	comFrame	material geometry; attachment; topology	point-topology	for (let i = 0; i < this.joints.length; i++) {	material records/local frames and derived group membership	classified at operation boundary; conversion pending
src/app/model/link.ts	352	comFrame	material geometry; attachment; topology	point-topology	for (let j = i + 1; j < this.joints.length; j++) {	material records/local frames and derived group membership	classified at operation boundary; conversion pending
src/app/model/link.ts	354	comFrame	material geometry; attachment; topology	point-topology	(this.joints[i].x - this.joints[j].x) ** 2 + (this.joints[i].y - this.joints[j].y) ** 2;	material records/local frames and derived group membership	classified at operation boundary; conversion pending
src/app/model/link.ts	357	comFrame	material geometry; attachment; topology	point-topology	a = this.joints[i];	material records/local frames and derived group membership	classified at operation boundary; conversion pending
src/app/model/link.ts	358	comFrame	material geometry; attachment; topology	point-topology	b = this.joints[j];	material records/local frames and derived group membership	classified at operation boundary; conversion pending
src/app/model/link.ts	437	<record/template>	material geometry; attachment; topology	shape-frame	massMoI?: number,	material records/local frames and derived group membership	classified at operation boundary; conversion pending
src/app/model/link.ts	449	<record/template>	material geometry; attachment; topology	shape-frame	this._massMoI = massMoI !== undefined ? massMoI : 0;	material records/local frames and derived group membership	classified at operation boundary; conversion pending
src/app/model/link.ts	454	<record/template>	material geometry; attachment; topology	compound-material	this.subset = subSet;	material records/local frames and derived group membership	classified at operation boundary; conversion pending
src/app/model/link.ts	466	<record/template>	material geometry; attachment; topology	point-topology	visualSource.joints.length >= 2 &&	material records/local frames and derived group membership	classified at operation boundary; conversion pending
src/app/model/link.ts	467	<record/template>	material geometry; attachment; topology	point-topology	this.joints.length >= 2	material records/local frames and derived group membership	classified at operation boundary; conversion pending
src/app/model/link.ts	469	<record/template>	material geometry; attachment; topology	point-topology	const [from, to] = visualSource.joints;	material records/local frames and derived group membership	classified at operation boundary; conversion pending
src/app/model/link.ts	478	<record/template>	material geometry; attachment; topology	shape-frame	this._d = this.getPathString();	material records/local frames and derived group membership	classified at operation boundary; conversion pending
src/app/model/link.ts	488	reComputeDPath	render mark; material geometry	shape-frame	this._d = this.getPathString();	authored material geometry and native view outline; reuse pure path math	classified at operation boundary; conversion pending
src/app/model/link.ts	499	realizeVisualGeometry	render mark; material geometry	point-topology	const [targetStart, targetEnd] = this.joints;	authored material geometry and native view outline; reuse pure path math	classified at operation boundary; conversion pending
src/app/model/link.ts	565	updateLengthAndAngle	material geometry; attachment; topology	point-topology	this._length = getDistance(this.joints[0], this.joints[1]);	material records/local frames and derived group membership	classified at operation boundary; conversion pending
src/app/model/link.ts	566	updateLengthAndAngle	material geometry; attachment; topology	point-topology	this._angle = getAngle(this.joints[0], this.joints[1]);	material records/local frames and derived group membership	classified at operation boundary; conversion pending
src/app/model/link.ts	583	getCompoundPathString	render mark; material geometry	point-topology	leaf.joints.length === 2 &&	authored material geometry and native view outline; reuse pure path math	classified at operation boundary; conversion pending
src/app/model/link.ts	584	getCompoundPathString	render mark; material geometry	point-topology	leaf.joints.some(	authored material geometry and native view outline; reuse pure path math	classified at operation boundary; conversion pending
src/app/model/link.ts	586	getCompoundPathString	render mark; material geometry	point-topology	joint instanceof RealJoint &&	authored material geometry and native view outline; reuse pure path math	classified at operation boundary; conversion pending
src/app/model/link.ts	589	getCompoundPathString	render mark; material geometry	point-topology,compound-material	l instanceof SliderBlock && l.joints.some((j) => j instanceof PrisJoint && j.isSealed)	authored material geometry and native view outline; reuse pure path math	classified at operation boundary; conversion pending
src/app/model/link.ts	593	getCompoundPathString	render mark; material geometry	compound-material	const linkSubset = this.subset.filter(	authored material geometry and native view outline; reuse pure path math	classified at operation boundary; conversion pending
src/app/model/link.ts	595	getCompoundPathString	render mark; material geometry	compound-material	link instanceof RealLink && !(this.subset.length > 1 && drawnElsewhere(link))	authored material geometry and native view outline; reuse pure path math	classified at operation boundary; conversion pending
src/app/model/link.ts	615	getPathString	render mark; material geometry	shape-frame	getPathString(): string {	authored material geometry and native view outline; reuse pure path math	classified at operation boundary; conversion pending
src/app/model/link.ts	616	getPathString	render mark; material geometry	compound-material	return this.subset.length === 0 ? this.getSimplePathString() : this.getCompoundPathString();	authored material geometry and native view outline; reuse pure path math	classified at operation boundary; conversion pending
src/app/model/link.ts	633	outlineLoops	render mark; material geometry	shape-frame	outlineLoops(): { x: number; y: number; bulge: number }[][] {	authored material geometry and native view outline; reuse pure path math	classified at operation boundary; conversion pending
src/app/model/link.ts	634	outlineLoops	render mark; material geometry	compound-material	if (this.subset.length > 0) {	authored material geometry and native view outline; reuse pure path math	classified at operation boundary; conversion pending
src/app/model/link.ts	642	outlineLoops	render mark; material geometry	point-topology	const reach = this.joints.reduce(	authored material geometry and native view outline; reuse pure path math	classified at operation boundary; conversion pending
src/app/model/link.ts	696	getHullPoints	render mark; material geometry	point-topology	const allJoints = this.joints;	authored material geometry and native view outline; reuse pure path math	classified at operation boundary; conversion pending
src/app/model/link.ts	707	isPointInsideHull	render mark; material geometry	point-topology	let points = this.joints.map((j) => [j.x, j.y]);	authored material geometry and native view outline; reuse pure path math	classified at operation boundary; conversion pending
src/app/model/link.ts	760	groundPivot	render mark; material geometry	point-topology	const pivots = this.joints.filter(	authored material geometry and native view outline; reuse pure path math	classified at operation boundary; conversion pending
src/app/model/link.ts	761	groundPivot	render mark; material geometry	point-topology	(joint) => joint instanceof RealJoint && joint.ground && !(joint instanceof PrisJoint)	authored material geometry and native view outline; reuse pure path math	classified at operation boundary; conversion pending
src/app/model/link.ts	768	canBeCircular	render mark; material geometry	compound-material	return this.subset.length === 0 && this.groundPivot() !== undefined;	authored material geometry and native view outline; reuse pure path math	classified at operation boundary; conversion pending
src/app/model/link.ts	782	circularOutline	render mark; material geometry	point-topology	const reach = this.joints.reduce((far, joint) => Math.max(far, getDistance(center, joint)), 0);	authored material geometry and native view outline; reuse pure path math	classified at operation boundary; conversion pending
src/app/model/link.ts	796	getSimplePathString	render mark; material geometry	point-topology	const allJoints = l.joints;	authored material geometry and native view outline; reuse pure path math	classified at operation boundary; conversion pending
src/app/model/link.ts	1073	angleRad	material geometry; attachment; topology	shape-frame	get angleRad(): number {	material records/local frames and derived group membership	classified at operation boundary; conversion pending
src/app/model/link.ts	1077	angleRad	material geometry; attachment; topology	shape-frame	set angleRad(value: number) {	material records/local frames and derived group membership	classified at operation boundary; conversion pending
src/app/model/link.ts	1098	massMoI	material geometry; attachment; topology	shape-frame	get massMoI(): number {	material records/local frames and derived group membership	classified at operation boundary; conversion pending
src/app/model/link.ts	1099	massMoI	material geometry; attachment; topology	shape-frame	return this._massMoI;	material records/local frames and derived group membership	classified at operation boundary; conversion pending
src/app/model/link.ts	1102	massMoI	material geometry; attachment; topology	shape-frame	set massMoI(value: number) {	material records/local frames and derived group membership	classified at operation boundary; conversion pending
src/app/model/link.ts	1103	massMoI	material geometry; attachment; topology	shape-frame	this._massMoI = value;	material records/local frames and derived group membership	classified at operation boundary; conversion pending
src/app/model/link.ts	1151	isWelded	material geometry; attachment; topology	compound-material	return this.subset.length >= 1;	material records/local frames and derived group membership	classified at operation boundary; conversion pending
src/app/model/lock-set.ts	48	allBodies	attachment; material geometry; topology	compound-material	return links.flatMap((link) => [link, ...(link instanceof RealLink ? link.subset : [])]);	native hold/lock planner and attachment ownership	classified at operation boundary; conversion pending
src/app/model/lock-set.ts	66	frozenJointIds	attachment; material geometry; topology	point-topology	if (joint instanceof RealJoint && joint.locked) frozen.add(joint.id);	native hold/lock planner and attachment ownership	classified at operation boundary; conversion pending
src/app/model/lock-set.ts	89	closeOverConsequences	attachment; material geometry; topology	compound-material	if (!(link instanceof SliderBlock)) return;	native hold/lock planner and attachment ownership	classified at operation boundary; conversion pending
src/app/model/lock-set.ts	90	closeOverConsequences	attachment; material geometry; topology	point-topology	const pair = link.joints.map((joint) => joint.id);	native hold/lock planner and attachment ownership	classified at operation boundary; conversion pending
src/app/model/lock-set.ts	129	locksHolding	attachment; material geometry; topology	point-topology	.filter((joint): joint is RealJoint => joint instanceof RealJoint && joint.locked)	native hold/lock planner and attachment ownership	classified at operation boundary; conversion pending
src/app/model/mechanism/anchor.ts	142	coordinateRuleFor	analysis result; topology; material geometry	point-topology	if (!(driven instanceof PrisJoint)) return undefined;	native sample/rate/wrench contracts; topology from compiled ownership	classified at operation boundary; conversion pending
src/app/model/mechanism/anchor.ts	145	coordinateRuleFor	analysis result; topology; material geometry	point-topology	const ends = carrier.joints.filter((member) => member.id !== driven.id);	native sample/rate/wrench contracts; topology from compiled ownership	classified at operation boundary; conversion pending
src/app/model/mechanism/anchor.ts	156	slotAxis	analysis result; topology; material geometry	point-topology	if (!(joint instanceof PrisJoint)) return undefined;	native sample/rate/wrench contracts; topology from compiled ownership	classified at operation boundary; conversion pending
src/app/model/mechanism/bodies.ts	33	assignBodies	topology	point-topology	.filter((link) => link.joints.length > 0 && link.joints.every((j) => (j as RealJoint).ground))	weld compiler and native partition connectivity; delete inferred compound/slot roles	classified at operation boundary; conversion pending
src/app/model/mechanism/bodies.ts	49	assignBodies	topology	point-topology	(link) => link.joints.length > 0 && link.joints.every((j) => (j as RealJoint).ground)	weld compiler and native partition connectivity; delete inferred compound/slot roles	classified at operation boundary; conversion pending
src/app/model/mechanism/bodies.ts	66	assignBodies	topology	point-topology	if (joint instanceof PrisJoint && !joint.ground) {	weld compiler and native partition connectivity; delete inferred compound/slot roles	classified at operation boundary; conversion pending
src/app/model/mechanism/drive-profile.ts	61	driveProfileOf	analysis result; topology; material geometry	point-topology	const frames = mechanism.joints;	native sample/rate/wrench contracts; topology from compiled ownership	classified at operation boundary; conversion pending
src/app/model/mechanism/drive-profile.ts	70	driveProfileOf	analysis result; topology; material geometry	point-topology	const linear = frames[0][at] instanceof PrisJoint;	native sample/rate/wrench contracts; topology from compiled ownership	classified at operation boundary; conversion pending
src/app/model/mechanism/finite-difference-kinematics.ts	40	fillRatesByDifference	analysis result; topology; material geometry	point-topology	const count = Math.min(mechanism.joints.length, mechanism.timeNum.length);	native sample/rate/wrench contracts; topology from compiled ownership	classified at operation boundary; conversion pending
src/app/model/mechanism/finite-difference-kinematics.ts	44	fillRatesByDifference	analysis result; topology; material geometry	point-topology	for (const joint of mechanism.joints[index] ?? []) {	native sample/rate/wrench contracts; topology from compiled ownership	classified at operation boundary; conversion pending
src/app/model/mechanism/finite-difference-kinematics.ts	46	fillRatesByDifference	analysis result; topology; material geometry	point-topology	const xs = (i: number) => mechanism.joints[i]?.find((one) => one.id === joint.id)?.x;	native sample/rate/wrench contracts; topology from compiled ownership	classified at operation boundary; conversion pending
src/app/model/mechanism/finite-difference-kinematics.ts	47	fillRatesByDifference	analysis result; topology; material geometry	point-topology	const ys = (i: number) => mechanism.joints[i]?.find((one) => one.id === joint.id)?.y;	native sample/rate/wrench contracts; topology from compiled ownership	classified at operation boundary; conversion pending
src/app/model/mechanism/finite-difference-kinematics.ts	63	fillRatesByDifference	analysis result; topology; material geometry	compound-material	if (!(link instanceof RealLink)) continue;	native sample/rate/wrench contracts; topology from compiled ownership	classified at operation boundary; conversion pending
src/app/model/mechanism/finite-difference-kinematics.ts	66	fillRatesByDifference	analysis result; topology; material geometry	compound-material	(one): one is RealLink => one.id === link.id && one instanceof RealLink	native sample/rate/wrench contracts; topology from compiled ownership	classified at operation boundary; conversion pending
src/app/model/mechanism/finite-difference-kinematics.ts	87	fillRatesByDifference	analysis result; topology; material geometry	point-topology	if (!body || body.joints.length < 2) return undefined;	native sample/rate/wrench contracts; topology from compiled ownership	classified at operation boundary; conversion pending
src/app/model/mechanism/finite-difference-kinematics.ts	88	fillRatesByDifference	analysis result; topology; material geometry	point-topology	return Math.atan2(body.joints[1].y - body.joints[0].y, body.joints[1].x - body.joints[0].x);	native sample/rate/wrench contracts; topology from compiled ownership	classified at operation boundary; conversion pending
src/app/model/mechanism/force-solver.ts	252	analyzeMechanism	analysis result; topology; material geometry	point-topology	const frameCount = Math.min(mechanism.joints.length, mechanism.links.length);	native sample/rate/wrench contracts; topology from compiled ownership	classified at operation boundary; conversion pending
src/app/model/mechanism/force-solver.ts	286	analyzeMechanism	analysis result; topology; material geometry	point-topology	reactionIndex: this.buildReactionIndex(mechanism.joints[0] ?? [], mechanism.links[0] ?? []),	native sample/rate/wrench contracts; topology from compiled ownership	classified at operation boundary; conversion pending
src/app/model/mechanism/force-solver.ts	312	frameAt	analysis result; topology; material geometry	point-topology	mechanism.joints[index],	native sample/rate/wrench contracts; topology from compiled ownership	classified at operation boundary; conversion pending
src/app/model/mechanism/force-solver.ts	323	frameAt	analysis result; topology; material geometry	point-topology	mechanism.joints[index],	native sample/rate/wrench contracts; topology from compiled ownership	classified at operation boundary; conversion pending
src/app/model/mechanism/force-solver.ts	346	analyzeFrame	analysis result; topology; material geometry	compound-material	link instanceof RealLink || link instanceof SliderBlock	native sample/rate/wrench contracts; topology from compiled ownership	classified at operation boundary; conversion pending
src/app/model/mechanism/force-solver.ts	380	analyzeFrame	analysis result; topology; material geometry	compound-material	const count = body instanceof RealLink ? 3 : 2;	native sample/rate/wrench contracts; topology from compiled ownership	classified at operation boundary; conversion pending
src/app/model/mechanism/force-solver.ts	403	analyzeFrame	analysis result; topology; material geometry	compound-material	!(rider instanceof RealLink) ||	native sample/rate/wrench contracts; topology from compiled ownership	classified at operation boundary; conversion pending
src/app/model/mechanism/force-solver.ts	405	analyzeFrame	analysis result; topology; material geometry	compound-material	(carrier !== undefined && !(carrier instanceof RealLink))	native sample/rate/wrench contracts; topology from compiled ownership	classified at operation boundary; conversion pending
src/app/model/mechanism/force-solver.ts	422	analyzeFrame	analysis result; topology; material geometry	point-topology	(joint): joint is RealJoint => joint instanceof RealJoint && joint.input	native sample/rate/wrench contracts; topology from compiled ownership	classified at operation boundary; conversion pending
src/app/model/mechanism/force-solver.ts	429	analyzeFrame	analysis result; topology; material geometry	point-topology	if (inputJoint instanceof PrisJoint) {	native sample/rate/wrench contracts; topology from compiled ownership	classified at operation boundary; conversion pending
src/app/model/mechanism/force-solver.ts	430	analyzeFrame	analysis result; topology; material geometry	compound-material	inputBody = incident.find((body) => body instanceof SliderBlock);	native sample/rate/wrench contracts; topology from compiled ownership	classified at operation boundary; conversion pending
src/app/model/mechanism/force-solver.ts	436	analyzeFrame	analysis result; topology; material geometry	compound-material	inputBody = incident.find((body) => body instanceof RealLink);	native sample/rate/wrench contracts; topology from compiled ownership	classified at operation boundary; conversion pending
src/app/model/mechanism/force-solver.ts	468	analyzeFrame	analysis result; topology; material geometry	compound-material	if (body instanceof RealLink) {	native sample/rate/wrench contracts; topology from compiled ownership	classified at operation boundary; conversion pending
src/app/model/mechanism/force-solver.ts	505	analyzeFrame	analysis result; topology; material geometry	compound-material	if (inputKind === 'torque' && inputBody instanceof RealLink) {	native sample/rate/wrench contracts; topology from compiled ownership	classified at operation boundary; conversion pending
src/app/model/mechanism/force-solver.ts	515	analyzeFrame	analysis result; topology; material geometry	point-topology	if (inputJoint instanceof PrisJoint && inputJoint.isFloating) {	native sample/rate/wrench contracts; topology from compiled ownership	classified at operation boundary; conversion pending
src/app/model/mechanism/force-solver.ts	529	analyzeFrame	analysis result; topology; material geometry	compound-material	? body instanceof RealLink	native sample/rate/wrench contracts; topology from compiled ownership	classified at operation boundary; conversion pending
src/app/model/mechanism/force-solver.ts	538	analyzeFrame	analysis result; topology; material geometry	compound-material	if (body instanceof RealLink) {	native sample/rate/wrench contracts; topology from compiled ownership	classified at operation boundary; conversion pending
src/app/model/mechanism/force-solver.ts	541	analyzeFrame	analysis result; topology; material geometry	shape-frame	b[rows.start + 2] = body.massMoI * units.inertiaToKgM2 * angularAcceleration;	native sample/rate/wrench contracts; topology from compiled ownership	classified at operation boundary; conversion pending
src/app/model/mechanism/force-solver.ts	544	analyzeFrame	analysis result; topology; material geometry	shape-frame	const fx = force.mag * Math.cos(force.angleRad) * units.forceToN;	native sample/rate/wrench contracts; topology from compiled ownership	classified at operation boundary; conversion pending
src/app/model/mechanism/force-solver.ts	545	analyzeFrame	analysis result; topology; material geometry	shape-frame	const fy = force.mag * Math.sin(force.angleRad) * units.forceToN;	native sample/rate/wrench contracts; topology from compiled ownership	classified at operation boundary; conversion pending
src/app/model/mechanism/force-solver.ts	655	rootBody	analysis result; topology; material geometry	compound-material	(link instanceof RealLink && link.subset.some((member) => contains(member)));	native sample/rate/wrench contracts; topology from compiled ownership	classified at operation boundary; conversion pending
src/app/model/mechanism/force-solver.ts	703	frameBodies	analysis result; topology; material geometry	compound-material	if (!(body instanceof RealLink)) continue;	native sample/rate/wrench contracts; topology from compiled ownership	classified at operation boundary; conversion pending
src/app/model/mechanism/force-solver.ts	704	frameBodies	analysis result; topology; material geometry	point-topology	const pins = body.joints.filter(	native sample/rate/wrench contracts; topology from compiled ownership	classified at operation boundary; conversion pending
src/app/model/mechanism/force-solver.ts	706	frameBodies	analysis result; topology; material geometry	point-topology	joint instanceof RealJoint && joint.ground && !(joint instanceof PrisJoint)	native sample/rate/wrench contracts; topology from compiled ownership	classified at operation boundary; conversion pending
src/app/model/mechanism/force-solver.ts	721	jointsOnFrame	analysis result; topology; material geometry	point-topology	if (frame.has(body.id)) body.joints.forEach((joint) => joints.add(joint.id));	native sample/rate/wrench contracts; topology from compiled ownership	classified at operation boundary; conversion pending
src/app/model/mechanism/force-solver.ts	740	enumerateReactions	analysis result; topology; material geometry	point-topology	if (!(candidate instanceof RealJoint)) continue;	native sample/rate/wrench contracts; topology from compiled ownership	classified at operation boundary; conversion pending
src/app/model/mechanism/force-solver.ts	747	enumerateReactions	analysis result; topology; material geometry	point-topology	if (candidate instanceof PrisJoint) {	native sample/rate/wrench contracts; topology from compiled ownership	classified at operation boundary; conversion pending
src/app/model/mechanism/force-solver.ts	748	enumerateReactions	analysis result; topology; material geometry	compound-material	const piston = incident.find((body) => body instanceof SliderBlock);	native sample/rate/wrench contracts; topology from compiled ownership	classified at operation boundary; conversion pending
src/app/model/mechanism/force-solver.ts	813	buildReactionIndex	analysis result; topology; material geometry	compound-material	link instanceof RealLink || link instanceof SliderBlock	native sample/rate/wrench contracts; topology from compiled ownership	classified at operation boundary; conversion pending
src/app/model/mechanism/force-solver.ts	845	incidentBodies	analysis result; topology; material geometry	point-topology	if (body.joints.some((candidate) => candidate.id === joint.id)) add(body);	native sample/rate/wrench contracts; topology from compiled ownership	classified at operation boundary; conversion pending
src/app/model/mechanism/force-solver.ts	851	incidentBodies	analysis result; topology; material geometry	point-topology	if (joint instanceof PrisJoint && joint.isFloating) {	native sample/rate/wrench contracts; topology from compiled ownership	classified at operation boundary; conversion pending
src/app/model/mechanism/force-solver.ts	871	invalidProperty	analysis result; topology; material geometry	compound-material	if (body instanceof RealLink) {	native sample/rate/wrench contracts; topology from compiled ownership	classified at operation boundary; conversion pending
src/app/model/mechanism/force-solver.ts	872	invalidProperty	analysis result; topology; material geometry	shape-frame	if (!Number.isFinite(body.massMoI) || body.massMoI < 0) {	native sample/rate/wrench contracts; topology from compiled ownership	classified at operation boundary; conversion pending
src/app/model/mechanism/force-solver.ts	878	invalidProperty	analysis result; topology; material geometry	shape-frame	!Number.isFinite(force.angleRad) ||	native sample/rate/wrench contracts; topology from compiled ownership	classified at operation boundary; conversion pending
src/app/model/mechanism/force-solver.ts	897	kinematicsAreComplete	analysis result; topology; material geometry	compound-material	if (body instanceof RealLink) {	native sample/rate/wrench contracts; topology from compiled ownership	classified at operation boundary; conversion pending
src/app/model/mechanism/force-solver.ts	920	captureCurrentKinematics	analysis result; topology; material geometry	compound-material	if (link instanceof RealLink) {	native sample/rate/wrench contracts; topology from compiled ownership	classified at operation boundary; conversion pending
src/app/model/mechanism/force-solver.ts	931	captureCurrentKinematics	analysis result; topology; material geometry	compound-material	} else if (link instanceof SliderBlock) {	native sample/rate/wrench contracts; topology from compiled ownership	classified at operation boundary; conversion pending
src/app/model/mechanism/force-solver.ts	932	captureCurrentKinematics	analysis result; topology; material geometry	point-topology	const movingJoint = link.joints.find((joint) => !(joint instanceof PrisJoint));	native sample/rate/wrench contracts; topology from compiled ownership	classified at operation boundary; conversion pending
src/app/model/mechanism/force-solver.ts	972	finiteDifferenceKinematics	analysis result; topology; material geometry	compound-material	if (body instanceof RealLink) return [body.CoM.x, body.CoM.y];	native sample/rate/wrench contracts; topology from compiled ownership	classified at operation boundary; conversion pending
src/app/model/mechanism/force-solver.ts	973	finiteDifferenceKinematics	analysis result; topology; material geometry	compound-material	if (body instanceof SliderBlock) {	native sample/rate/wrench contracts; topology from compiled ownership	classified at operation boundary; conversion pending
src/app/model/mechanism/force-solver.ts	974	finiteDifferenceKinematics	analysis result; topology; material geometry	point-topology	const moving = body.joints.find((joint) => !(joint instanceof PrisJoint));	native sample/rate/wrench contracts; topology from compiled ownership	classified at operation boundary; conversion pending
src/app/model/mechanism/force-solver.ts	982	finiteDifferenceKinematics	analysis result; topology; material geometry	point-topology,compound-material	if (!(body instanceof RealLink) || body.joints.length < 2) return 0;	native sample/rate/wrench contracts; topology from compiled ownership	classified at operation boundary; conversion pending
src/app/model/mechanism/force-solver.ts	984	finiteDifferenceKinematics	analysis result; topology; material geometry	point-topology	body.joints[1].y - body.joints[0].y,	native sample/rate/wrench contracts; topology from compiled ownership	classified at operation boundary; conversion pending
src/app/model/mechanism/force-solver.ts	985	finiteDifferenceKinematics	analysis result; topology; material geometry	point-topology	body.joints[1].x - body.joints[0].x	native sample/rate/wrench contracts; topology from compiled ownership	classified at operation boundary; conversion pending
src/app/model/mechanism/force-solver.ts	1002	finiteDifferenceKinematics	analysis result; topology; material geometry	compound-material	if (body instanceof RealLink) {	native sample/rate/wrench contracts; topology from compiled ownership	classified at operation boundary; conversion pending
src/app/model/mechanism/force-solver.ts	1008	finiteDifferenceKinematics	analysis result; topology; material geometry	compound-material	} else if (body instanceof SliderBlock) {	native sample/rate/wrench contracts; topology from compiled ownership	classified at operation boundary; conversion pending
src/app/model/mechanism/kinematic-solver.ts	167	settleFixedLinks	analysis result; topology; material geometry	point-topology,compound-material	if (link instanceof SliderBlock || !link.joints.length) continue;	native sample/rate/wrench contracts; topology from compiled ownership	classified at operation boundary; conversion pending
src/app/model/mechanism/kinematic-solver.ts	168	settleFixedLinks	analysis result; topology; material geometry	point-topology	if (!link.joints.every((joint) => (joint as RealJoint).ground)) continue;	native sample/rate/wrench contracts; topology from compiled ownership	classified at operation boundary; conversion pending
src/app/model/mechanism/kinematic-solver.ts	169	settleFixedLinks	analysis result; topology; material geometry	point-topology	const [first, second] = link.joints;	native sample/rate/wrench contracts; topology from compiled ownership	classified at operation boundary; conversion pending
src/app/model/mechanism/kinematic-solver.ts	176	settleFixedLinks	analysis result; topology; material geometry	compound-material	if (link instanceof RealLink) {	native sample/rate/wrench contracts; topology from compiled ownership	classified at operation boundary; conversion pending
src/app/model/mechanism/kinematic-solver.ts	242	matchGuidesToRiders	analysis result; topology; material geometry	compound-material	if (!(link instanceof SliderBlock)) {	native sample/rate/wrench contracts; topology from compiled ownership	classified at operation boundary; conversion pending
src/app/model/mechanism/kinematic-solver.ts	245	matchGuidesToRiders	analysis result; topology; material geometry	point-topology	const guide = link.joints.find(	native sample/rate/wrench contracts; topology from compiled ownership	classified at operation boundary; conversion pending
src/app/model/mechanism/kinematic-solver.ts	247	matchGuidesToRiders	analysis result; topology; material geometry	point-topology	joint instanceof PrisJoint && joint.ground && !joint.isFloating	native sample/rate/wrench contracts; topology from compiled ownership	classified at operation boundary; conversion pending
src/app/model/mechanism/kinematic-solver.ts	249	matchGuidesToRiders	analysis result; topology; material geometry	point-topology	const rider = link.joints.find((joint) => !(joint instanceof PrisJoint));	native sample/rate/wrench contracts; topology from compiled ownership	classified at operation boundary; conversion pending
src/app/model/mechanism/kinematic-solver.ts	279	slotFrame	analysis result; topology; material geometry	point-topology	if (!(slider instanceof PrisJoint) || !slider.carrier || !slider.slotJointA) {	native sample/rate/wrench contracts; topology from compiled ownership	classified at operation boundary; conversion pending
src/app/model/mechanism/kinematic-solver.ts	396	applyConstraintKinematics	analysis result; topology; material geometry	point-topology	const [first, second] = link.joints;	native sample/rate/wrench contracts; topology from compiled ownership	classified at operation boundary; conversion pending
src/app/model/mechanism/kinematic-solver.ts	422	applyConstraintKinematics	analysis result; topology; material geometry	compound-material	if (link instanceof RealLink) {	native sample/rate/wrench contracts; topology from compiled ownership	classified at operation boundary; conversion pending
src/app/model/mechanism/kinematic-solver.ts	442	determineLooplessKinematics	analysis result; topology; material geometry	point-topology	(joint): joint is RealJoint => joint instanceof RealJoint && joint.input	native sample/rate/wrench contracts; topology from compiled ownership	classified at operation boundary; conversion pending
src/app/model/mechanism/kinematic-solver.ts	446	determineLooplessKinematics	analysis result; topology; material geometry	compound-material	link instanceof RealLink &&	native sample/rate/wrench contracts; topology from compiled ownership	classified at operation boundary; conversion pending
src/app/model/mechanism/kinematic-solver.ts	448	determineLooplessKinematics	analysis result; topology; material geometry	point-topology	link.joints.some((joint) => joint.id === inputJoint.id)	native sample/rate/wrench contracts; topology from compiled ownership	classified at operation boundary; conversion pending
src/app/model/mechanism/kinematic-solver.ts	467	determineLooplessKinematics	analysis result; topology; material geometry	point-topology	inputLink.joints.forEach((joint) => {	native sample/rate/wrench contracts; topology from compiled ownership	classified at operation boundary; conversion pending
src/app/model/mechanism/kinematic-solver.ts	480	kinematicsInitializer	analysis result; topology; material geometry	point-topology	if (!(j instanceof RealJoint)) {	native sample/rate/wrench contracts; topology from compiled ownership	classified at operation boundary; conversion pending
src/app/model/mechanism/kinematic-solver.ts	491	kinematicsInitializer	analysis result; topology; material geometry	point-topology	if (!(j instanceof RealJoint)) {	native sample/rate/wrench contracts; topology from compiled ownership	classified at operation boundary; conversion pending
src/app/model/mechanism/kinematic-solver.ts	497	kinematicsInitializer	analysis result; topology; material geometry	point-topology	if (!(inputJoint instanceof RealJoint)) {	native sample/rate/wrench contracts; topology from compiled ownership	classified at operation boundary; conversion pending
src/app/model/mechanism/kinematic-solver.ts	526	kinematicsInitializer	analysis result; topology; material geometry	point-topology,compound-material	if (!(inputLink instanceof SliderBlock) || inputLink.joints === undefined) {	native sample/rate/wrench contracts; topology from compiled ownership	classified at operation boundary; conversion pending
src/app/model/mechanism/kinematic-solver.ts	529	kinematicsInitializer	analysis result; topology; material geometry	point-topology	// The sliding joint, specifically. `instanceof RealJoint` matched the	native sample/rate/wrench contracts; topology from compiled ownership	classified at operation boundary; conversion pending
src/app/model/mechanism/kinematic-solver.ts	533	kinematicsInitializer	analysis result; topology; material geometry	point-topology	const realJoint = inputLink.joints.find((j): j is PrisJoint => j instanceof PrisJoint);	native sample/rate/wrench contracts; topology from compiled ownership	classified at operation boundary; conversion pending
src/app/model/mechanism/kinematic-solver.ts	555	kinematicsInitializer	analysis result; topology; material geometry	point-topology	if (!(realJoint instanceof PrisJoint)) {	native sample/rate/wrench contracts; topology from compiled ownership	classified at operation boundary; conversion pending
src/app/model/mechanism/kinematic-solver.ts	576	kinematicsInitializer	analysis result; topology; material geometry	point-topology	for (const blockJoint of links[this.inputLinkIndex].joints) {	native sample/rate/wrench contracts; topology from compiled ownership	classified at operation boundary; conversion pending
src/app/model/mechanism/kinematic-solver.ts	587	kinematicsInitializer	analysis result; topology; material geometry	compound-material	if (l instanceof SliderBlock) {	native sample/rate/wrench contracts; topology from compiled ownership	classified at operation boundary; conversion pending
src/app/model/mechanism/kinematic-solver.ts	590	kinematicsInitializer	analysis result; topology; material geometry	point-topology	const angle = Math.atan2(l.joints[1].y - l.joints[0].y, l.joints[1].x - l.joints[0].x);	native sample/rate/wrench contracts; topology from compiled ownership	classified at operation boundary; conversion pending
src/app/model/mechanism/kinematic-solver.ts	639	kinematicsInitializer	analysis result; topology; material geometry	compound-material	if (!(link instanceof RealLink)) {	native sample/rate/wrench contracts; topology from compiled ownership	classified at operation boundary; conversion pending
src/app/model/mechanism/kinematic-solver.ts	645	kinematicsInitializer	analysis result; topology; material geometry	point-topology	link.joints.findIndex((j) => {	native sample/rate/wrench contracts; topology from compiled ownership	classified at operation boundary; conversion pending
src/app/model/mechanism/kinematic-solver.ts	646	kinematicsInitializer	analysis result; topology; material geometry	point-topology	if (!(j instanceof RealJoint)) {	native sample/rate/wrench contracts; topology from compiled ownership	classified at operation boundary; conversion pending
src/app/model/mechanism/kinematic-solver.ts	662	kinematicsInitializer	analysis result; topology; material geometry	point-topology	const connectedJoint = link.joints.find((j) => j instanceof RealJoint)!;	native sample/rate/wrench contracts; topology from compiled ownership	classified at operation boundary; conversion pending
src/app/model/mechanism/kinematic-solver.ts	670	kinematicsInitializer	analysis result; topology; material geometry	point-topology	const prisJoint = link.joints.find((jt) => jt instanceof PrisJoint) as PrisJoint;	native sample/rate/wrench contracts; topology from compiled ownership	classified at operation boundary; conversion pending
src/app/model/mechanism/kinematic-solver.ts	678	kinematicsInitializer	analysis result; topology; material geometry	point-topology	link.joints.findIndex((j) => {	native sample/rate/wrench contracts; topology from compiled ownership	classified at operation boundary; conversion pending
src/app/model/mechanism/kinematic-solver.ts	679	kinematicsInitializer	analysis result; topology; material geometry	point-topology	if (!(j instanceof RealJoint)) {	native sample/rate/wrench contracts; topology from compiled ownership	classified at operation boundary; conversion pending
src/app/model/mechanism/kinematic-solver.ts	736	registerSlotUnknowns	analysis result; topology; material geometry	point-topology	frame.carrier.joints.some((joint) => joint instanceof RealJoint && joint.input)	native sample/rate/wrench contracts; topology from compiled ownership	classified at operation boundary; conversion pending
src/app/model/mechanism/kinematic-solver.ts	763	determineAng	analysis result; topology; material geometry	compound-material	if (linkOrJoint instanceof RealLink) {	native sample/rate/wrench contracts; topology from compiled ownership	classified at operation boundary; conversion pending
src/app/model/mechanism/kinematic-solver.ts	772	determineAng	analysis result; topology; material geometry	point-topology	} else if (linkOrJoint instanceof PrisJoint && linkOrJoint.isFloating) {	native sample/rate/wrench contracts; topology from compiled ownership	classified at operation boundary; conversion pending
src/app/model/mechanism/kinematic-solver.ts	822	determineLin	analysis result; topology; material geometry	compound-material	if (simLinks[this.linkIndexMap.get(edge.linkId)!] instanceof SliderBlock) {	native sample/rate/wrench contracts; topology from compiled ownership	classified at operation boundary; conversion pending
src/app/model/mechanism/kinematic-solver.ts	829	determineLin	analysis result; topology; material geometry	compound-material	if (!(desiredLink instanceof RealLink)) {	native sample/rate/wrench contracts; topology from compiled ownership	classified at operation boundary; conversion pending
src/app/model/mechanism/kinematic-solver.ts	841	determineLin	analysis result; topology; material geometry	point-topology	for (const linkJoint of desiredLink.joints) {	native sample/rate/wrench contracts; topology from compiled ownership	classified at operation boundary; conversion pending
src/app/model/mechanism/kinematic-solver.ts	895	isFloatingBlock	analysis result; topology; material geometry	compound-material	link instanceof SliderBlock &&	native sample/rate/wrench contracts; topology from compiled ownership	classified at operation boundary; conversion pending
src/app/model/mechanism/kinematic-solver.ts	896	isFloatingBlock	analysis result; topology; material geometry	point-topology	link.joints.some((joint) => joint instanceof PrisJoint && joint.isFloating)	native sample/rate/wrench contracts; topology from compiled ownership	classified at operation boundary; conversion pending
src/app/model/mechanism/kinematic-solver.ts	920	spreadCarrierMotion	analysis result; topology; material geometry	compound-material	if (!frame || !(frame.carrier instanceof RealLink)) {	native sample/rate/wrench contracts; topology from compiled ownership	classified at operation boundary; conversion pending
src/app/model/mechanism/kinematic-solver.ts	927	spreadCarrierMotion	analysis result; topology; material geometry	point-topology	for (const member of frame.carrier.joints) {	native sample/rate/wrench contracts; topology from compiled ownership	classified at operation boundary; conversion pending
src/app/model/mechanism/kinematic-solver.ts	969	knownCarrierSeed	analysis result; topology; material geometry	point-topology	const grounded = frame.carrier.joints.find(	native sample/rate/wrench contracts; topology from compiled ownership	classified at operation boundary; conversion pending
src/app/model/mechanism/kinematic-solver.ts	970	knownCarrierSeed	analysis result; topology; material geometry	point-topology	(member) => member instanceof RealJoint && member.ground && settled(member.id)	native sample/rate/wrench contracts; topology from compiled ownership	classified at operation boundary; conversion pending
src/app/model/mechanism/kinematic-solver.ts	978	knownCarrierSeed	analysis result; topology; material geometry	point-topology	return frame.carrier.joints.find((member) => settled(member.id));	native sample/rate/wrench contracts; topology from compiled ownership	classified at operation boundary; conversion pending
src/app/model/mechanism/loop-solver.ts	97	determineLoops	topology	point-topology	if (!(j instanceof RealJoint) || !j.ground) {	weld compiler and native partition connectivity; delete inferred compound/slot roles	classified at operation boundary; conversion pending
src/app/model/mechanism/loop-solver.ts	112	determineLoops	topology	point-topology	if (!(desiredGround instanceof RealJoint)) {	weld compiler and native partition connectivity; delete inferred compound/slot roles	classified at operation boundary; conversion pending
src/app/model/mechanism/loop-solver.ts	159	topologySignature	topology	point-topology	if (!(joint instanceof RealJoint)) {	weld compiler and native partition connectivity; delete inferred compound/slot roles	classified at operation boundary; conversion pending
src/app/model/mechanism/loop-solver.ts	164	topologySignature	topology	point-topology	joint instanceof PrisJoint	weld compiler and native partition connectivity; delete inferred compound/slot roles	classified at operation boundary; conversion pending
src/app/model/mechanism/loop-solver.ts	168	topologySignature	topology	point-topology	const linked = joint.connectedJoints.map((one) => one.id).join('.');	weld compiler and native partition connectivity; delete inferred compound/slot roles	classified at operation boundary; conversion pending
src/app/model/mechanism/loop-solver.ts	177	topologySignature	topology	point-topology	parts.push(`${link.id}:${link.joints.map((one) => one.id).join('.')}`);	weld compiler and native partition connectivity; delete inferred compound/slot roles	classified at operation boundary; conversion pending
src/app/model/mechanism/loop-solver.ts	278	<record/template>	topology	point-topology	* The carrier stays out of `PrisJoint.links` and `connectedJoints` — the	weld compiler and native partition connectivity; delete inferred compound/slot roles	classified at operation boundary; conversion pending
src/app/model/mechanism/loop-solver.ts	297	slotAdjacency	topology	point-topology	if (!(joint instanceof PrisJoint) || !joint.isFloating || !joint.isSlotWellFormed) {	weld compiler and native partition connectivity; delete inferred compound/slot roles	classified at operation boundary; conversion pending
src/app/model/mechanism/loop-solver.ts	301	slotAdjacency	topology	point-topology	if (!(anchor instanceof RealJoint)) {	weld compiler and native partition connectivity; delete inferred compound/slot roles	classified at operation boundary; conversion pending
src/app/model/mechanism/loop-solver.ts	325	neighborsOf	topology	point-topology	const linked = joint.connectedJoints	weld compiler and native partition connectivity; delete inferred compound/slot roles	classified at operation boundary; conversion pending
src/app/model/mechanism/loop-solver.ts	326	neighborsOf	topology	point-topology	.filter((candidate): candidate is RealJoint => candidate instanceof RealJoint)	weld compiler and native partition connectivity; delete inferred compound/slot roles	classified at operation boundary; conversion pending
src/app/model/mechanism/loop-solver.ts	382	findGround	topology	point-topology	if (!(joint instanceof RealJoint)) {	weld compiler and native partition connectivity; delete inferred compound/slot roles	classified at operation boundary; conversion pending
src/app/model/mechanism/loop-solver.ts	442	linkBetween	topology	point-topology	link.joints.some((joint) => joint.id === fromId) &&	weld compiler and native partition connectivity; delete inferred compound/slot roles	classified at operation boundary; conversion pending
src/app/model/mechanism/loop-solver.ts	443	linkBetween	topology	point-topology	link.joints.some((joint) => joint.id === toId)	weld compiler and native partition connectivity; delete inferred compound/slot roles	classified at operation boundary; conversion pending
src/app/model/mechanism/mechanism-partition.ts	73	partitionKey	topology	point-topology	.filter((joint) => !(joint instanceof RealJoint && joint.ground))	weld compiler and native partition connectivity; delete inferred compound/slot roles	classified at operation boundary; conversion pending
src/app/model/mechanism/mechanism-partition.ts	113	partitionMechanisms	topology	point-topology	const realJoints = joints.filter((joint): joint is RealJoint => joint instanceof RealJoint);	weld compiler and native partition connectivity; delete inferred compound/slot roles	classified at operation boundary; conversion pending
src/app/model/mechanism/mechanism-partition.ts	162	partitionMechanisms	topology	point-topology	link.joints.forEach((joint) => {	weld compiler and native partition connectivity; delete inferred compound/slot roles	classified at operation boundary; conversion pending
src/app/model/mechanism/mechanism-partition.ts	163	partitionMechanisms	topology	point-topology	entry.joints.add(joint);	weld compiler and native partition connectivity; delete inferred compound/slot roles	classified at operation boundary; conversion pending
src/app/model/mechanism/mechanism-partition.ts	173	partitionMechanisms	topology	point-topology	if (link.joints.some((joint) => entry.joints.has(joint))) {	weld compiler and native partition connectivity; delete inferred compound/slot roles	classified at operation boundary; conversion pending
src/app/model/mechanism/mechanism-partition.ts	175	partitionMechanisms	topology	point-topology	link.joints.forEach((joint) => entry.joints.add(joint));	weld compiler and native partition connectivity; delete inferred compound/slot roles	classified at operation boundary; conversion pending
src/app/model/mechanism/mechanism-partition.ts	181	partitionMechanisms	topology	point-topology	// `links` and `connectedJoints` (§2.3 Option A), so nothing above reaches	weld compiler and native partition connectivity; delete inferred compound/slot roles	classified at operation boundary; conversion pending
src/app/model/mechanism/mechanism-partition.ts	192	partitionMechanisms	topology	point-topology	[...entry.joints].forEach((joint) => {	weld compiler and native partition connectivity; delete inferred compound/slot roles	classified at operation boundary; conversion pending
src/app/model/mechanism/mechanism-partition.ts	193	partitionMechanisms	topology	point-topology	if (!(joint instanceof PrisJoint)) {	weld compiler and native partition connectivity; delete inferred compound/slot roles	classified at operation boundary; conversion pending
src/app/model/mechanism/mechanism-partition.ts	204	partitionMechanisms	topology	point-topology	if (!entry.joints.has(part)) {	weld compiler and native partition connectivity; delete inferred compound/slot roles	classified at operation boundary; conversion pending
src/app/model/mechanism/mechanism-partition.ts	205	partitionMechanisms	topology	point-topology	entry.joints.add(part);	weld compiler and native partition connectivity; delete inferred compound/slot roles	classified at operation boundary; conversion pending
src/app/model/mechanism/mechanism-partition.ts	214	partitionMechanisms	topology	point-topology	part.joints.forEach((railJoint) => {	weld compiler and native partition connectivity; delete inferred compound/slot roles	classified at operation boundary; conversion pending
src/app/model/mechanism/mechanism-partition.ts	215	partitionMechanisms	topology	point-topology	if (!entry.joints.has(railJoint)) {	weld compiler and native partition connectivity; delete inferred compound/slot roles	classified at operation boundary; conversion pending
src/app/model/mechanism/mechanism-partition.ts	216	partitionMechanisms	topology	point-topology	entry.joints.add(railJoint);	weld compiler and native partition connectivity; delete inferred compound/slot roles	classified at operation boundary; conversion pending
src/app/model/mechanism/mechanism-partition.ts	234	partitionMechanisms	topology	point-topology	memberOf(find(body)).joints.add(joint);	weld compiler and native partition connectivity; delete inferred compound/slot roles	classified at operation boundary; conversion pending
src/app/model/mechanism/mechanism-partition.ts	242	partitionMechanisms	topology	point-topology	[...memberOf(component).joints].map((joint) => joint.id).sort(byJointId)[0] ?? '';	weld compiler and native partition connectivity; delete inferred compound/slot roles	classified at operation boundary; conversion pending
src/app/model/mechanism/mechanism-partition.ts	253	partitionMechanisms	topology	point-topology	joints: [...entry.joints],	weld compiler and native partition connectivity; delete inferred compound/slot roles	classified at operation boundary; conversion pending
src/app/model/mechanism/mechanism-partition.ts	265	partitionMechanisms	topology	point-topology	return { joints: [...entry.joints], links: [...entry.links] };	weld compiler and native partition connectivity; delete inferred compound/slot roles	classified at operation boundary; conversion pending
src/app/model/mechanism/mechanism-partition.ts	269	partitionMechanisms	topology	point-topology	members.forEach((entry) => entry.joints.forEach((joint) => placed.add(joint)));	weld compiler and native partition connectivity; delete inferred compound/slot roles	classified at operation boundary; conversion pending
src/app/model/mechanism/mechanism-partition.ts	275	partitionMechanisms	topology	point-topology	(joint) => !placed.has(joint) && (!(joint instanceof RealJoint) || joint.links.length === 0)	weld compiler and native partition connectivity; delete inferred compound/slot roles	classified at operation boundary; conversion pending
src/app/model/mechanism/mechanism-partition.ts	277	partitionMechanisms	topology	point-topology	const fixedLinks = links.filter((link) => !placed.has(link.joints[0]) && link.joints.length > 0);	weld compiler and native partition connectivity; delete inferred compound/slot roles	classified at operation boundary; conversion pending
src/app/model/mechanism/mechanism.ts	127	<record/template>	analysis result; topology; material geometry	point-topology	if (ownJointIds && !ownJointIds.has(clone.id) && clone instanceof RealJoint) {	native sample/rate/wrench contracts; topology from compiled ownership	classified at operation boundary; conversion pending
src/app/model/mechanism/mechanism.ts	133	<record/template>	analysis result; topology; material geometry	point-topology	const linkJoints = l.joints.map((joint) => this._joints[0].find((j) => j.id === joint.id)!);	native sample/rate/wrench contracts; topology from compiled ownership	classified at operation boundary; conversion pending
src/app/model/mechanism/mechanism.ts	136	<record/template>	analysis result; topology; material geometry	compound-material	if (!(l instanceof RealLink)) {	native sample/rate/wrench contracts; topology from compiled ownership	classified at operation boundary; conversion pending
src/app/model/mechanism/mechanism.ts	143	<record/template>	analysis result; topology; material geometry	shape-frame	l.massMoI,	native sample/rate/wrench contracts; topology from compiled ownership	classified at operation boundary; conversion pending
src/app/model/mechanism/mechanism.ts	145	<record/template>	analysis result; topology; material geometry	compound-material	this.cloneLinkSubset(l.subset, this._joints[0], true),	native sample/rate/wrench contracts; topology from compiled ownership	classified at operation boundary; conversion pending
src/app/model/mechanism/mechanism.ts	150	<record/template>	analysis result; topology; material geometry	compound-material	this.restoreLinkSubsetState(l.subset, realLink.subset);	native sample/rate/wrench contracts; topology from compiled ownership	classified at operation boundary; conversion pending
src/app/model/mechanism/mechanism.ts	154	<record/template>	analysis result; topology; material geometry	compound-material	if (!(l instanceof SliderBlock)) {	native sample/rate/wrench contracts; topology from compiled ownership	classified at operation boundary; conversion pending
src/app/model/mechanism/mechanism.ts	166	<record/template>	analysis result; topology; material geometry	compound-material	if (!(link instanceof RealLink)) {	native sample/rate/wrench contracts; topology from compiled ownership	classified at operation boundary; conversion pending
src/app/model/mechanism/mechanism.ts	189	<record/template>	analysis result; topology; material geometry	point-topology	(joint) => joint instanceof PrisJoint && joint.isDangling	native sample/rate/wrench contracts; topology from compiled ownership	classified at operation boundary; conversion pending
src/app/model/mechanism/mechanism.ts	191	<record/template>	analysis result; topology; material geometry	point-topology	const driven = this._joints[0].some((j) => j instanceof RealJoint && j.input);	native sample/rate/wrench contracts; topology from compiled ownership	classified at operation boundary; conversion pending
src/app/model/mechanism/mechanism.ts	226	cloneJointAt	analysis result; topology; material geometry	point-topology	if (source instanceof PrisJoint) {	native sample/rate/wrench contracts; topology from compiled ownership	classified at operation boundary; conversion pending
src/app/model/mechanism/mechanism.ts	236	cloneJointAt	analysis result; topology; material geometry	point-topology	} else if (source instanceof RevJoint) {	native sample/rate/wrench contracts; topology from compiled ownership	classified at operation boundary; conversion pending
src/app/model/mechanism/mechanism.ts	238	cloneJointAt	analysis result; topology; material geometry	point-topology	} else if (source instanceof RealJoint) {	native sample/rate/wrench contracts; topology from compiled ownership	classified at operation boundary; conversion pending
src/app/model/mechanism/mechanism.ts	244	cloneJointAt	analysis result; topology; material geometry	point-topology	if (copy instanceof RealJoint && source instanceof RealJoint) {	native sample/rate/wrench contracts; topology from compiled ownership	classified at operation boundary; conversion pending
src/app/model/mechanism/mechanism.ts	256	wireJointGraph	analysis result; topology; material geometry	point-topology	if (!(joint instanceof RealJoint)) {	native sample/rate/wrench contracts; topology from compiled ownership	classified at operation boundary; conversion pending
src/app/model/mechanism/mechanism.ts	260	wireJointGraph	analysis result; topology; material geometry	point-topology	if (!(source instanceof RealJoint)) {	native sample/rate/wrench contracts; topology from compiled ownership	classified at operation boundary; conversion pending
src/app/model/mechanism/mechanism.ts	266	wireJointGraph	analysis result; topology; material geometry	point-topology	joint.connectedJoints = source.connectedJoints	native sample/rate/wrench contracts; topology from compiled ownership	classified at operation boundary; conversion pending
src/app/model/mechanism/mechanism.ts	269	wireJointGraph	analysis result; topology; material geometry	point-topology	// A slot's carrier and defining joints live outside links/connectedJoints	native sample/rate/wrench contracts; topology from compiled ownership	classified at operation boundary; conversion pending
src/app/model/mechanism/mechanism.ts	273	wireJointGraph	analysis result; topology; material geometry	point-topology	if (joint instanceof PrisJoint) {	native sample/rate/wrench contracts; topology from compiled ownership	classified at operation boundary; conversion pending
src/app/model/mechanism/mechanism.ts	286	cloneLinkSubset	analysis result; topology; material geometry	point-topology	const joints = source.joints	native sample/rate/wrench contracts; topology from compiled ownership	classified at operation boundary; conversion pending
src/app/model/mechanism/mechanism.ts	289	cloneLinkSubset	analysis result; topology; material geometry	point-topology	if (joints.length !== source.joints.length) {	native sample/rate/wrench contracts; topology from compiled ownership	classified at operation boundary; conversion pending
src/app/model/mechanism/mechanism.ts	292	cloneLinkSubset	analysis result; topology; material geometry	compound-material	if (source instanceof RealLink) {	native sample/rate/wrench contracts; topology from compiled ownership	classified at operation boundary; conversion pending
src/app/model/mechanism/mechanism.ts	297	cloneLinkSubset	analysis result; topology; material geometry	shape-frame	source.massMoI,	native sample/rate/wrench contracts; topology from compiled ownership	classified at operation boundary; conversion pending
src/app/model/mechanism/mechanism.ts	298	cloneLinkSubset	analysis result; topology; material geometry	point-topology	this.transportPoint(source.CoM, source.joints, joints),	native sample/rate/wrench contracts; topology from compiled ownership	classified at operation boundary; conversion pending
src/app/model/mechanism/mechanism.ts	299	cloneLinkSubset	analysis result; topology; material geometry	compound-material	this.cloneLinkSubset(source.subset, targetJoints, copyVisualGeometry),	native sample/rate/wrench contracts; topology from compiled ownership	classified at operation boundary; conversion pending
src/app/model/mechanism/mechanism.ts	306	cloneLinkSubset	analysis result; topology; material geometry	compound-material	if (source instanceof SliderBlock) {	native sample/rate/wrench contracts; topology from compiled ownership	classified at operation boundary; conversion pending
src/app/model/mechanism/mechanism.ts	324	restoreLinkSubsetState	analysis result; topology; material geometry	compound-material	if (source instanceof RealLink && target instanceof RealLink) {	native sample/rate/wrench contracts; topology from compiled ownership	classified at operation boundary; conversion pending
src/app/model/mechanism/mechanism.ts	325	restoreLinkSubsetState	analysis result; topology; material geometry	shape-frame	target.massMoI = source.massMoI;	native sample/rate/wrench contracts; topology from compiled ownership	classified at operation boundary; conversion pending
src/app/model/mechanism/mechanism.ts	326	restoreLinkSubsetState	analysis result; topology; material geometry	point-topology	target.CoM = this.transportPoint(source.CoM, source.joints, target.joints);	native sample/rate/wrench contracts; topology from compiled ownership	classified at operation boundary; conversion pending
src/app/model/mechanism/mechanism.ts	328	restoreLinkSubsetState	analysis result; topology; material geometry	compound-material	this.restoreLinkSubsetState(source.subset, target.subset);	native sample/rate/wrench contracts; topology from compiled ownership	classified at operation boundary; conversion pending
src/app/model/mechanism/mechanism.ts	370	isForceAnalysisJoint	analysis result; topology; material geometry	point-topology	return joint instanceof RealJoint && (joint.links.length !== 1 || joint.ground);	native sample/rate/wrench contracts; topology from compiled ownership	classified at operation boundary; conversion pending
src/app/model/mechanism/mechanism.ts	397	determineDegreesOfFreedom	analysis result; topology; material geometry	point-topology	const { bodyOf, bodiesAt, movingBodies } = assignBodies(this.joints[0], this.links[0]);	native sample/rate/wrench contracts; topology from compiled ownership	classified at operation boundary; conversion pending
src/app/model/mechanism/mechanism.ts	399	determineDegreesOfFreedom	analysis result; topology; material geometry	point-topology	const hasGround = this.joints[0].some((j) => j instanceof RealJoint && j.ground);	native sample/rate/wrench contracts; topology from compiled ownership	classified at operation boundary; conversion pending
src/app/model/mechanism/mechanism.ts	409	determineDegreesOfFreedom	analysis result; topology; material geometry	point-topology	this.joints[0].forEach((j) => {	native sample/rate/wrench contracts; topology from compiled ownership	classified at operation boundary; conversion pending
src/app/model/mechanism/mechanism.ts	410	determineDegreesOfFreedom	analysis result; topology; material geometry	point-topology	if (!(j instanceof RealJoint)) {	native sample/rate/wrench contracts; topology from compiled ownership	classified at operation boundary; conversion pending
src/app/model/mechanism/mechanism.ts	448	measuredFreedoms	analysis result; topology; material geometry	point-topology	const { bodyOf, bodiesAt, movingBodies } = assignBodies(this.joints[0], this.links[0]);	native sample/rate/wrench contracts; topology from compiled ownership	classified at operation boundary; conversion pending
src/app/model/mechanism/mechanism.ts	449	measuredFreedoms	analysis result; topology; material geometry	point-topology	return mobilityFromGeometry(this.joints[0], this.links[0], { bodyOf, bodiesAt, movingBodies });	native sample/rate/wrench contracts; topology from compiled ownership	classified at operation boundary; conversion pending
src/app/model/mechanism/mechanism.ts	657	findFullMovementPos	analysis result; topology; material geometry	point-topology	const inputJoint = this.joints[0].find((j) => j instanceof RealJoint && j.input);	native sample/rate/wrench contracts; topology from compiled ownership	classified at operation boundary; conversion pending
src/app/model/mechanism/mechanism.ts	658	findFullMovementPos	analysis result; topology; material geometry	point-topology	const revoluteInput = inputJoint !== undefined && !(inputJoint instanceof PrisJoint);	native sample/rate/wrench contracts; topology from compiled ownership	classified at operation boundary; conversion pending
src/app/model/mechanism/mechanism.ts	666	findFullMovementPos	analysis result; topology; material geometry	point-topology	PositionSolver.determineJointOrder(this.joints[0], this.links[0]);	native sample/rate/wrench contracts; topology from compiled ownership	classified at operation boundary; conversion pending
src/app/model/mechanism/mechanism.ts	674	findFullMovementPos	analysis result; topology; material geometry	point-topology	PositionSolver.settleInitialPose(this.joints[0]);	native sample/rate/wrench contracts; topology from compiled ownership	classified at operation boundary; conversion pending
src/app/model/mechanism/mechanism.ts	699	findFullMovementPos	analysis result; topology; material geometry	point-topology	l.joints.forEach((j) => {	native sample/rate/wrench contracts; topology from compiled ownership	classified at operation boundary; conversion pending
src/app/model/mechanism/mechanism.ts	700	findFullMovementPos	analysis result; topology; material geometry	point-topology	const jointIndex = this.joints[0].findIndex((jt) => jt.id === j.id);	native sample/rate/wrench contracts; topology from compiled ownership	classified at operation boundary; conversion pending
src/app/model/mechanism/mechanism.ts	707	findFullMovementPos	analysis result; topology; material geometry	point-topology	const desiredJointIndex = this.joints[0].findIndex((j) => j.id === desiredJointID);	native sample/rate/wrench contracts; topology from compiled ownership	classified at operation boundary; conversion pending
src/app/model/mechanism/mechanism.ts	717	findFullMovementPos	analysis result; topology; material geometry	point-topology	const desiredJoint = this.joints[0][desiredJointIndex];	native sample/rate/wrench contracts; topology from compiled ownership	classified at operation boundary; conversion pending
src/app/model/mechanism/mechanism.ts	838	findFullMovementPos	analysis result; topology; material geometry	point-topology	this.joints[0].forEach((j) => {	native sample/rate/wrench contracts; topology from compiled ownership	classified at operation boundary; conversion pending
src/app/model/mechanism/mechanism.ts	847	findFullMovementPos	analysis result; topology; material geometry	point-topology	let connectedJoints: Joint[] = [];	native sample/rate/wrench contracts; topology from compiled ownership	classified at operation boundary; conversion pending
src/app/model/mechanism/mechanism.ts	850	findFullMovementPos	analysis result; topology; material geometry	point-topology	connectedJoints.push(this._joints[currentTimeStamp + 1][ji]);	native sample/rate/wrench contracts; topology from compiled ownership	classified at operation boundary; conversion pending
src/app/model/mechanism/mechanism.ts	854	findFullMovementPos	analysis result; topology; material geometry	compound-material	if (!(l instanceof RealLink)) {	native sample/rate/wrench contracts; topology from compiled ownership	classified at operation boundary; conversion pending
src/app/model/mechanism/mechanism.ts	859	findFullMovementPos	analysis result; topology; material geometry	point-topology	connectedJoints,	native sample/rate/wrench contracts; topology from compiled ownership	classified at operation boundary; conversion pending
src/app/model/mechanism/mechanism.ts	861	findFullMovementPos	analysis result; topology; material geometry	shape-frame	l.massMoI,	native sample/rate/wrench contracts; topology from compiled ownership	classified at operation boundary; conversion pending
src/app/model/mechanism/mechanism.ts	862	findFullMovementPos	analysis result; topology; material geometry	point-topology	this.transportPoint(l.CoM, l.joints, connectedJoints),	native sample/rate/wrench contracts; topology from compiled ownership	classified at operation boundary; conversion pending
src/app/model/mechanism/mechanism.ts	863	findFullMovementPos	analysis result; topology; material geometry	compound-material	this.cloneLinkSubset(l.subset, this._joints[currentTimeStamp + 1], true),	native sample/rate/wrench contracts; topology from compiled ownership	classified at operation boundary; conversion pending
src/app/model/mechanism/mechanism.ts	868	findFullMovementPos	analysis result; topology; material geometry	compound-material	this.restoreLinkSubsetState(l.subset, pushLink.subset);	native sample/rate/wrench contracts; topology from compiled ownership	classified at operation boundary; conversion pending
src/app/model/mechanism/mechanism.ts	872	findFullMovementPos	analysis result; topology; material geometry	compound-material	if (!(l instanceof SliderBlock)) {	native sample/rate/wrench contracts; topology from compiled ownership	classified at operation boundary; conversion pending
src/app/model/mechanism/mechanism.ts	875	findFullMovementPos	analysis result; topology; material geometry	point-topology	const newLink = new SliderBlock(l.id, connectedJoints, l.mass);	native sample/rate/wrench contracts; topology from compiled ownership	classified at operation boundary; conversion pending
src/app/model/mechanism/mechanism.ts	881	findFullMovementPos	analysis result; topology; material geometry	point-topology	this.wireJointGraph(currentTimeStamp + 1, this.joints[0]);	native sample/rate/wrench contracts; topology from compiled ownership	classified at operation boundary; conversion pending
src/app/model/mechanism/mechanism.ts	885	findFullMovementPos	analysis result; topology; material geometry	compound-material	if (link === undefined || !(link instanceof RealLink)) {	native sample/rate/wrench contracts; topology from compiled ownership	classified at operation boundary; conversion pending
src/app/model/mechanism/mechanism.ts	888	findFullMovementPos	analysis result; topology; material geometry	point-topology	const start = this.transportPoint(f.startCoord, f.link.joints, link.joints);	native sample/rate/wrench contracts; topology from compiled ownership	classified at operation boundary; conversion pending
src/app/model/mechanism/mechanism.ts	890	findFullMovementPos	analysis result; topology; material geometry	point-topology	? this.transportPoint(f.endCoord, f.link.joints, link.joints)	native sample/rate/wrench contracts; topology from compiled ownership	classified at operation boundary; conversion pending
src/app/model/mechanism/mechanism.ts	1074	findFullMovementPos	analysis result; topology; material geometry	point-topology	this._joints = [start.joints];	native sample/rate/wrench contracts; topology from compiled ownership	classified at operation boundary; conversion pending
src/app/model/mechanism/mechanism.ts	1229	setMechanismInvalid	analysis result; topology; material geometry	point-topology	this.joints = [[]];	native sample/rate/wrench contracts; topology from compiled ownership	classified at operation boundary; conversion pending
src/app/model/mechanism/mechanism.ts	1458	forceTitleRow	analysis result; topology; material geometry	point-topology	for (const joint of this.joints[0].filter((candidate) =>	native sample/rate/wrench contracts; topology from compiled ownership	classified at operation boundary; conversion pending
src/app/model/mechanism/mechanism.ts	1473	forceTitleRow	analysis result; topology; material geometry	point-topology	this.joints[0].forEach((j) => {	native sample/rate/wrench contracts; topology from compiled ownership	classified at operation boundary; conversion pending
src/app/model/mechanism/mechanism.ts	1479	forceTitleRow	analysis result; topology; material geometry	point-topology	this.joints[0].forEach((j) => {	native sample/rate/wrench contracts; topology from compiled ownership	classified at operation boundary; conversion pending
src/app/model/mechanism/mechanism.ts	1489	forceTitleRow	analysis result; topology; material geometry	compound-material	if (l instanceof SliderBlock) {	native sample/rate/wrench contracts; topology from compiled ownership	classified at operation boundary; conversion pending
src/app/model/mechanism/mechanism.ts	1501	forceTitleRow	analysis result; topology; material geometry	compound-material	if (l instanceof SliderBlock) {	native sample/rate/wrench contracts; topology from compiled ownership	classified at operation boundary; conversion pending
src/app/model/mechanism/mechanism.ts	1550	kinematicLoopTitleRow	analysis result; topology; material geometry	point-topology	this.joints[0].forEach((j) => {	native sample/rate/wrench contracts; topology from compiled ownership	classified at operation boundary; conversion pending
src/app/model/mechanism/mechanism.ts	1560	kinematicLoopTitleRow	analysis result; topology; material geometry	compound-material	if (l instanceof SliderBlock) {	native sample/rate/wrench contracts; topology from compiled ownership	classified at operation boundary; conversion pending
src/app/model/mechanism/mechanism.ts	1572	kinematicLoopTitleRow	analysis result; topology; material geometry	compound-material	if (l instanceof SliderBlock) {	native sample/rate/wrench contracts; topology from compiled ownership	classified at operation boundary; conversion pending
src/app/model/mechanism/mechanism.ts	1621	forceAnalysis	analysis result; topology; material geometry	point-topology	this.joints.forEach((_, index) => {	native sample/rate/wrench contracts; topology from compiled ownership	classified at operation boundary; conversion pending
src/app/model/mechanism/mechanism.ts	1627	forceAnalysis	analysis result; topology; material geometry	point-topology	this.joints[index],	native sample/rate/wrench contracts; topology from compiled ownership	classified at operation boundary; conversion pending
src/app/model/mechanism/mechanism.ts	1633	forceAnalysis	analysis result; topology; material geometry	point-topology	this.joints[index],	native sample/rate/wrench contracts; topology from compiled ownership	classified at operation boundary; conversion pending
src/app/model/mechanism/mechanism.ts	1639	forceAnalysis	analysis result; topology; material geometry	point-topology	for (const joint of this.joints[index].filter((candidate) =>	native sample/rate/wrench contracts; topology from compiled ownership	classified at operation boundary; conversion pending
src/app/model/mechanism/mechanism.ts	1667	forceAnalysis	analysis result; topology; material geometry	point-topology	this.joints[index].forEach((j) => {	native sample/rate/wrench contracts; topology from compiled ownership	classified at operation boundary; conversion pending
src/app/model/mechanism/mechanism.ts	1673	forceAnalysis	analysis result; topology; material geometry	point-topology	this.joints[index].forEach((j) => {	native sample/rate/wrench contracts; topology from compiled ownership	classified at operation boundary; conversion pending
src/app/model/mechanism/mechanism.ts	1683	forceAnalysis	analysis result; topology; material geometry	compound-material	if (l instanceof SliderBlock) {	native sample/rate/wrench contracts; topology from compiled ownership	classified at operation boundary; conversion pending
src/app/model/mechanism/mechanism.ts	1695	forceAnalysis	analysis result; topology; material geometry	compound-material	if (l instanceof SliderBlock) {	native sample/rate/wrench contracts; topology from compiled ownership	classified at operation boundary; conversion pending
src/app/model/mechanism/mechanism.ts	1713	kinematicLoopAnalysis	analysis result; topology; material geometry	point-topology	this.joints.forEach((_, index) => {	native sample/rate/wrench contracts; topology from compiled ownership	classified at operation boundary; conversion pending
src/app/model/mechanism/mechanism.ts	1717	kinematicLoopAnalysis	analysis result; topology; material geometry	point-topology	this.joints[index],	native sample/rate/wrench contracts; topology from compiled ownership	classified at operation boundary; conversion pending
src/app/model/mechanism/mechanism.ts	1737	kinematicLoopAnalysis	analysis result; topology; material geometry	point-topology	this.joints[0].forEach((j) => {	native sample/rate/wrench contracts; topology from compiled ownership	classified at operation boundary; conversion pending
src/app/model/mechanism/mechanism.ts	1740	kinematicLoopAnalysis	analysis result; topology; material geometry	point-topology	this.joints[index][KinematicsSolver.jointIndexMap.get(j.id)!].x * posUnitConversion,	native sample/rate/wrench contracts; topology from compiled ownership	classified at operation boundary; conversion pending
src/app/model/mechanism/mechanism.ts	1746	kinematicLoopAnalysis	analysis result; topology; material geometry	point-topology	this.joints[index][KinematicsSolver.jointIndexMap.get(j.id)!].y * posUnitConversion,	native sample/rate/wrench contracts; topology from compiled ownership	classified at operation boundary; conversion pending
src/app/model/mechanism/mechanism.ts	1757	kinematicLoopAnalysis	analysis result; topology; material geometry	compound-material	if (l instanceof SliderBlock) {	native sample/rate/wrench contracts; topology from compiled ownership	classified at operation boundary; conversion pending
src/app/model/mechanism/mechanism.ts	1769	kinematicLoopAnalysis	analysis result; topology; material geometry	compound-material	if (l instanceof SliderBlock) {	native sample/rate/wrench contracts; topology from compiled ownership	classified at operation boundary; conversion pending
src/app/model/mechanism/mobility.ts	283	pivotsOf	topology; attachment; analysis result	point-topology	for (const joint of link.joints) {	native constraint compiler, rank/continuation and accepted body/attachment samples	classified at operation boundary; conversion pending
src/app/model/mechanism/mobility.ts	305	reachOf	topology; attachment; analysis result	point-topology	for (const joint of link.joints) {	native constraint compiler, rank/continuation and accepted body/attachment samples	classified at operation boundary; conversion pending
src/app/model/mechanism/mobility.ts	331	constraintsOf	topology; attachment; analysis result	point-topology	if (!(joint instanceof RealJoint)) continue;	native constraint compiler, rank/continuation and accepted body/attachment samples	classified at operation boundary; conversion pending
src/app/model/mechanism/mobility.ts	336	constraintsOf	topology; attachment; analysis result	point-topology	if (joint instanceof PrisJoint) {	native constraint compiler, rank/continuation and accepted body/attachment samples	classified at operation boundary; conversion pending
src/app/model/mechanism/position-solver.ts	300	isRateUnknown	topology; attachment; analysis result	point-topology	return joint instanceof RealJoint && (!joint.ground || joint instanceof PrisJoint);	native constraint compiler, rank/continuation and accepted body/attachment samples	classified at operation boundary; conversion pending
src/app/model/mechanism/position-solver.ts	577	determineJointOrder	topology; attachment; analysis result	point-topology	if (!(j instanceof RealJoint)) {	native constraint compiler, rank/continuation and accepted body/attachment samples	classified at operation boundary; conversion pending
src/app/model/mechanism/position-solver.ts	580	determineJointOrder	topology; attachment; analysis result	point-topology	if (j instanceof PrisJoint) {	native constraint compiler, rank/continuation and accepted body/attachment samples	classified at operation boundary; conversion pending
src/app/model/mechanism/position-solver.ts	595	determineJointOrder	topology; attachment; analysis result	point-topology	if (!(j instanceof RealJoint)) {	native constraint compiler, rank/continuation and accepted body/attachment samples	classified at operation boundary; conversion pending
src/app/model/mechanism/position-solver.ts	601	determineJointOrder	topology; attachment; analysis result	point-topology	if (!(inputJoint instanceof RealJoint)) {	native constraint compiler, rank/continuation and accepted body/attachment samples	classified at operation boundary; conversion pending
src/app/model/mechanism/position-solver.ts	660	determineJointOrder	topology; attachment; analysis result	point-topology	if (inputJoint instanceof PrisJoint && inputJoint.isSealed) {	native constraint compiler, rank/continuation and accepted body/attachment samples	classified at operation boundary; conversion pending
src/app/model/mechanism/position-solver.ts	673	determineJointOrder	topology; attachment; analysis result	point-topology	if (!(inputJoint instanceof PrisJoint) && !inputJoint.ground) {	native constraint compiler, rank/continuation and accepted body/attachment samples	classified at operation boundary; conversion pending
src/app/model/mechanism/position-solver.ts	677	determineJointOrder	topology; attachment; analysis result	point-topology	inputJoint.connectedJoints.forEach((j) => {	native constraint compiler, rank/continuation and accepted body/attachment samples	classified at operation boundary; conversion pending
src/app/model/mechanism/position-solver.ts	678	determineJointOrder	topology; attachment; analysis result	point-topology	if (!(j instanceof RealJoint)) {	native constraint compiler, rank/continuation and accepted body/attachment samples	classified at operation boundary; conversion pending
src/app/model/mechanism/position-solver.ts	718	determineJointOrder	topology; attachment; analysis result	point-topology	if (!(j instanceof RealJoint)) {	native constraint compiler, rank/continuation and accepted body/attachment samples	classified at operation boundary; conversion pending
src/app/model/mechanism/position-solver.ts	742	mountEnhanced	topology; attachment; analysis result	point-topology	if (!(mount instanceof RealJoint)) continue;	native constraint compiler, rank/continuation and accepted body/attachment samples	classified at operation boundary; conversion pending
src/app/model/mechanism/position-solver.ts	744	mountEnhanced	topology; attachment; analysis result	compound-material	(link) => link instanceof SliderBlock && link.id !== cylinder.block.id	native constraint compiler, rank/continuation and accepted body/attachment samples	classified at operation boundary; conversion pending
src/app/model/mechanism/position-solver.ts	793	routeCoupled	topology; attachment; analysis result	point-topology	.filter((joint): joint is RealJoint => joint instanceof RealJoint)	native constraint compiler, rank/continuation and accepted body/attachment samples	classified at operation boundary; conversion pending
src/app/model/mechanism/position-solver.ts	794	routeCoupled	topology; attachment; analysis result	point-topology	.filter((joint) => !known.includes(joint.id) || joint instanceof PrisJoint)	native constraint compiler, rank/continuation and accepted body/attachment samples	classified at operation boundary; conversion pending
src/app/model/mechanism/position-solver.ts	812	orderCoupledPartition	topology; attachment; analysis result	point-topology	.filter((joint): joint is RealJoint => joint instanceof RealJoint)	native constraint compiler, rank/continuation and accepted body/attachment samples	classified at operation boundary; conversion pending
src/app/model/mechanism/position-solver.ts	814	orderCoupledPartition	topology; attachment; analysis result	point-topology	if (joint instanceof PrisJoint) return !placed.has(joint.id) || joint.ground;	native constraint compiler, rank/continuation and accepted body/attachment samples	classified at operation boundary; conversion pending
src/app/model/mechanism/position-solver.ts	949	finishOrder	topology; attachment; analysis result	point-topology	.filter((j): j is RealJoint => j instanceof RealJoint && !j.ground && !known.includes(j.id))	native constraint compiler, rank/continuation and accepted body/attachment samples	classified at operation boundary; conversion pending
src/app/model/mechanism/position-solver.ts	969	finishOrder	topology; attachment; analysis result	point-topology	.filter((j) => j instanceof RealJoint && !j.ground && !known.includes(j.id))	native constraint compiler, rank/continuation and accepted body/attachment samples	classified at operation boundary; conversion pending
src/app/model/mechanism/position-solver.ts	1000	travelingGrounds	topology; attachment; analysis result	point-topology,compound-material	if (!(link instanceof SliderBlock) || link.joints.length !== 2) continue;	native constraint compiler, rank/continuation and accepted body/attachment samples	classified at operation boundary; conversion pending
src/app/model/mechanism/position-solver.ts	1001	travelingGrounds	topology; attachment; analysis result	point-topology	const slot = link.joints.find((member) => member instanceof PrisJoint);	native constraint compiler, rank/continuation and accepted body/attachment samples	classified at operation boundary; conversion pending
src/app/model/mechanism/position-solver.ts	1002	travelingGrounds	topology; attachment; analysis result	point-topology	const rider = link.joints.find((member) => !(member instanceof PrisJoint));	native constraint compiler, rank/continuation and accepted body/attachment samples	classified at operation boundary; conversion pending
src/app/model/mechanism/position-solver.ts	1003	travelingGrounds	topology; attachment; analysis result	point-topology	if (!(slot instanceof PrisJoint) || !rider) continue;	native constraint compiler, rank/continuation and accepted body/attachment samples	classified at operation boundary; conversion pending
src/app/model/mechanism/position-solver.ts	1058	collectConstraints	topology; attachment; analysis result	point-topology	const members = link.joints;	native constraint compiler, rank/continuation and accepted body/attachment samples	classified at operation boundary; conversion pending
src/app/model/mechanism/position-solver.ts	1059	collectConstraints	topology; attachment; analysis result	compound-material	if (link instanceof SliderBlock) {	native constraint compiler, rank/continuation and accepted body/attachment samples	classified at operation boundary; conversion pending
src/app/model/mechanism/position-solver.ts	1115	collectConstraints	topology; attachment; analysis result	point-topology	if (!(joint instanceof PrisJoint)) continue;	native constraint compiler, rank/continuation and accepted body/attachment samples	classified at operation boundary; conversion pending
src/app/model/mechanism/position-solver.ts	1151	collectConstraints	topology; attachment; analysis result	compound-material	rider.subset.find(	native constraint compiler, rank/continuation and accepted body/attachment samples	classified at operation boundary; conversion pending
src/app/model/mechanism/position-solver.ts	1153	collectConstraints	topology; attachment; analysis result	point-topology	member.joints.length === 2 &&	native constraint compiler, rank/continuation and accepted body/attachment samples	classified at operation boundary; conversion pending
src/app/model/mechanism/position-solver.ts	1154	collectConstraints	topology; attachment; analysis result	point-topology	member.joints.some((one) => one.id === assembly.weldJoint.id)	native constraint compiler, rank/continuation and accepted body/attachment samples	classified at operation boundary; conversion pending
src/app/model/mechanism/position-solver.ts	1156	collectConstraints	topology; attachment; analysis result	point-topology	const other = leaf.joints	native constraint compiler, rank/continuation and accepted body/attachment samples	classified at operation boundary; conversion pending
src/app/model/mechanism/position-solver.ts	1369	registerPinDrive	topology; attachment; analysis result	point-topology	if (inputJoint instanceof PrisJoint || inputJoint.ground) {	native constraint compiler, rank/continuation and accepted body/attachment samples	classified at operation boundary; conversion pending
src/app/model/mechanism/position-solver.ts	1421	registerSlotDrive	topology; attachment; analysis result	point-topology	if (!(inputJoint instanceof PrisJoint)) {	native constraint compiler, rank/continuation and accepted body/attachment samples	classified at operation boundary; conversion pending
src/app/model/mechanism/position-solver.ts	1489	registerCylinderDrive	topology; attachment; analysis result	point-topology	if (!(inputJoint instanceof PrisJoint) || !inputJoint.isSealed) {	native constraint compiler, rank/continuation and accepted body/attachment samples	classified at operation boundary; conversion pending
src/app/model/mechanism/position-solver.ts	1517	drivenBody	topology; attachment; analysis result	point-topology	(link) => !link.joints.some((joint) => joint instanceof PrisJoint)	native constraint compiler, rank/continuation and accepted body/attachment samples	classified at operation boundary; conversion pending
src/app/model/mechanism/position-solver.ts	1519	drivenBody	topology; attachment; analysis result	point-topology	const members = (body ?? inputJoint.links[0])?.joints ?? [];	native constraint compiler, rank/continuation and accepted body/attachment samples	classified at operation boundary; conversion pending
src/app/model/mechanism/position-solver.ts	1547	orderDeferredJoints	topology; attachment; analysis result	point-topology	(j): j is RealJoint => j instanceof RealJoint && !known.includes(j.id)	native constraint compiler, rank/continuation and accepted body/attachment samples	classified at operation boundary; conversion pending
src/app/model/mechanism/position-solver.ts	1607	orderDrivenCylinderMount	topology; attachment; analysis result	point-topology	const reference = joint.connectedJoints.find(	native constraint compiler, rank/continuation and accepted body/attachment samples	classified at operation boundary; conversion pending
src/app/model/mechanism/position-solver.ts	1671	orderSealedCylinderInterior	topology; attachment; analysis result	point-topology	if (placed instanceof RealJoint) {	native constraint compiler, rank/continuation and accepted body/attachment samples	classified at operation boundary; conversion pending
src/app/model/mechanism/position-solver.ts	1939	boundaryMotion	topology; attachment; analysis result	point-topology	(joint): joint is RealJoint => joint instanceof RealJoint && joint.input	native constraint compiler, rank/continuation and accepted body/attachment samples	classified at operation boundary; conversion pending
src/app/model/mechanism/position-solver.ts	1942	boundaryMotion	topology; attachment; analysis result	point-topology	const driven = new Set([input.id, ...input.connectedJoints.map((joint) => joint.id)]);	native constraint compiler, rank/continuation and accepted body/attachment samples	classified at operation boundary; conversion pending
src/app/model/mechanism/position-solver.ts	1943	boundaryMotion	topology; attachment; analysis result	point-topology	const sliding = input instanceof PrisJoint;	native constraint compiler, rank/continuation and accepted body/attachment samples	classified at operation boundary; conversion pending
src/app/model/mechanism/position-solver.ts	1951	boundaryMotion	topology; attachment; analysis result	point-topology	const held = joint instanceof RealJoint && joint.ground && !(joint instanceof PrisJoint);	native constraint compiler, rank/continuation and accepted body/attachment samples	classified at operation boundary; conversion pending
src/app/model/mechanism/position-solver.ts	2455	blockPartner	topology; attachment; analysis result	point-topology	const partner = link.joints.find((candidate) => candidate.id !== joint.id);	native constraint compiler, rank/continuation and accepted body/attachment samples	classified at operation boundary; conversion pending
src/app/model/mechanism/position-solver.ts	2456	blockPartner	topology; attachment; analysis result	point-topology	if (partner instanceof RealJoint) {	native constraint compiler, rank/continuation and accepted body/attachment samples	classified at operation boundary; conversion pending
src/app/model/mechanism/position-solver.ts	2473	orderCoincidentBlock	topology; attachment; analysis result	point-topology	if (!(joint instanceof PrisJoint)) {	native constraint compiler, rank/continuation and accepted body/attachment samples	classified at operation boundary; conversion pending
src/app/model/mechanism/position-solver.ts	2506	orderCarrierFromBlock	topology; attachment; analysis result	point-topology	if (!(candidate instanceof PrisJoint) || !candidate.isFloating) continue;	native constraint compiler, rank/continuation and accepted body/attachment samples	classified at operation boundary; conversion pending
src/app/model/mechanism/position-solver.ts	2512	orderCarrierFromBlock	topology; attachment; analysis result	point-topology	if (!carrier.joints.some((member) => member.id === joint.id)) continue;	native constraint compiler, rank/continuation and accepted body/attachment samples	classified at operation boundary; conversion pending
src/app/model/mechanism/position-solver.ts	2538	orderCarrierFromBlock	topology; attachment; analysis result	point-topology	const anchor = [slotA, slotB, ...carrier.joints].find(	native constraint compiler, rank/continuation and accepted body/attachment samples	classified at operation boundary; conversion pending
src/app/model/mechanism/position-solver.ts	2540	orderCarrierFromBlock	topology; attachment; analysis result	point-topology	!(member instanceof PrisJoint) && member.id !== candidate.id && known.includes(member.id)	native constraint compiler, rank/continuation and accepted body/attachment samples	classified at operation boundary; conversion pending
src/app/model/mechanism/position-solver.ts	2544	orderCarrierFromBlock	topology; attachment; analysis result	point-topology	const targets = carrier.joints	native constraint compiler, rank/continuation and accepted body/attachment samples	classified at operation boundary; conversion pending
src/app/model/mechanism/position-solver.ts	2563	orderCarrierFromBlock	topology; attachment; analysis result	point-topology	if (placed instanceof RealJoint) {	native constraint compiler, rank/continuation and accepted body/attachment samples	classified at operation boundary; conversion pending
src/app/model/mechanism/position-solver.ts	2596	orderSlideAssembly	topology; attachment; analysis result	point-topology	links.some((link) => link.id === id && link.joints.some((m) => m.id === joint.id))	native constraint compiler, rank/continuation and accepted body/attachment samples	classified at operation boundary; conversion pending
src/app/model/mechanism/position-solver.ts	2606	orderSlideAssembly	topology; attachment; analysis result	point-topology	candidate instanceof RealJoint &&	native constraint compiler, rank/continuation and accepted body/attachment samples	classified at operation boundary; conversion pending
src/app/model/mechanism/position-solver.ts	2608	orderSlideAssembly	topology; attachment; analysis result	point-topology	(link) => bodies.includes(link.id) && link.joints.some((m) => m.id === candidate.id)	native constraint compiler, rank/continuation and accepted body/attachment samples	classified at operation boundary; conversion pending
src/app/model/mechanism/position-solver.ts	2625	orderSlideAssembly	topology; attachment; analysis result	point-topology	const movable = members.filter((member) => !member.ground || member instanceof PrisJoint);	native constraint compiler, rank/continuation and accepted body/attachment samples	classified at operation boundary; conversion pending
src/app/model/mechanism/position-solver.ts	2693	slideAssemblySource	topology; attachment; analysis result	point-topology	candidate instanceof PrisJoint &&	native constraint compiler, rank/continuation and accepted body/attachment samples	classified at operation boundary; conversion pending
src/app/model/mechanism/position-solver.ts	2741	slideAssemblyByLink	topology; attachment; analysis result	compound-material	if (inside.has(link.id) || link instanceof SliderBlock) continue;	native constraint compiler, rank/continuation and accepted body/attachment samples	classified at operation boundary; conversion pending
src/app/model/mechanism/position-solver.ts	2742	slideAssemblyByLink	topology; attachment; analysis result	point-topology	if (!link.joints.some((one) => one.id === member.id)) continue;	native constraint compiler, rank/continuation and accepted body/attachment samples	classified at operation boundary; conversion pending
src/app/model/mechanism/position-solver.ts	2743	slideAssemblyByLink	topology; attachment; analysis result	point-topology	const reference = link.joints.find(	native constraint compiler, rank/continuation and accepted body/attachment samples	classified at operation boundary; conversion pending
src/app/model/mechanism/position-solver.ts	2894	orderRiderOnMovingSlot	topology; attachment; analysis result	point-topology	const slider = joint.connectedJoints.find(	native constraint compiler, rank/continuation and accepted body/attachment samples	classified at operation boundary; conversion pending
src/app/model/mechanism/position-solver.ts	2895	orderRiderOnMovingSlot	topology; attachment; analysis result	point-topology	(candidate): candidate is PrisJoint => candidate instanceof PrisJoint && candidate.isFloating	native constraint compiler, rank/continuation and accepted body/attachment samples	classified at operation boundary; conversion pending
src/app/model/mechanism/position-solver.ts	2907	orderRiderOnMovingSlot	topology; attachment; analysis result	point-topology	const reference = joint.connectedJoints.find(	native constraint compiler, rank/continuation and accepted body/attachment samples	classified at operation boundary; conversion pending
src/app/model/mechanism/position-solver.ts	2937	detJointOrder	topology; attachment; analysis result	point-topology	prevJoint.connectedJoints.forEach((cur_joint) => {	native constraint compiler, rank/continuation and accepted body/attachment samples	classified at operation boundary; conversion pending
src/app/model/mechanism/position-solver.ts	2938	detJointOrder	topology; attachment; analysis result	point-topology	if (!(cur_joint instanceof RealJoint)) {	native constraint compiler, rank/continuation and accepted body/attachment samples	classified at operation boundary; conversion pending
src/app/model/mechanism/position-solver.ts	2947	detJointOrder	topology; attachment; analysis result	point-topology	cur_joint.connectedJoints.forEach((j) => {	native constraint compiler, rank/continuation and accepted body/attachment samples	classified at operation boundary; conversion pending
src/app/model/mechanism/position-solver.ts	2953	detJointOrder	topology; attachment; analysis result	point-topology	const sliderJoint = cur_joint.connectedJoints.find(	native constraint compiler, rank/continuation and accepted body/attachment samples	classified at operation boundary; conversion pending
src/app/model/mechanism/position-solver.ts	3025	detJointOrder	topology; attachment; analysis result	point-topology	cur_joint.connectedJoints.forEach((tracer_joint) => {	native constraint compiler, rank/continuation and accepted body/attachment samples	classified at operation boundary; conversion pending
src/app/model/mechanism/position-solver.ts	3026	detJointOrder	topology; attachment; analysis result	point-topology	if (!(tracer_joint instanceof RevJoint)) {	native constraint compiler, rank/continuation and accepted body/attachment samples	classified at operation boundary; conversion pending
src/app/model/mechanism/position-solver.ts	3030	detJointOrder	topology; attachment; analysis result	point-topology	if (tracer_joint instanceof PrisJoint) {	native constraint compiler, rank/continuation and accepted body/attachment samples	classified at operation boundary; conversion pending
src/app/model/mechanism/position-solver.ts	3043	detJointOrder	topology; attachment; analysis result	point-topology	l.joints.findIndex((l_joint) => l_joint.id === prevJoint.id) !== -1 &&	native constraint compiler, rank/continuation and accepted body/attachment samples	classified at operation boundary; conversion pending
src/app/model/mechanism/position-solver.ts	3044	detJointOrder	topology; attachment; analysis result	point-topology	l.joints.findIndex((l_joint) => l_joint.id === cur_joint.id) !== -1	native constraint compiler, rank/continuation and accepted body/attachment samples	classified at operation boundary; conversion pending
src/app/model/mechanism/position-solver.ts	3087	findKnownJoint	topology; attachment; analysis result	point-topology	return joint.connectedJoints.find((jt) => {	native constraint compiler, rank/continuation and accepted body/attachment samples	classified at operation boundary; conversion pending
src/app/model/mechanism/position-solver.ts	3268	attemptPositionAnalysis	topology; attachment; analysis result	point-topology	this.determineTracerForce(f.link.joints[0], f.link.joints[1], f, 'start');	native constraint compiler, rank/continuation and accepted body/attachment samples	classified at operation boundary; conversion pending
src/app/model/mechanism/position-solver.ts	3280	attemptPositionAnalysis	topology; attachment; analysis result	point-topology	this.determineTracerForce(f.link.joints[0], f.link.joints[1], f, 'end');	native constraint compiler, rank/continuation and accepted body/attachment samples	classified at operation boundary; conversion pending
src/app/model/mechanism/position-solver.ts	3349	ridersAreInTheirSlots	topology; attachment; analysis result	point-topology	if (!(joint instanceof PrisJoint)) continue;	native constraint compiler, rank/continuation and accepted body/attachment samples	classified at operation boundary; conversion pending
src/app/model/mechanism/position-solver.ts	3728	shareOneBody	topology; attachment; analysis result	point-topology,compound-material	joint instanceof RealJoint ? joint.links.filter((link) => link instanceof RealLink) : []	native constraint compiler, rank/continuation and accepted body/attachment samples	classified at operation boundary; conversion pending
src/app/model/mechanism/position-solver.ts	3799	setUpSolvingForces	topology; attachment; analysis result	point-topology	const joint1 = f.link.joints[0];	native constraint compiler, rank/continuation and accepted body/attachment samples	classified at operation boundary; conversion pending
src/app/model/mechanism/position-solver.ts	3800	setUpSolvingForces	topology; attachment; analysis result	point-topology	const joint2 = f.link.joints[1];	native constraint compiler, rank/continuation and accepted body/attachment samples	classified at operation boundary; conversion pending
src/app/model/mechanism/readiness.ts	75	readinessOf	topology; attachment; analysis result	point-topology	const dangling = partition.joints.filter(	native constraint compiler, rank/continuation and accepted body/attachment samples	classified at operation boundary; conversion pending
src/app/model/mechanism/readiness.ts	76	readinessOf	topology; attachment; analysis result	point-topology	(joint) => joint instanceof PrisJoint && joint.isDangling	native constraint compiler, rank/continuation and accepted body/attachment samples	classified at operation boundary; conversion pending
src/app/model/mechanism/readiness.ts	103	readinessOf	topology; attachment; analysis result	point-topology	joint instanceof RealJoint &&	native constraint compiler, rank/continuation and accepted body/attachment samples	classified at operation boundary; conversion pending
src/app/model/mechanism/readiness.ts	104	readinessOf	topology; attachment; analysis result	point-topology	!(joint instanceof PrisJoint) &&	native constraint compiler, rank/continuation and accepted body/attachment samples	classified at operation boundary; conversion pending
src/app/model/mechanism/readiness.ts	107	readinessOf	topology; attachment; analysis result	point-topology	joint.links[0].joints.length <= 2	native constraint compiler, rank/continuation and accepted body/attachment samples	classified at operation boundary; conversion pending
src/app/model/mechanism/readiness.ts	124	readinessOf	topology; attachment; analysis result	point-topology	(joint) => joint instanceof RealJoint && joint.isWelded	native constraint compiler, rank/continuation and accepted body/attachment samples	classified at operation boundary; conversion pending
src/app/model/mechanism/readiness.ts	141	readinessOf	topology; attachment; analysis result	point-topology	(joint) => joint instanceof RealJoint && canDrive(joint)	native constraint compiler, rank/continuation and accepted body/attachment samples	classified at operation boundary; conversion pending
src/app/model/mechanism/readiness.ts	229	readinessOf	topology; attachment; analysis result	point-topology	const driven = partition.ownJoints.find((joint) => joint instanceof RealJoint && joint.input);	native constraint compiler, rank/continuation and accepted body/attachment samples	classified at operation boundary; conversion pending
src/app/model/mechanism/readiness.ts	283	factsOf	topology; attachment; analysis result	point-topology	const driven = partition.ownJoints.find((joint) => joint instanceof RealJoint && joint.input) as	native constraint compiler, rank/continuation and accepted body/attachment samples	classified at operation boundary; conversion pending
src/app/model/mechanism/readiness.ts	350	describeUnassigned	topology; attachment; analysis result	point-topology	const sorted = [...chain.joints].sort((a, b) => a.id.localeCompare(b.id));	native constraint compiler, rank/continuation and accepted body/attachment samples	classified at operation boundary; conversion pending
src/app/model/rigid-bodies.ts	18	sharedJointCount	topology	point-topology	return a.joints.filter((joint) => b.joints.some((other) => other.id === joint.id)).length;	weld compiler and native partition connectivity; delete inferred compound/slot roles	classified at operation boundary; conversion pending
src/app/model/rigid-bodies.ts	88	redundantlyHeldJointSets	topology	point-topology	const shared = bodies[i].joints	weld compiler and native partition connectivity; delete inferred compound/slot roles	classified at operation boundary; conversion pending
src/app/model/rigid-bodies.ts	89	redundantlyHeldJointSets	topology	point-topology	.filter((joint) => bodies[j].joints.some((other) => other.id === joint.id))	weld compiler and native partition connectivity; delete inferred compound/slot roles	classified at operation boundary; conversion pending
src/app/model/selection-closure.ts	29	containsLink	selection; topology; attachment; material geometry	compound-material	(root instanceof RealLink && root.subset.some((leaf) => containsLink(leaf, wanted)))	native transaction closure/remap and material records	classified at operation boundary; conversion pending
src/app/model/selection-closure.ts	47	canonicalSelectionClosure	selection; topology; attachment; material geometry	point-topology	const cylinders = sealedCylinderStructures([...joints]);	native transaction closure/remap and material records	classified at operation boundary; conversion pending
src/app/model/selection-closure.ts	64	canonicalSelectionClosure	selection; topology; attachment; material geometry	point-topology	link.joints.forEach(addJoint);	native transaction closure/remap and material records	classified at operation boundary; conversion pending
src/app/model/selection-closure.ts	65	canonicalSelectionClosure	selection; topology; attachment; material geometry	compound-material	if (link instanceof RealLink) link.subset.forEach(addLink);	native transaction closure/remap and material records	classified at operation boundary; conversion pending
src/app/model/selection-closure.ts	78	canonicalSelectionClosure	selection; topology; attachment; material geometry	compound-material	if (part instanceof RealLink) {	native transaction closure/remap and material records	classified at operation boundary; conversion pending
src/app/model/selection-closure.ts	80	canonicalSelectionClosure	selection; topology; attachment; material geometry	compound-material	if (root instanceof RealLink) addPart(root);	native transaction closure/remap and material records	classified at operation boundary; conversion pending
src/app/model/selection-closure.ts	106	canonicalSelectionClosure	selection; topology; attachment; material geometry	point-topology	if (!(joint instanceof RealJoint)) return;	native transaction closure/remap and material records	classified at operation boundary; conversion pending
src/app/model/selection-closure.ts	108	canonicalSelectionClosure	selection; topology; attachment; material geometry	compound-material	.filter((link): link is SliderBlock => link instanceof SliderBlock)	native transaction closure/remap and material records	classified at operation boundary; conversion pending
src/app/model/selection-closure.ts	114	canonicalSelectionClosure	selection; topology; attachment; material geometry	point-topology	.filter((joint): joint is PrisJoint => joint instanceof PrisJoint && joint.isFloating)	native transaction closure/remap and material records	classified at operation boundary; conversion pending
src/app/model/selection-closure.ts	121	canonicalSelectionClosure	selection; topology; attachment; material geometry	compound-material	.filter((link): link is SliderBlock => link instanceof SliderBlock)	native transaction closure/remap and material records	classified at operation boundary; conversion pending
src/app/model/selection-closure.ts	127	canonicalSelectionClosure	selection; topology; attachment; material geometry	point-topology	const frozen = frozenJointIds([...joints], [...links], cylinders);	native transaction closure/remap and material records	classified at operation boundary; conversion pending
src/app/model/selection-transform.ts	79	postOrderRealLinks	selection; attachment; material geometry	compound-material	if (!(link instanceof RealLink) || seen.has(link)) return;	native pose/design transform transaction; immutable sampled pose	classified at operation boundary; conversion pending
src/app/model/selection-transform.ts	81	postOrderRealLinks	selection; attachment; material geometry	compound-material	link.subset.forEach(visit);	native pose/design transform transaction; immutable sampled pose	classified at operation boundary; conversion pending
src/app/model/selection-transform.ts	108	<record/template>	selection; attachment; material geometry	point-topology	closure.joints.forEach((joint) => this.jointStarts.set(joint.id, { x: joint.x, y: joint.y }));	native pose/design transform transaction; immutable sampled pose	classified at operation boundary; conversion pending
src/app/model/selection-transform.ts	109	<record/template>	selection; attachment; material geometry	point-topology	closure.joints	native pose/design transform transaction; immutable sampled pose	classified at operation boundary; conversion pending
src/app/model/selection-transform.ts	110	<record/template>	selection; attachment; material geometry	point-topology	.filter((joint): joint is PrisJoint => joint instanceof PrisJoint && !joint.isFloating)	native pose/design transform transaction; immutable sampled pose	classified at operation boundary; conversion pending
src/app/model/selection-transform.ts	112	<record/template>	selection; attachment; material geometry	point-topology	const xs = closure.joints.map((joint) => joint.x);	native pose/design transform transaction; immutable sampled pose	classified at operation boundary; conversion pending
src/app/model/selection-transform.ts	113	<record/template>	selection; attachment; material geometry	point-topology	const ys = closure.joints.map((joint) => joint.y);	native pose/design transform transaction; immutable sampled pose	classified at operation boundary; conversion pending
src/app/model/selection-transform.ts	127	<record/template>	selection; attachment; material geometry	point-topology	from: link.joints.slice(0, 2).map((joint) => ({ x: joint.x, y: joint.y })),	native pose/design transform transaction; immutable sampled pose	classified at operation boundary; conversion pending
src/app/model/selection-transform.ts	141	<record/template>	selection; attachment; material geometry	point-topology	link.joints.length > 0 && link.joints.every((joint) => this.jointIds.has(joint.id)),	native pose/design transform transaction; immutable sampled pose	classified at operation boundary; conversion pending
src/app/model/selection-transform.ts	181	apply	selection; attachment; material geometry	point-topology	this.closure.joints.forEach((joint) => {	native pose/design transform transaction; immutable sampled pose	classified at operation boundary; conversion pending
src/app/model/selection-transform.ts	198	apply	selection; attachment; material geometry	point-topology	.filter((link) => link.joints.some((joint) => this.jointIds.has(joint.id)))	native pose/design transform transaction; immutable sampled pose	classified at operation boundary; conversion pending
src/app/model/selection-transform.ts	207	applyBody	selection; attachment; material geometry	point-topology	if (!body.link.joints.some((joint) => this.jointIds.has(joint.id))) return;	native pose/design transform transaction; immutable sampled pose	classified at operation boundary; conversion pending
src/app/model/selection-transform.ts	209	applyBody	selection; attachment; material geometry	point-topology	body.allJointsMove ? mapPoint(point) : pointThroughFrame(point, body.from, body.link.joints);	native pose/design transform transaction; immutable sampled pose	classified at operation boundary; conversion pending
src/app/model/selection-transform.ts	218	applyBody	selection; attachment; material geometry	point-topology	: RealLink.determineCenterOfMass(body.link.joints);	native pose/design transform transaction; immutable sampled pose	classified at operation boundary; conversion pending
src/app/model/selection.ts	33	partRef	selection	point-topology	kind: part instanceof RealJoint ? 'joint' : part instanceof Force ? 'force' : 'link',	typed stable selection references and native labels	classified at operation boundary; conversion pending
src/app/model/selection.ts	59	selectableLinks	selection	compound-material	if (!(link instanceof RealLink) || seen.has(link)) return;	typed stable selection references and native labels	classified at operation boundary; conversion pending
src/app/model/selection.ts	62	selectableLinks	selection	compound-material	link.subset.forEach(visit);	typed stable selection references and native labels	classified at operation boundary; conversion pending
src/app/model/selection.ts	76	resolveSelectedParts	selection	point-topology	.filter((joint): joint is RealJoint => joint instanceof RealJoint)	typed stable selection references and native labels	classified at operation boundary; conversion pending
src/app/model/slide-assembly.ts	49	resolveStructure	topology	point-topology	if (!(joint instanceof RealJoint) || joint instanceof PrisJoint) {	weld compiler and native partition connectivity; delete inferred compound/slot roles	classified at operation boundary; conversion pending
src/app/model/slide-assembly.ts	52	resolveStructure	topology	compound-material	const blocks = joint.links.filter((link): link is SliderBlock => link instanceof SliderBlock);	weld compiler and native partition connectivity; delete inferred compound/slot roles	classified at operation boundary; conversion pending
src/app/model/slide-assembly.ts	62	resolveStructure	topology	point-topology	if (block.joints.length !== 2 || !block.joints.includes(joint)) {	weld compiler and native partition connectivity; delete inferred compound/slot roles	classified at operation boundary; conversion pending
src/app/model/slide-assembly.ts	65	resolveStructure	topology	point-topology	const sliders = block.joints.filter((member): member is PrisJoint => member instanceof PrisJoint);	weld compiler and native partition connectivity; delete inferred compound/slot roles	classified at operation boundary; conversion pending
src/app/model/slide-assembly.ts	69	resolveStructure	topology	compound-material	const riders = joint.links.filter((link): link is RealLink => link instanceof RealLink);	weld compiler and native partition connectivity; delete inferred compound/slot roles	classified at operation boundary; conversion pending
src/app/model/slide-assembly.ts	89	slideAssemblyAt	topology	point-topology	if (!(joint instanceof RealJoint) || !joint.isWelded) {	weld compiler and native partition connectivity; delete inferred compound/slot roles	classified at operation boundary; conversion pending
src/app/model/tutorial-steps.ts	31	<record/template>	topology; attachment; analysis result	point-topology	joints.filter((joint): joint is RealJoint => joint instanceof RealJoint);	native construction commands, synthesis poses and tutorial progression/sample readers	classified at operation boundary; conversion pending
src/app/model/tutorial-steps.ts	63	chainedLinks	topology; attachment; analysis result	point-topology	for (const joint of link.joints) {	native construction commands, synthesis poses and tutorial progression/sample readers	classified at operation boundary; conversion pending
src/app/model/tutorial-steps.ts	64	chainedLinks	topology; attachment; analysis result	point-topology	if (!(joint instanceof RealJoint)) continue;	native construction commands, synthesis poses and tutorial progression/sample readers	classified at operation boundary; conversion pending
src/app/model/tutorial-steps.ts	87	chainJoints	topology; attachment; analysis result	point-topology	for (const link of chain) for (const joint of real(link.joints)) joints.add(joint);	native construction commands, synthesis poses and tutorial progression/sample readers	classified at operation boundary; conversion pending
src/app/model/tutorial-steps.ts	88	chainJoints	topology; attachment; analysis result	point-topology	return [...joints];	native construction commands, synthesis poses and tutorial progression/sample readers	classified at operation boundary; conversion pending
src/app/services/active-obj.service.ts	188	updateSelectedObj	selection	point-topology	} else if (newActiveObj instanceof RealJoint) {	typed stable selection references and native labels	classified at operation boundary; conversion pending
src/app/services/active-obj.service.ts	191	updateSelectedObj	selection	compound-material	} else if (newActiveObj instanceof RealLink) {	typed stable selection references and native labels	classified at operation boundary; conversion pending
src/app/services/active-obj.service.ts	280	syncPartSelection	selection	point-topology	if (part instanceof RealJoint) this.selectedJoint = part;	typed stable selection references and native labels	classified at operation boundary; conversion pending
src/app/services/active-obj.service.ts	285	syncPartSelection	selection	point-topology	if (primaryPart instanceof RealJoint) this.selectedJoint = primaryPart;	typed stable selection references and native labels	classified at operation boundary; conversion pending
src/app/services/active-obj.service.ts	286	syncPartSelection	selection	compound-material	else if (primaryPart instanceof RealLink) this.selectedLink = primaryPart;	typed stable selection references and native labels	classified at operation boundary; conversion pending
src/app/services/active-obj.service.ts	294	syncPartSelection	selection	point-topology	: only instanceof RealJoint	typed stable selection references and native labels	classified at operation boundary; conversion pending
src/app/services/analysis-sample.service.ts	162	kinematicSample	analysis result	point-topology	const joints = mechanism.joints[index];	immutable native sample arrays and availability, not editable joint arrays	classified at operation boundary; conversion pending
src/app/services/analysis-sample.service.ts	239	solve	analysis result	point-topology	mechanism.joints[index],	immutable native sample arrays and availability, not editable joint arrays	classified at operation boundary; conversion pending
src/app/services/context-menu-builder.service.ts	101	buildFor	selection; topology; material geometry; render mark	point-topology,compound-material	(target instanceof RealJoint || target instanceof RealLink || target instanceof Force) &&	native selected pair/material and shared command refusal; retain menu renderer	classified at operation boundary; conversion pending
src/app/services/context-menu-builder.service.ts	180	selectionSubtitle	selection; topology; material geometry; render mark	point-topology	[parts.filter((part) => part instanceof RealJoint).length, 'joint', 'joints'],	native selected pair/material and shared command refusal; retain menu renderer	classified at operation boundary; conversion pending
src/app/services/context-menu-builder.service.ts	181	selectionSubtitle	selection; topology; material geometry; render mark	compound-material	[parts.filter((part) => part instanceof RealLink).length, 'link', 'links'],	native selected pair/material and shared command refusal; retain menu renderer	classified at operation boundary; conversion pending
src/app/services/context-menu-builder.service.ts	203	selectionStateRows	selection; topology; material geometry; render mark	point-topology	const joints = parts.filter((part): part is RealJoint => part instanceof RealJoint);	native selected pair/material and shared command refusal; retain menu renderer	classified at operation boundary; conversion pending
src/app/services/context-menu-builder.service.ts	204	selectionStateRows	selection; topology; material geometry; render mark	compound-material	const links = parts.filter((part): part is RealLink => part instanceof RealLink);	native selected pair/material and shared command refusal; retain menu renderer	classified at operation boundary; conversion pending
src/app/services/context-menu-builder.service.ts	441	forJoint	selection; topology; material geometry; render mark	point-topology	if (!(joint instanceof RealJoint)) return { header, groups: [] };	native selected pair/material and shared command refusal; retain menu renderer	classified at operation boundary; conversion pending
src/app/services/context-menu-builder.service.ts	516	jointAttachRows	selection; topology; material geometry; render mark	compound-material	const bars = joint.links.filter((link): link is RealLink => link instanceof RealLink);	native selected pair/material and shared command refusal; retain menu renderer	classified at operation boundary; conversion pending
src/app/services/context-menu-builder.service.ts	654	vectorRows	selection; topology; material geometry; render mark	point-topology	if (part instanceof RealJoint) quantities.push('force');	native selected pair/material and shared command refusal; retain menu renderer	classified at operation boundary; conversion pending
src/app/services/context-menu-builder.service.ts	702	drawingSwitches	selection; topology; material geometry; render mark	point-topology	part instanceof RealJoint	native selected pair/material and shared command refusal; retain menu renderer	classified at operation boundary; conversion pending
src/app/services/context-menu-builder.service.ts	712	drawingSwitches	selection; topology; material geometry; render mark	point-topology	part instanceof RealJoint || quantity !== 'force'	native selected pair/material and shared command refusal; retain menu renderer	classified at operation boundary; conversion pending
src/app/services/context-menu-builder.service.ts	777	deleteJointLabel	selection; topology; material geometry; render mark	compound-material	.filter((link) => !(link instanceof SliderBlock) && !inside.has(link.id));	native selected pair/material and shared command refusal; retain menu renderer	classified at operation boundary; conversion pending
src/app/services/context-menu-builder.service.ts	815	jointSubtitle	selection; topology; material geometry; render mark	point-topology	const bodies = joint instanceof RealJoint ? joint.links : [];	native selected pair/material and shared command refusal; retain menu renderer	classified at operation boundary; conversion pending
src/app/services/context-menu-builder.service.ts	832	jointKind	selection; topology; material geometry; render mark	point-topology	if (joint instanceof PrisJoint) return 'Slider';	native selected pair/material and shared command refusal; retain menu renderer	classified at operation boundary; conversion pending
src/app/services/context-menu-builder.service.ts	834	jointKind	selection; topology; material geometry; render mark	point-topology	if (joint instanceof RealJoint && joint.isWelded) return 'Welded';	native selected pair/material and shared command refusal; retain menu renderer	classified at operation boundary; conversion pending
src/app/services/context-menu-builder.service.ts	835	jointKind	selection; topology; material geometry; render mark	point-topology	if (joint instanceof RealJoint && joint.input) return 'Driven pin';	native selected pair/material and shared command refusal; retain menu renderer	classified at operation boundary; conversion pending
src/app/services/context-menu-builder.service.ts	836	jointKind	selection; topology; material geometry; render mark	point-topology	if (joint instanceof RealJoint && joint.ground) return 'Ground pin';	native selected pair/material and shared command refusal; retain menu renderer	classified at operation boundary; conversion pending
src/app/services/context-menu-builder.service.ts	910	forLink	selection; topology; material geometry; render mark	compound-material	if (!(link instanceof RealLink)) {	native selected pair/material and shared command refusal; retain menu renderer	classified at operation boundary; conversion pending
src/app/services/context-menu-builder.service.ts	1110	lengthOf	selection; topology; material geometry; render mark	point-topology	const [a, b] = link.joints;	native selected pair/material and shared command refusal; retain menu renderer	classified at operation boundary; conversion pending
src/app/services/context-menu-builder.service.ts	1119	angleOf	selection; topology; material geometry; render mark	point-topology	const [a, b] = link.joints;	native selected pair/material and shared command refusal; retain menu renderer	classified at operation boundary; conversion pending
src/app/services/context-menu-builder.service.ts	1156	linkSubtitle	selection; topology; material geometry; render mark	compound-material	if (!sealed && !(link instanceof RealLink)) {	native selected pair/material and shared command refusal; retain menu renderer	classified at operation boundary; conversion pending
src/app/services/context-menu-builder.service.ts	1157	linkSubtitle	selection; topology; material geometry; render mark	point-topology	const joints = link.joints.map((joint) => this.nameOf(joint)).join(', ');	native selected pair/material and shared command refusal; retain menu renderer	classified at operation boundary; conversion pending
src/app/services/context-menu-builder.service.ts	1170	linkSubtitle	selection; topology; material geometry; render mark	point-topology,compound-material	const kind = bar.subset.length > 0 ? 'Compound' : bar.joints.length > 2 ? 'Body' : 'Bar';	native selected pair/material and shared command refusal; retain menu renderer	classified at operation boundary; conversion pending
src/app/services/context-menu-builder.service.ts	1171	linkSubtitle	selection; topology; material geometry; render mark	point-topology	const joints = bar.joints.map((joint) => this.nameOf(joint)).join(', ');	native selected pair/material and shared command refusal; retain menu renderer	classified at operation boundary; conversion pending
src/app/services/edit-permission.service.ts	51	state	topology	point-topology	empty: mechanism.joints.length === 0 && mechanism.links.length === 0,	native document presence/readiness; retain shell/layout/permission model	classified at operation boundary; conversion pending
src/app/services/export/dxf/dxf-export.service.ts	76	createFromStart	analysis result; material geometry; attachment; render mark	point-topology	joints: this.mechanism.joints,	typed native result accessors and authored design geometry; preserve units/export conventions	classified at operation boundary; conversion pending
src/app/services/export/dxf/dxf-export.service.ts	123	createFromStart	analysis result; material geometry; attachment; render mark	point-topology	cylinders: sealedCylinderStructures(this.mechanism.joints).length > 0,	typed native result accessors and authored design geometry; preserve units/export conventions	classified at operation boundary; conversion pending
src/app/services/export/dxf/dxf-export.service.ts	124	createFromStart	analysis result; material geometry; attachment; render mark	point-topology	slots: this.mechanism.joints.some((joint) => joint instanceof PrisJoint),	typed native result accessors and authored design geometry; preserve units/export conventions	classified at operation boundary; conversion pending
src/app/services/export/dxf/dxf-export.service.ts	156	summarize	analysis result; material geometry; attachment; render mark	point-topology	joints: this.mechanism.joints,	typed native result accessors and authored design geometry; preserve units/export conventions	classified at operation boundary; conversion pending
src/app/services/export/dxf/dxf-export.service.ts	277	hasGeometry	analysis result; material geometry; attachment; render mark	point-topology	return this.mechanism.joints.length > 0;	typed native result accessors and authored design geometry; preserve units/export conventions	classified at operation boundary; conversion pending
src/app/services/export/dxf/dxf-export.service.ts	282	originJointChoices	analysis result; material geometry; attachment; render mark	point-topology	return this.mechanism.joints.map((joint) => ({ id: joint.id, name: joint.name || joint.id }));	typed native result accessors and authored design geometry; preserve units/export conventions	classified at operation boundary; conversion pending
src/app/services/export/dxf/dxf-export.service.ts	287	firstGroundJointName	analysis result; material geometry; attachment; render mark	point-topology	const grounded = this.mechanism.joints.find(	typed native result accessors and authored design geometry; preserve units/export conventions	classified at operation boundary; conversion pending
src/app/services/export/dxf/dxf-export.service.ts	288	firstGroundJointName	analysis result; material geometry; attachment; render mark	point-topology	(joint) => joint instanceof RealJoint && joint.ground	typed native result accessors and authored design geometry; preserve units/export conventions	classified at operation boundary; conversion pending
src/app/services/export/dxf/dxf-export.service.ts	308	tracedPaths	analysis result; material geometry; attachment; render mark	point-topology	machine.joints.forEach((frame) => {	typed native result accessors and authored design geometry; preserve units/export conventions	classified at operation boundary; conversion pending
src/app/services/export/dxf/dxf-export.service.ts	335	slotTravels	analysis result; material geometry; attachment; render mark	point-topology	machine.joints.forEach((frame) =>	typed native result accessors and authored design geometry; preserve units/export conventions	classified at operation boundary; conversion pending
src/app/services/export/dxf/dxf-export.service.ts	337	slotTravels	analysis result; material geometry; attachment; render mark	point-topology	if (!(joint instanceof PrisJoint)) return;	typed native result accessors and authored design geometry; preserve units/export conventions	classified at operation boundary; conversion pending
src/app/services/export/dxf/dxf-export.service.ts	386	jointCsv	analysis result; material geometry; attachment; render mark	point-topology	const rows = this.mechanism.joints.map((joint) =>	typed native result accessors and authored design geometry; preserve units/export conventions	classified at operation boundary; conversion pending
src/app/services/export/dxf/dxf-export.service.ts	390	jointCsv	analysis result; material geometry; attachment; render mark	point-topology	joint instanceof PrisJoint ? 'prismatic' : 'revolute',	typed native result accessors and authored design geometry; preserve units/export conventions	classified at operation boundary; conversion pending
src/app/services/export/dxf/dxf-export.service.ts	393	jointCsv	analysis result; material geometry; attachment; render mark	point-topology	joint instanceof RealJoint && joint.ground ? 'yes' : 'no',	typed native result accessors and authored design geometry; preserve units/export conventions	classified at operation boundary; conversion pending
src/app/services/export/dxf/dxf-export.service.ts	394	jointCsv	analysis result; material geometry; attachment; render mark	point-topology	joint instanceof RealJoint && joint.input ? 'yes' : 'no',	typed native result accessors and authored design geometry; preserve units/export conventions	classified at operation boundary; conversion pending
src/app/services/export/dxf/dxf-export.service.ts	409	linkCsv	analysis result; material geometry; attachment; render mark	point-topology	link.joints.map((joint) => joint.id).join(' '),	typed native result accessors and authored design geometry; preserve units/export conventions	classified at operation boundary; conversion pending
src/app/services/export/dxf/dxf-export.service.ts	412	linkCsv	analysis result; material geometry; attachment; render mark	compound-material,shape-frame	link instanceof RealLink ? link.massMoI.toFixed(6) : '',	typed native result accessors and authored design geometry; preserve units/export conventions	classified at operation boundary; conversion pending
src/app/services/export/dxf/dxf-export.service.ts	413	linkCsv	analysis result; material geometry; attachment; render mark	compound-material	link instanceof SliderBlock ? 'prismatic' : 'rigid',	typed native result accessors and authored design geometry; preserve units/export conventions	classified at operation boundary; conversion pending
src/app/services/export/dxf/dxf-export.service.ts	461	dataJson	analysis result; material geometry; attachment; render mark	point-topology	joints: this.mechanism.joints.map((joint) => ({	typed native result accessors and authored design geometry; preserve units/export conventions	classified at operation boundary; conversion pending
src/app/services/export/dxf/dxf-export.service.ts	464	dataJson	analysis result; material geometry; attachment; render mark	point-topology	type: joint instanceof PrisJoint ? 'prismatic' : 'revolute',	typed native result accessors and authored design geometry; preserve units/export conventions	classified at operation boundary; conversion pending
src/app/services/export/dxf/dxf-export.service.ts	467	dataJson	analysis result; material geometry; attachment; render mark	point-topology	grounded: joint instanceof RealJoint && joint.ground,	typed native result accessors and authored design geometry; preserve units/export conventions	classified at operation boundary; conversion pending
src/app/services/export/dxf/dxf-export.service.ts	468	dataJson	analysis result; material geometry; attachment; render mark	point-topology	input: joint instanceof RealJoint && joint.input,	typed native result accessors and authored design geometry; preserve units/export conventions	classified at operation boundary; conversion pending
src/app/services/export/dxf/dxf-export.service.ts	474	dataJson	analysis result; material geometry; attachment; render mark	point-topology	joints: link.joints.map((joint) => joint.id),	typed native result accessors and authored design geometry; preserve units/export conventions	classified at operation boundary; conversion pending
src/app/services/export/dxf/dxf-export.service.ts	477	dataJson	analysis result; material geometry; attachment; render mark	compound-material,shape-frame	inertia: link instanceof RealLink ? link.massMoI : null,	typed native result accessors and authored design geometry; preserve units/export conventions	classified at operation boundary; conversion pending
src/app/services/export/dxf/dxf-export.service.ts	478	dataJson	analysis result; material geometry; attachment; render mark	compound-material	type: link instanceof SliderBlock ? 'prismatic' : 'rigid',	typed native result accessors and authored design geometry; preserve units/export conventions	classified at operation boundary; conversion pending
src/app/services/export/dxf/dxf-export.service.ts	742	connectedLinks	analysis result; material geometry; attachment; render mark	point-topology	const links = joint instanceof RealJoint ? joint.links : [];	typed native result accessors and authored design geometry; preserve units/export conventions	classified at operation boundary; conversion pending
src/app/services/export/dxf/dxf-export.service.ts	750	lengthOf	analysis result; material geometry; attachment; render mark	point-topology	const [a, b] = link.joints;	typed native result accessors and authored design geometry; preserve units/export conventions	classified at operation boundary; conversion pending
src/app/services/export/dxf/link-bodies.ts	105	linkBodies	analysis result; material geometry; attachment; render mark	shape-frame	const loops = link.outlineLoops();	typed native result accessors and authored design geometry; preserve units/export conventions	classified at operation boundary; conversion pending
src/app/services/export/dxf/link-bodies.ts	124	linkBodies	analysis result; material geometry; attachment; render mark	point-topology	link.joints	typed native result accessors and authored design geometry; preserve units/export conventions	classified at operation boundary; conversion pending
src/app/services/export/dxf/link-bodies.ts	125	linkBodies	analysis result; material geometry; attachment; render mark	point-topology	.filter((joint) => !(joint instanceof PrisJoint))	typed native result accessors and authored design geometry; preserve units/export conventions	classified at operation boundary; conversion pending
src/app/services/export/dxf/link-bodies.ts	403	bodyLinks	analysis result; material geometry; attachment; render mark	compound-material	if (link instanceof SliderBlock) return;	typed native result accessors and authored design geometry; preserve units/export conventions	classified at operation boundary; conversion pending
src/app/services/export/dxf/link-bodies.ts	404	bodyLinks	analysis result; material geometry; attachment; render mark	compound-material	if (!(link instanceof RealLink)) return;	typed native result accessors and authored design geometry; preserve units/export conventions	classified at operation boundary; conversion pending
src/app/services/export/dxf/semantic-dxf.ts	81	<record/template>	analysis result; material geometry; attachment; render mark	point-topology	{ name: DXF_LAYER.joints, color: 2 },	typed native result accessors and authored design geometry; preserve units/export conventions	classified at operation boundary; conversion pending
src/app/services/export/dxf/semantic-dxf.ts	114	buildSemanticDxf	analysis result; material geometry; attachment; render mark	point-topology	const cylinders = sealedCylinderStructures(input.joints);	typed native result accessors and authored design geometry; preserve units/export conventions	classified at operation boundary; conversion pending
src/app/services/export/dxf/semantic-dxf.ts	129	buildSemanticDxf	analysis result; material geometry; attachment; render mark	point-topology	input.joints	typed native result accessors and authored design geometry; preserve units/export conventions	classified at operation boundary; conversion pending
src/app/services/export/dxf/semantic-dxf.ts	130	buildSemanticDxf	analysis result; material geometry; attachment; render mark	point-topology	.filter((joint): joint is RealJoint => joint instanceof RealJoint && joint.isWelded)	typed native result accessors and authored design geometry; preserve units/export conventions	classified at operation boundary; conversion pending
src/app/services/export/dxf/semantic-dxf.ts	154	buildSemanticDxf	analysis result; material geometry; attachment; render mark	compound-material	if (!(link instanceof RealLink) || collapsed.has(link.id)) return;	typed native result accessors and authored design geometry; preserve units/export conventions	classified at operation boundary; conversion pending
src/app/services/export/dxf/semantic-dxf.ts	231	buildSemanticDxf	analysis result; material geometry; attachment; render mark	point-topology	input.joints	typed native result accessors and authored design geometry; preserve units/export conventions	classified at operation boundary; conversion pending
src/app/services/export/dxf/semantic-dxf.ts	236	buildSemanticDxf	analysis result; material geometry; attachment; render mark	point-topology	if (joint instanceof PrisJoint) {	typed native result accessors and authored design geometry; preserve units/export conventions	classified at operation boundary; conversion pending
src/app/services/export/dxf/semantic-dxf.ts	266	buildSemanticDxf	analysis result; material geometry; attachment; render mark	point-topology	const pairedPin = blockPins.has(joint.id) && !(joint instanceof PrisJoint);	typed native result accessors and authored design geometry; preserve units/export conventions	classified at operation boundary; conversion pending
src/app/services/export/dxf/semantic-dxf.ts	267	buildSemanticDxf	analysis result; material geometry; attachment; render mark	point-topology	if (!pairedPin && (!(joint instanceof RealJoint) || !joint.isWelded)) {	typed native result accessors and authored design geometry; preserve units/export conventions	classified at operation boundary; conversion pending
src/app/services/export/dxf/semantic-dxf.ts	286	buildSemanticDxf	analysis result; material geometry; attachment; render mark	point-topology	layer: DXF_LAYER.joints,	typed native result accessors and authored design geometry; preserve units/export conventions	classified at operation boundary; conversion pending
src/app/services/export/dxf/semantic-dxf.ts	291	buildSemanticDxf	analysis result; material geometry; attachment; render mark	point-topology	if (choices.includeGroundPoints && joint instanceof RealJoint && joint.ground) {	typed native result accessors and authored design geometry; preserve units/export conventions	classified at operation boundary; conversion pending
src/app/services/export/dxf/semantic-dxf.ts	314	buildSemanticDxf	analysis result; material geometry; attachment; render mark	point-topology	if (joint instanceof RealJoint && joint.isWelded && !cylinderInterior.has(joint.id)) {	typed native result accessors and authored design geometry; preserve units/export conventions	classified at operation boundary; conversion pending
src/app/services/export/dxf/semantic-dxf.ts	315	buildSemanticDxf	analysis result; material geometry; attachment; render mark	point-topology	entities.push(...weldMark(point(joint), 0.1 * symbolScale, DXF_LAYER.joints));	typed native result accessors and authored design geometry; preserve units/export conventions	classified at operation boundary; conversion pending
src/app/services/export/dxf/semantic-dxf.ts	317	buildSemanticDxf	analysis result; material geometry; attachment; render mark	point-topology	if (input.includeKinematicAnnotations !== false && joint instanceof RealJoint) {	typed native result accessors and authored design geometry; preserve units/export conventions	classified at operation boundary; conversion pending
src/app/services/export/dxf/semantic-dxf.ts	326	buildSemanticDxf	analysis result; material geometry; attachment; render mark	point-topology	{ ...at, slotAngle: joint instanceof PrisJoint ? joint.slotAngle : undefined },	typed native result accessors and authored design geometry; preserve units/export conventions	classified at operation boundary; conversion pending
src/app/services/export/dxf/semantic-dxf.ts	334	buildSemanticDxf	analysis result; material geometry; attachment; render mark	point-topology	if (input.includeLabels && !(joint instanceof PrisJoint)) {	typed native result accessors and authored design geometry; preserve units/export conventions	classified at operation boundary; conversion pending
src/app/services/export/dxf/semantic-dxf.ts	361	buildSemanticDxf	analysis result; material geometry; attachment; render mark	point-topology	entities.push(...slotTravelPoints(input.joints, point, symbolScale));	typed native result accessors and authored design geometry; preserve units/export conventions	classified at operation boundary; conversion pending
src/app/services/export/dxf/semantic-dxf.ts	372	buildSemanticDxf	analysis result; material geometry; attachment; render mark	point-topology	: [input.joints.map((joint) => joint.id)];	typed native result accessors and authored design geometry; preserve units/export conventions	classified at operation boundary; conversion pending
src/app/services/export/dxf/semantic-dxf.ts	376	buildSemanticDxf	analysis result; material geometry; attachment; render mark	point-topology	input.joints.filter((joint) => mine.has(joint.id)),	typed native result accessors and authored design geometry; preserve units/export conventions	classified at operation boundary; conversion pending
src/app/services/export/dxf/semantic-dxf.ts	449	slotCarrierLayer	analysis result; material geometry; attachment; render mark	compound-material	link instanceof RealLink &&	typed native result accessors and authored design geometry; preserve units/export conventions	classified at operation boundary; conversion pending
src/app/services/export/dxf/semantic-dxf.ts	450	slotCarrierLayer	analysis result; material geometry; attachment; render mark	point-topology	link.joints.some((one) => one.id === joint.slotJointA!.id) &&	typed native result accessors and authored design geometry; preserve units/export conventions	classified at operation boundary; conversion pending
src/app/services/export/dxf/semantic-dxf.ts	451	slotCarrierLayer	analysis result; material geometry; attachment; render mark	point-topology	link.joints.some((one) => one.id === joint.slotJointB!.id)	typed native result accessors and authored design geometry; preserve units/export conventions	classified at operation boundary; conversion pending
src/app/services/export/dxf/semantic-dxf.ts	486	originShift	analysis result; material geometry; attachment; render mark	point-topology	const xs = input.joints.map((joint) => joint.x);	typed native result accessors and authored design geometry; preserve units/export conventions	classified at operation boundary; conversion pending
src/app/services/export/dxf/semantic-dxf.ts	487	originShift	analysis result; material geometry; attachment; render mark	point-topology	const ys = input.joints.map((joint) => joint.y);	typed native result accessors and authored design geometry; preserve units/export conventions	classified at operation boundary; conversion pending
src/app/services/export/dxf/semantic-dxf.ts	495	originShift	analysis result; material geometry; attachment; render mark	point-topology	const chosen = input.joints.find((joint) => joint.id === choices.originJointId);	typed native result accessors and authored design geometry; preserve units/export conventions	classified at operation boundary; conversion pending
src/app/services/export/dxf/semantic-dxf.ts	499	originShift	analysis result; material geometry; attachment; render mark	point-topology	const grounded = input.joints.find((joint) => joint instanceof RealJoint && joint.ground);	typed native result accessors and authored design geometry; preserve units/export conventions	classified at operation boundary; conversion pending
src/app/services/export/dxf/semantic-dxf.ts	514	addGroundPlate	analysis result; material geometry; attachment; render mark	point-topology	const fixed = mine.filter((joint) => joint instanceof RealJoint && joint.ground);	typed native result accessors and authored design geometry; preserve units/export conventions	classified at operation boundary; conversion pending
src/app/services/export/dxf/semantic-dxf.ts	520	addGroundPlate	analysis result; material geometry; attachment; render mark	point-topology	.filter((joint): joint is PrisJoint => joint instanceof PrisJoint && !joint.isFloating)	typed native result accessors and authored design geometry; preserve units/export conventions	classified at operation boundary; conversion pending
src/app/services/export/dxf/semantic-dxf.ts	567	slotTravelPoints	analysis result; material geometry; attachment; render mark	point-topology	.filter((joint): joint is PrisJoint => joint instanceof PrisJoint)	typed native result accessors and authored design geometry; preserve units/export conventions	classified at operation boundary; conversion pending
src/app/services/export/dxf/semantic-dxf.ts	789	semanticAxes	analysis result; material geometry; attachment; render mark	compound-material	.filter((link): link is RealLink => link instanceof RealLink && !excluded.has(link.id))	typed native result accessors and authored design geometry; preserve units/export conventions	classified at operation boundary; conversion pending
src/app/services/export/dxf/semantic-dxf.ts	790	semanticAxes	analysis result; material geometry; attachment; render mark	point-topology	.filter((link) => link.joints.length >= 2)	typed native result accessors and authored design geometry; preserve units/export conventions	classified at operation boundary; conversion pending
src/app/services/export/dxf/semantic-dxf.ts	798	semanticAxes	analysis result; material geometry; attachment; render mark	point-topology	const ring = outlineOrder(link.joints);	typed native result accessors and authored design geometry; preserve units/export conventions	classified at operation boundary; conversion pending
src/app/services/export/dxf/semantic-dxf.ts	818	outlineOrder	analysis result; material geometry; attachment; render mark	point-topology	if (joints.length < 3) return [...joints];	typed native result accessors and authored design geometry; preserve units/export conventions	classified at operation boundary; conversion pending
src/app/services/export/dxf/semantic-dxf.ts	823	outlineOrder	analysis result; material geometry; attachment; render mark	point-topology	return [...joints].sort(	typed native result accessors and authored design geometry; preserve units/export conventions	classified at operation boundary; conversion pending
src/app/services/export/dxf/semantic-dxf.ts	835	leavesOf	analysis result; material geometry; attachment; render mark	compound-material	return link instanceof SliderBlock	typed native result accessors and authored design geometry; preserve units/export conventions	classified at operation boundary; conversion pending
src/app/services/export/dxf/semantic-dxf.ts	837	leavesOf	analysis result; material geometry; attachment; render mark	compound-material	: link instanceof RealLink && link.subset.length > 0	typed native result accessors and authored design geometry; preserve units/export conventions	classified at operation boundary; conversion pending
src/app/services/export/dxf/semantic-dxf.ts	838	leavesOf	analysis result; material geometry; attachment; render mark	compound-material	? link.subset.flatMap(leavesOf)	typed native result accessors and authored design geometry; preserve units/export conventions	classified at operation boundary; conversion pending
src/app/services/export/dxf/semantic-dxf.ts	869	sliderBlockPinIds	analysis result; material geometry; attachment; render mark	compound-material	.filter((link): link is SliderBlock => link instanceof SliderBlock)	typed native result accessors and authored design geometry; preserve units/export conventions	classified at operation boundary; conversion pending
src/app/services/export/dxf/semantic-dxf.ts	871	sliderBlockPinIds	analysis result; material geometry; attachment; render mark	point-topology	block.joints.filter((joint) => !(joint instanceof PrisJoint)).map((joint) => joint.id)	typed native result accessors and authored design geometry; preserve units/export conventions	classified at operation boundary; conversion pending
src/app/services/export/export-catalog.service.ts	38	partGroups	analysis result; material geometry; attachment; render mark	point-topology	.filter((joint): joint is RealJoint => joint instanceof RealJoint)	typed native result accessors and authored design geometry; preserve units/export conventions	classified at operation boundary; conversion pending
src/app/services/export/export-catalog.service.ts	44	partGroups	analysis result; material geometry; attachment; render mark	point-topology	.filter((joint) => !(joint instanceof PrisJoint))	typed native result accessors and authored design geometry; preserve units/export conventions	classified at operation boundary; conversion pending
src/app/services/export/export-catalog.service.ts	53	partGroups	analysis result; material geometry; attachment; render mark	compound-material	.filter((link): link is RealLink => link instanceof RealLink)	typed native result accessors and authored design geometry; preserve units/export conventions	classified at operation boundary; conversion pending
src/app/services/export/export-catalog.service.ts	59	partGroups	analysis result; material geometry; attachment; render mark	point-topology	const parts = valid ? [...joints, ...links] : [...joints, ...links].map(this.unsolved);	typed native result accessors and authored design geometry; preserve units/export conventions	classified at operation boundary; conversion pending
src/app/services/export/export-catalog.service.ts	168	linkPart	analysis result; material geometry; attachment; render mark	compound-material	else if (link instanceof SliderBlock) notes.push('slider block');	typed native result accessors and authored design geometry; preserve units/export conventions	classified at operation boundary; conversion pending
src/app/services/export/export-catalog.service.ts	169	linkPart	analysis result; material geometry; attachment; render mark	point-topology	const input = link.joints.find((joint) => (joint as RealJoint).input);	typed native result accessors and authored design geometry; preserve units/export conventions	classified at operation boundary; conversion pending
src/app/services/export/export-catalog.service.ts	170	linkPart	analysis result; material geometry; attachment; render mark	point-topology	if (input) notes.push(input instanceof PrisJoint ? 'driven' : 'input crank');	typed native result accessors and authored design geometry; preserve units/export conventions	classified at operation boundary; conversion pending
src/app/services/export/export-catalog.service.ts	171	linkPart	analysis result; material geometry; attachment; render mark	compound-material	if (link instanceof RealLink && link.subset.length > 0) notes.push('compound');	typed native result accessors and authored design geometry; preserve units/export conventions	classified at operation boundary; conversion pending
src/app/services/export/export-catalog.service.ts	242	drivenJointOf	analysis result; material geometry; attachment; render mark	point-topology	(joint): joint is RealJoint => joint instanceof RealJoint && joint.input	typed native result accessors and authored design geometry; preserve units/export conventions	classified at operation boundary; conversion pending
src/app/services/export/export-columns.service.ts	46	kinematicGroups	analysis result; material geometry; attachment; render mark	compound-material	const links = parts.filter((part) => part.kind === 'link' && part.part instanceof RealLink);	typed native result accessors and authored design geometry; preserve units/export conventions	classified at operation boundary; conversion pending
src/app/services/export/export-columns.service.ts	216	forceGroups	analysis result; material geometry; attachment; render mark	point-topology	const torque = !(driven instanceof PrisJoint);	typed native result accessors and authored design geometry; preserve units/export conventions	classified at operation boundary; conversion pending
src/app/services/export/export-columns.service.ts	339	jointName	analysis result; material geometry; attachment; render mark	point-topology	const joint = this.mechanism.joints.find((candidate) => candidate.id === jointId) as	typed native result accessors and authored design geometry; preserve units/export conventions	classified at operation boundary; conversion pending
src/app/services/export/export-flow.service.ts	95	fingerprint	analysis result; material geometry; attachment; render mark	point-topology	this.mechanism.joints.length,	typed native result accessors and authored design geometry; preserve units/export conventions	classified at operation boundary; conversion pending
src/app/services/export/export-writer.service.ts	265	section	analysis result; material geometry; attachment; render mark	point-topology	mechanismSvg(solved.joints[0] ?? [], solved.links[0] ?? [], 330, 230);	typed native result accessors and authored design geometry; preserve units/export conventions	classified at operation boundary; conversion pending
src/app/services/export/export-writer.service.ts	295	facts	analysis result; material geometry; attachment; render mark	point-topology	const driven = this.mechanism.partitions[index]?.joints.find(	typed native result accessors and authored design geometry; preserve units/export conventions	classified at operation boundary; conversion pending
src/app/services/export/export-writer.service.ts	296	facts	analysis result; material geometry; attachment; render mark	point-topology	(joint) => joint instanceof RealJoint && joint.input	typed native result accessors and authored design geometry; preserve units/export conventions	classified at operation boundary; conversion pending
src/app/services/export/mechanism-svg.ts	20	mechanismSvg	analysis result; material geometry; attachment; render mark	point-topology	const drawn = joints.filter((joint) => !(joint instanceof PrisJoint));	typed native result accessors and authored design geometry; preserve units/export conventions	classified at operation boundary; conversion pending
src/app/services/export/mechanism-svg.ts	41	mechanismSvg	analysis result; material geometry; attachment; render mark	compound-material	.filter((link): link is RealLink => link instanceof RealLink)	typed native result accessors and authored design geometry; preserve units/export conventions	classified at operation boundary; conversion pending
src/app/services/export/mechanism-svg.ts	43	mechanismSvg	analysis result; material geometry; attachment; render mark	point-topology	const points = link.joints	typed native result accessors and authored design geometry; preserve units/export conventions	classified at operation boundary; conversion pending
src/app/services/export/mechanism-svg.ts	44	mechanismSvg	analysis result; material geometry; attachment; render mark	point-topology	.filter((joint) => !(joint instanceof PrisJoint))	typed native result accessors and authored design geometry; preserve units/export conventions	classified at operation boundary; conversion pending
src/app/services/export/mechanism-svg.ts	48	mechanismSvg	analysis result; material geometry; attachment; render mark	point-topology	const shape = link.joints.length > 2 ? 'polygon' : 'polyline';	typed native result accessors and authored design geometry; preserve units/export conventions	classified at operation boundary; conversion pending
src/app/services/grid-utils.service.ts	117	getGround	topology	point-topology	if (!(joint instanceof PrisJoint || joint instanceof RevJoint)) {	explicit relationship/group queries and shared operation refusal	classified at operation boundary; conversion pending
src/app/services/grid-utils.service.ts	132	containsSlider	topology	point-topology	if (!(joint instanceof RevJoint)) {	explicit relationship/group queries and shared operation refusal	classified at operation boundary; conversion pending
src/app/services/grid-utils.service.ts	136	containsSlider	topology	point-topology	joint.connectedJoints.forEach((j) => {	explicit relationship/group queries and shared operation refusal	classified at operation boundary; conversion pending
src/app/services/grid-utils.service.ts	152	getJointR	render mark; selection	point-topology	if (!(joint instanceof RevJoint)) {	native display metadata and selection refs	classified at operation boundary; conversion pending
src/app/services/grid-utils.service.ts	159	getJointShowCurve	render mark; selection	point-topology	if (!(joint instanceof RevJoint) && !(joint instanceof PrisJoint)) {	native display metadata and selection refs	classified at operation boundary; conversion pending
src/app/services/grid-utils.service.ts	166	getInput	topology	point-topology	if (!(joint instanceof RevJoint || joint instanceof PrisJoint)) {	explicit relationship/group queries and shared operation refusal	classified at operation boundary; conversion pending
src/app/services/grid-utils.service.ts	215	canToggleInput	topology	point-topology	if (!(joint instanceof RealJoint)) {	explicit relationship/group queries and shared operation refusal	classified at operation boundary; conversion pending
src/app/services/grid-utils.service.ts	254	weldRefusal	topology	point-topology	const welded = joint instanceof RealJoint && joint.isWelded;	explicit relationship/group queries and shared operation refusal	classified at operation boundary; conversion pending
src/app/services/grid-utils.service.ts	325	settleHolds	attachment; material geometry; topology	point-topology	const asked = goals.map((goal) => this.mechanismSrv.joints.find((j) => j.id === goal.id));	native atomic edit planner; no implicit point-to-body pose repair	classified at operation boundary; conversion pending
src/app/services/grid-utils.service.ts	329	settleHolds	attachment; material geometry; topology	point-topology	).joints;	native atomic edit planner; no implicit point-to-body pose repair	classified at operation boundary; conversion pending
src/app/services/grid-utils.service.ts	335	settleHolds	attachment; material geometry; topology	point-topology	const joints = holdJoints(this.mechanismSrv.joints, (joint) =>	native atomic edit planner; no implicit point-to-body pose repair	classified at operation boundary; conversion pending
src/app/services/grid-utils.service.ts	344	settleHolds	attachment; material geometry; topology	point-topology	const joint = this.mechanismSrv.joints.find((j) => j.id === id);	native atomic edit planner; no implicit point-to-body pose repair	classified at operation boundary; conversion pending
src/app/services/grid-utils.service.ts	345	settleHolds	attachment; material geometry; topology	point-topology	if (joint instanceof RealJoint) this.dragJoint(joint, new Coord(at.x, at.y), false, true);	native atomic edit planner; no implicit point-to-body pose repair	classified at operation boundary; conversion pending
src/app/services/grid-utils.service.ts	349	settleHolds	attachment; material geometry; topology	point-topology	.map((id) => this.mechanismSrv.joints.find((j) => j.id === id))	native atomic edit planner; no implicit point-to-body pose repair	classified at operation boundary; conversion pending
src/app/services/grid-utils.service.ts	350	settleHolds	attachment; material geometry; topology	point-topology	.filter((joint): joint is RealJoint => joint instanceof RealJoint);	native atomic edit planner; no implicit point-to-body pose repair	classified at operation boundary; conversion pending
src/app/services/grid-utils.service.ts	388	setBarValue	attachment; material geometry; topology	point-topology	const [a, b] = link.joints;	native atomic edit planner; no implicit point-to-body pose repair	classified at operation boundary; conversion pending
src/app/services/grid-utils.service.ts	389	setBarValue	attachment; material geometry; topology	point-topology	if (!(a instanceof RealJoint) || !(b instanceof RealJoint) || link.joints.length !== 2) {	native atomic edit planner; no implicit point-to-body pose repair	classified at operation boundary; conversion pending
src/app/services/grid-utils.service.ts	418	setBarValue	attachment; material geometry; topology	point-topology	const joints = holdJoints(this.mechanismSrv.joints, (joint) =>	native atomic edit planner; no implicit point-to-body pose repair	classified at operation boundary; conversion pending
src/app/services/grid-utils.service.ts	438	setBarValue	attachment; material geometry; topology	point-topology	const joint = this.mechanismSrv.joints.find((j) => j.id === id);	native atomic edit planner; no implicit point-to-body pose repair	classified at operation boundary; conversion pending
src/app/services/grid-utils.service.ts	439	setBarValue	attachment; material geometry; topology	point-topology	if (joint instanceof RealJoint) this.dragJoint(joint, new Coord(at.x, at.y), false, true);	native atomic edit planner; no implicit point-to-body pose repair	classified at operation boundary; conversion pending
src/app/services/grid-utils.service.ts	462	setBarValues	attachment; material geometry; topology	point-topology	const [a, b] = link.joints as RealJoint[];	native atomic edit planner; no implicit point-to-body pose repair	classified at operation boundary; conversion pending
src/app/services/grid-utils.service.ts	469	setBarValues	attachment; material geometry; topology	shape-frame	angle: kind === 'angle' ? value : link.angleRad,	native atomic edit planner; no implicit point-to-body pose repair	classified at operation boundary; conversion pending
src/app/services/grid-utils.service.ts	489	setBarValues	attachment; material geometry; topology	point-topology	this.mechanismSrv.joints,	native atomic edit planner; no implicit point-to-body pose repair	classified at operation boundary; conversion pending
src/app/services/grid-utils.service.ts	504	setBarValues	attachment; material geometry; topology	point-topology	const joint = this.mechanismSrv.joints.find((one) => one.id === id);	native atomic edit planner; no implicit point-to-body pose repair	classified at operation boundary; conversion pending
src/app/services/grid-utils.service.ts	505	setBarValues	attachment; material geometry; topology	point-topology	if (joint instanceof RealJoint) this.dragJoint(joint, new Coord(at.x, at.y), false, true);	native atomic edit planner; no implicit point-to-body pose repair	classified at operation boundary; conversion pending
src/app/services/grid-utils.service.ts	523	holdsImmobilizing	attachment; material geometry; topology	point-topology	const joints = holdJoints(this.mechanismSrv.joints, (j) =>	native atomic edit planner; no implicit point-to-body pose repair	classified at operation boundary; conversion pending
src/app/services/grid-utils.service.ts	553	holdAnchor	attachment; material geometry; topology	point-topology	joint instanceof PrisJoint ||	native atomic edit planner; no implicit point-to-body pose repair	classified at operation boundary; conversion pending
src/app/services/grid-utils.service.ts	571	locksHolding	attachment; material geometry; topology	point-topology	this.mechanismSrv.joints,	native atomic edit planner; no implicit point-to-body pose repair	classified at operation boundary; conversion pending
src/app/services/grid-utils.service.ts	670	dragJoint	attachment; material geometry; topology	compound-material	if (l instanceof SliderBlock) {	native atomic edit planner; no implicit point-to-body pose repair	classified at operation boundary; conversion pending
src/app/services/grid-utils.service.ts	675	dragJoint	attachment; material geometry; topology	point-topology	const jointIndex = l.joints.findIndex((jt) => jt.id !== selectedJoint.id);	native atomic edit planner; no implicit point-to-body pose repair	classified at operation boundary; conversion pending
src/app/services/grid-utils.service.ts	677	dragJoint	attachment; material geometry; topology	point-topology	l.joints[jointIndex].x = roundNumber(trueCoord.x, 6);	native atomic edit planner; no implicit point-to-body pose repair	classified at operation boundary; conversion pending
src/app/services/grid-utils.service.ts	678	dragJoint	attachment; material geometry; topology	point-topology	l.joints[jointIndex].y = roundNumber(trueCoord.y, 6);	native atomic edit planner; no implicit point-to-body pose repair	classified at operation boundary; conversion pending
src/app/services/grid-utils.service.ts	681	dragJoint	attachment; material geometry; topology	compound-material	if (!(l instanceof RealLink)) {	native atomic edit planner; no implicit point-to-body pose repair	classified at operation boundary; conversion pending
src/app/services/grid-utils.service.ts	685	dragJoint	attachment; material geometry; topology	point-topology	const jointIndex = l.joints.findIndex((jt) => jt.id === selectedJoint.id);	native atomic edit planner; no implicit point-to-body pose repair	classified at operation boundary; conversion pending
src/app/services/grid-utils.service.ts	686	dragJoint	attachment; material geometry; topology	point-topology	l.joints[jointIndex].x = roundNumber(trueCoord.x, 6);	native atomic edit planner; no implicit point-to-body pose repair	classified at operation boundary; conversion pending
src/app/services/grid-utils.service.ts	687	dragJoint	attachment; material geometry; topology	point-topology	l.joints[jointIndex].y = roundNumber(trueCoord.y, 6);	native atomic edit planner; no implicit point-to-body pose repair	classified at operation boundary; conversion pending
src/app/services/grid-utils.service.ts	693	dragJoint	attachment; material geometry; topology	point-topology	l.CoM = RealLink.determineCenterOfMass(l.joints);	native atomic edit planner; no implicit point-to-body pose repair	classified at operation boundary; conversion pending
src/app/services/grid-utils.service.ts	698	dragJoint	attachment; material geometry; topology	compound-material	if (l.subset.length > 0) {	native atomic edit planner; no implicit point-to-body pose repair	classified at operation boundary; conversion pending
src/app/services/grid-utils.service.ts	699	dragJoint	attachment; material geometry; topology	compound-material	l.subset.forEach((slink) => {	native atomic edit planner; no implicit point-to-body pose repair	classified at operation boundary; conversion pending
src/app/services/grid-utils.service.ts	704	dragJoint	attachment; material geometry; topology	point-topology	subLink.CoM = RealLink.determineCenterOfMass(subLink.joints);	native atomic edit planner; no implicit point-to-body pose repair	classified at operation boundary; conversion pending
src/app/services/grid-utils.service.ts	712	dragJoint	attachment; material geometry; topology	point-topology	PositionSolver.setUpInitialJointLocations(l.joints);	native atomic edit planner; no implicit point-to-body pose repair	classified at operation boundary; conversion pending
src/app/services/grid-utils.service.ts	722	dragJoint	attachment; material geometry; topology	point-topology	let jointA = [l.joints[0].x, l.joints[0].y];	native atomic edit planner; no implicit point-to-body pose repair	classified at operation boundary; conversion pending
src/app/services/grid-utils.service.ts	723	dragJoint	attachment; material geometry; topology	point-topology	let jointB = [l.joints[1].x, l.joints[1].y];	native atomic edit planner; no implicit point-to-body pose repair	classified at operation boundary; conversion pending
src/app/services/grid-utils.service.ts	732	dragJoint	attachment; material geometry; topology	point-topology	if (l.joints.length == 2) {	native atomic edit planner; no implicit point-to-body pose repair	classified at operation boundary; conversion pending
src/app/services/grid-utils.service.ts	759	dragJoint	attachment; material geometry; topology	point-topology	let newX = f.startCoord.x + offsetX / f.link.joints.length;	native atomic edit planner; no implicit point-to-body pose repair	classified at operation boundary; conversion pending
src/app/services/grid-utils.service.ts	760	dragJoint	attachment; material geometry; topology	point-topology	let newY = f.startCoord.y + offsetY / f.link.joints.length;	native atomic edit planner; no implicit point-to-body pose repair	classified at operation boundary; conversion pending
src/app/services/grid-utils.service.ts	826	moveLinkRigidly	attachment; material geometry; topology	compound-material	.filter((link): link is RealLink => link !== selectedLink && link instanceof RealLink)	native atomic edit planner; no implicit point-to-body pose repair	classified at operation boundary; conversion pending
src/app/services/grid-utils.service.ts	829	moveLinkRigidly	attachment; material geometry; topology	point-topology	from: link.joints.slice(0, 2).map((joint) => ({ x: joint.x, y: joint.y })),	native atomic edit planner; no implicit point-to-body pose repair	classified at operation boundary; conversion pending
src/app/services/grid-utils.service.ts	836	moveLinkRigidly	attachment; material geometry; topology	point-topology	const carriedCylinders = sealedCylinderStructures(this.mechanismSrv.joints).map((sealed) => ({	native atomic edit planner; no implicit point-to-body pose repair	classified at operation boundary; conversion pending
src/app/services/grid-utils.service.ts	851	moveLinkRigidly	attachment; material geometry; topology	point-topology	selectedLink.joints.forEach((joint) => {	native atomic edit planner; no implicit point-to-body pose repair	classified at operation boundary; conversion pending
src/app/services/grid-utils.service.ts	853	moveLinkRigidly	attachment; material geometry; topology	point-topology	if (!(joint instanceof RealJoint)) return;	native atomic edit planner; no implicit point-to-body pose repair	classified at operation boundary; conversion pending
src/app/services/grid-utils.service.ts	855	moveLinkRigidly	attachment; material geometry; topology	point-topology,compound-material	if (link instanceof SliderBlock) link.joints.forEach((member) => carried.push(member));	native atomic edit planner; no implicit point-to-body pose repair	classified at operation boundary; conversion pending
src/app/services/grid-utils.service.ts	866	moveLinkRigidly	attachment; material geometry; topology	point-topology	if (joint instanceof RealJoint) {	native atomic edit planner; no implicit point-to-body pose repair	classified at operation boundary; conversion pending
src/app/services/grid-utils.service.ts	884	moveLinkRigidly	attachment; material geometry; topology	point-topology	selectedLink.joints.forEach((joint) => {	native atomic edit planner; no implicit point-to-body pose repair	classified at operation boundary; conversion pending
src/app/services/grid-utils.service.ts	886	moveLinkRigidly	attachment; material geometry; topology	point-topology	if (!(joint instanceof RealJoint)) return;	native atomic edit planner; no implicit point-to-body pose repair	classified at operation boundary; conversion pending
src/app/services/grid-utils.service.ts	890	moveLinkRigidly	attachment; material geometry; topology	point-topology,compound-material	if (link instanceof SliderBlock) link.joints.forEach(noteMove);	native atomic edit planner; no implicit point-to-body pose repair	classified at operation boundary; conversion pending
src/app/services/grid-utils.service.ts	898	moveLinkRigidly	attachment; material geometry; topology	compound-material	if (selectedLink instanceof RealLink) ownBodies.push(...selectedLink.subset);	native atomic edit planner; no implicit point-to-body pose repair	classified at operation boundary; conversion pending
src/app/services/grid-utils.service.ts	1093	attemptEdit	attachment; material geometry; topology	point-topology	const cylinders = sealedCylinderStructures(this.mechanismSrv.joints);	native atomic edit planner; no implicit point-to-body pose repair	classified at operation boundary; conversion pending
src/app/services/grid-utils.service.ts	1094	attemptEdit	attachment; material geometry; topology	point-topology	const snapshot = snapshotOf(this.mechanismSrv.joints);	native atomic edit planner; no implicit point-to-body pose repair	classified at operation boundary; conversion pending
src/app/services/grid-utils.service.ts	1163	commitEditPlan	attachment; material geometry; topology	compound-material	link instanceof RealLink &&	native atomic edit planner; no implicit point-to-body pose repair	classified at operation boundary; conversion pending
src/app/services/grid-utils.service.ts	1165	commitEditPlan	attachment; material geometry; topology	point-topology	link.joints.some((joint) => plan.movedIds.has(joint.id))	native atomic edit planner; no implicit point-to-body pose repair	classified at operation boundary; conversion pending
src/app/services/grid-utils.service.ts	1169	commitEditPlan	attachment; material geometry; topology	point-topology	from: link.joints.slice(0, 2).map((joint) => ({ x: joint.x, y: joint.y })),	native atomic edit planner; no implicit point-to-body pose repair	classified at operation boundary; conversion pending
src/app/services/grid-utils.service.ts	1172	commitEditPlan	attachment; material geometry; topology	point-topology	this.mechanismSrv.joints.forEach((joint) => {	native atomic edit planner; no implicit point-to-body pose repair	classified at operation boundary; conversion pending
src/app/services/grid-utils.service.ts	1206	placeCylinder	attachment; material geometry; topology	point-topology,compound-material	link instanceof RealLink && link.joints.some((joint) => movedIds.has(joint.id))	native atomic edit planner; no implicit point-to-body pose repair	classified at operation boundary; conversion pending
src/app/services/grid-utils.service.ts	1210	placeCylinder	attachment; material geometry; topology	point-topology	from: link.joints.slice(0, 2).map((joint) => ({ x: joint.x, y: joint.y })),	native atomic edit planner; no implicit point-to-body pose repair	classified at operation boundary; conversion pending
src/app/services/grid-utils.service.ts	1241	reframeDeformedLink	attachment; material geometry; topology	point-topology	const [start, end] = link.joints;	native atomic edit planner; no implicit point-to-body pose repair	classified at operation boundary; conversion pending
src/app/services/grid-utils.service.ts	1255	reframeDeformedLink	attachment; material geometry; topology	point-topology	link.CoM = RealLink.determineCenterOfMass(link.joints);	native atomic edit planner; no implicit point-to-body pose repair	classified at operation boundary; conversion pending
src/app/services/grid-utils.service.ts	1259	reframeDeformedLink	attachment; material geometry; topology	compound-material	link.subset.forEach((sub) => {	native atomic edit planner; no implicit point-to-body pose repair	classified at operation boundary; conversion pending
src/app/services/grid-utils.service.ts	1267	reframeDeformedLink	attachment; material geometry; topology	point-topology	subLink.CoM = RealLink.determineCenterOfMass(subLink.joints);	native atomic edit planner; no implicit point-to-body pose repair	classified at operation boundary; conversion pending
src/app/services/grid-utils.service.ts	1272	reframeDeformedLink	attachment; material geometry; topology	point-topology	PositionSolver.setUpInitialJointLocations(link.joints);	native atomic edit planner; no implicit point-to-body pose repair	classified at operation boundary; conversion pending
src/app/services/grid-utils.service.ts	1288	transformLinkBody	attachment; material geometry; topology	compound-material	if (!(link instanceof RealLink)) return;	native atomic edit planner; no implicit point-to-body pose repair	classified at operation boundary; conversion pending
src/app/services/grid-utils.service.ts	1293	transformLinkBody	attachment; material geometry; topology	point-topology	PositionSolver.setUpInitialJointLocations(link.joints);	native atomic edit planner; no implicit point-to-body pose repair	classified at operation boundary; conversion pending
src/app/services/grid-utils.service.ts	1322	forceAnchorAt	attachment; material geometry; topology	point-topology	for (const joint of link.joints) {	native atomic edit planner; no implicit point-to-body pose repair	classified at operation boundary; conversion pending
src/app/services/grid-utils.service.ts	1323	forceAnchorAt	attachment; material geometry; topology	point-topology	if (!(joint instanceof RealJoint)) continue;	native atomic edit planner; no implicit point-to-body pose repair	classified at operation boundary; conversion pending
src/app/services/grid-utils.service.ts	1362	isAttachedToSlider	topology	point-topology	if (lastRightClick instanceof Joint && lastRightClick instanceof RevJoint) {	explicit relationship/group queries and shared operation refusal	classified at operation boundary; conversion pending
src/app/services/grid-utils.service.ts	1363	isAttachedToSlider	topology	point-topology	return lastRightClick.connectedJoints.some((j) => j instanceof PrisJoint);	explicit relationship/group queries and shared operation refusal	classified at operation boundary; conversion pending
src/app/services/grid-utils.service.ts	1371	connectedToPrisJoint	topology	point-topology	if (j instanceof PrisJoint) {	explicit relationship/group queries and shared operation refusal	classified at operation boundary; conversion pending
src/app/services/grid-utils.service.ts	1379	getSliderJoint	topology	point-topology	if (!(joint instanceof RevJoint)) {	explicit relationship/group queries and shared operation refusal	classified at operation boundary; conversion pending
src/app/services/grid-utils.service.ts	1382	getSliderJoint	topology	point-topology	return <Joint>joint.connectedJoints.find((j) => j instanceof PrisJoint);	explicit relationship/group queries and shared operation refusal	classified at operation boundary; conversion pending
src/app/services/grid-utils.service.ts	1394	toggleCurve	render mark; selection	point-topology	if (lastRightClick instanceof PrisJoint) {	native display metadata and selection refs	classified at operation boundary; conversion pending
src/app/services/grid-utils.service.ts	1406	toggleCurve	render mark; selection	point-topology	if (lastRightClick instanceof RevJoint) {	native display metadata and selection refs	classified at operation boundary; conversion pending
src/app/services/grid-utils.service.ts	1409	toggleCurve	render mark; selection	point-topology	this.saveTrace(lastRightClick instanceof RealJoint && lastRightClick.showCurve);	native display metadata and selection refs	classified at operation boundary; conversion pending
src/app/services/grid-utils.service.ts	1431	getLinkSubset	topology	compound-material	if (!(link instanceof RealLink)) {	explicit relationship/group queries and shared operation refusal	classified at operation boundary; conversion pending
src/app/services/grid-utils.service.ts	1434	getLinkSubset	topology	compound-material	return link.subset;	explicit relationship/group queries and shared operation refusal	classified at operation boundary; conversion pending
src/app/services/grid-utils.service.ts	1453	updateLastSelectedSublink	render mark; selection	compound-material	clickedObj.subset.forEach((link) => {	native display metadata and selection refs	classified at operation boundary; conversion pending
src/app/services/keyboard-shortcuts.service.ts	23	<record/template>	excluded: encoding or UI key	shape-frame	| 'view.centerOfMass'	retain pure encoding/UI key; no mechanical identity is inferred	classified at operation boundary; conversion pending
src/app/services/keyboard-shortcuts.service.ts	190	<record/template>	excluded: encoding or UI key	shape-frame	id: 'view.centerOfMass',	retain pure encoding/UI key; no mechanical identity is inferred	classified at operation boundary; conversion pending
src/app/services/mechanism.service.ts	311	applyObjectScaleChange	material geometry; render mark	compound-material	if (link instanceof RealLink) link.reComputeDPath();	material/group mass, explicit unit conversion and view-only mark scale	classified at operation boundary; conversion pending
src/app/services/mechanism.service.ts	318	resetMechanism	topology; attachment; material geometry	point-topology	this.joints = [];	native document authority and lifecycle transaction; persistent members replace compound rebuilding	classified at operation boundary; conversion pending
src/app/services/mechanism.service.ts	328	exists	topology; attachment; material geometry	point-topology	return this.joints.length > 0;	native document authority and lifecycle transaction; persistent members replace compound rebuilding	classified at operation boundary; conversion pending
src/app/services/mechanism.service.ts	332	getJoints	topology; attachment; material geometry	point-topology	return this.joints;	native document authority and lifecycle transaction; persistent members replace compound rebuilding	classified at operation boundary; conversion pending
src/app/services/mechanism.service.ts	388	editWouldDeferSolving	topology; attachment; material geometry	point-topology	return this.joints.length > MechanismService.SOLVE_IN_EDIT_UP_TO;	native document authority and lifecycle transaction; persistent members replace compound rebuilding	classified at operation boundary; conversion pending
src/app/services/mechanism.service.ts	399	shouldDeferSolving	topology; attachment; material geometry	point-topology	if (this.joints.length <= MechanismService.SOLVE_IN_EDIT_UP_TO) return false;	native document authority and lifecycle transaction; persistent members replace compound rebuilding	classified at operation boundary; conversion pending
src/app/services/mechanism.service.ts	494	updateMechanism	topology; attachment; material geometry	compound-material	if (link instanceof RealLink) link.reComputeDPath();	native document authority and lifecycle transaction; persistent members replace compound rebuilding	classified at operation boundary; conversion pending
src/app/services/mechanism.service.ts	512	updateMechanism	topology; attachment; material geometry	point-topology	const partitioning = partitionMechanisms(this.joints, this.links, this.forces);	native document authority and lifecycle transaction; persistent members replace compound rebuilding	classified at operation boundary; conversion pending
src/app/services/mechanism.service.ts	561	updateMechanism	topology; attachment; material geometry	point-topology	partition.joints,	native document authority and lifecycle transaction; persistent members replace compound rebuilding	classified at operation boundary; conversion pending
src/app/services/mechanism.service.ts	636	leaveForceAnalysisWithoutInputs	topology; attachment; material geometry	compound-material	(link) => (link instanceof RealLink || link instanceof SliderBlock) && Number(link.mass) > 0	native document authority and lifecycle transaction; persistent members replace compound rebuilding	classified at operation boundary; conversion pending
src/app/services/mechanism.service.ts	668	solveFingerprint	topology; attachment; material geometry	point-topology	const joints = partition.joints.map((joint) => {	native document authority and lifecycle transaction; persistent members replace compound rebuilding	classified at operation boundary; conversion pending
src/app/services/mechanism.service.ts	669	solveFingerprint	topology; attachment; material geometry	point-topology	const real = joint instanceof RealJoint ? joint : undefined;	native document authority and lifecycle transaction; persistent members replace compound rebuilding	classified at operation boundary; conversion pending
src/app/services/mechanism.service.ts	670	solveFingerprint	topology; attachment; material geometry	point-topology	const slide = joint instanceof PrisJoint ? joint.angle_rad : '';	native document authority and lifecycle transaction; persistent members replace compound rebuilding	classified at operation boundary; conversion pending
src/app/services/mechanism.service.ts	672	solveFingerprint	topology; attachment; material geometry	point-topology	const kind = joint instanceof PrisJoint ? 'P' : joint instanceof RevJoint ? 'R' : 'J';	native document authority and lifecycle transaction; persistent members replace compound rebuilding	classified at operation boundary; conversion pending
src/app/services/mechanism.service.ts	679	solveFingerprint	topology; attachment; material geometry	compound-material	const body = link instanceof RealLink ? link : undefined;	native document authority and lifecycle transaction; persistent members replace compound rebuilding	classified at operation boundary; conversion pending
src/app/services/mechanism.service.ts	680	solveFingerprint	topology; attachment; material geometry	point-topology	const pins = link.joints.map((joint) => joint.id).join('');	native document authority and lifecycle transaction; persistent members replace compound rebuilding	classified at operation boundary; conversion pending
src/app/services/mechanism.service.ts	681	solveFingerprint	topology; attachment; material geometry	compound-material	const subset = body?.subset.map((part) => part.id).join('+') ?? '';	native document authority and lifecycle transaction; persistent members replace compound rebuilding	classified at operation boundary; conversion pending
src/app/services/mechanism.service.ts	684	solveFingerprint	topology; attachment; material geometry	shape-frame	const inertia = `m${link.mass}I${body?.massMoI ?? ''}`;	native document authority and lifecycle transaction; persistent members replace compound rebuilding	classified at operation boundary; conversion pending
src/app/services/mechanism.service.ts	685	solveFingerprint	topology; attachment; material geometry	compound-material	const kind = body ? 'L' : link instanceof SliderBlock ? 'S' : 'K';	native document authority and lifecycle transaction; persistent members replace compound rebuilding	classified at operation boundary; conversion pending
src/app/services/mechanism.service.ts	709	inputVelocityFor	topology; analysis result	point-topology	const driven = partition.ownJoints.find((j) => j instanceof RealJoint && j.input) as	native ordered driver coordinate/profile and per-machine command state	classified at operation boundary; conversion pending
src/app/services/mechanism.service.ts	714	inputVelocityFor	topology; analysis result	point-topology	return driven instanceof PrisJoint ? signed * MODEL_SCALE : (signed * Math.PI) / 30;	native ordered driver coordinate/profile and per-machine command state	classified at operation boundary; conversion pending
src/app/services/mechanism.service.ts	731	driveSpeedOf	topology; analysis result	point-topology	joint instanceof PrisJoint	native ordered driver coordinate/profile and per-machine command state	classified at operation boundary; conversion pending
src/app/services/mechanism.service.ts	766	setDriveSpeed	topology; analysis result	point-topology	if (joint instanceof PrisJoint) {	native ordered driver coordinate/profile and per-machine command state	classified at operation boundary; conversion pending
src/app/services/mechanism.service.ts	794	reconcileOneInputPerMechanism	topology; analysis result	point-topology	if (!(candidate instanceof RealJoint) || !candidate.input) return;	native ordered driver coordinate/profile and per-machine command state	classified at operation boundary; conversion pending
src/app/services/mechanism.service.ts	872	clearInputsSharingMechanismWith	topology; analysis result	point-topology	? this.joints.filter((candidate) => this.indexOfMechanismContaining(candidate) === -1)	native ordered driver coordinate/profile and per-machine command state	classified at operation boundary; conversion pending
src/app/services/mechanism.service.ts	876	clearInputsSharingMechanismWith	topology; analysis result	point-topology	if (candidate instanceof RealJoint && candidate.input && candidate.id !== joint.id) {	native ordered driver coordinate/profile and per-machine command state	classified at operation boundary; conversion pending
src/app/services/mechanism.service.ts	916	rebuildOwnerIndex	topology; attachment; material geometry	point-topology	this.links.forEach((link) => link.joints.forEach((joint) => attached.add(joint)));	native document authority and lifecycle transaction; persistent members replace compound rebuilding	classified at operation boundary; conversion pending
src/app/services/mechanism.service.ts	937	rebuildOwnerIndex	topology; attachment; material geometry	point-topology	partition.joints.forEach(solved);	native document authority and lifecycle transaction; persistent members replace compound rebuilding	classified at operation boundary; conversion pending
src/app/services/mechanism.service.ts	951	rebuildOwnerIndex	topology; attachment; material geometry	point-topology	this.joints.forEach(unassigned);	native document authority and lifecycle transaction; persistent members replace compound rebuilding	classified at operation boundary; conversion pending
src/app/services/mechanism.service.ts	994	indexOfMechanismSolving	topology; attachment; material geometry	point-topology	partition.joints.some((joint) => joint.id === id) ||	native document authority and lifecycle transaction; persistent members replace compound rebuilding	classified at operation boundary; conversion pending
src/app/services/mechanism.service.ts	1046	noReactionSentence	analysis result; topology	letter-identity	const lead = subject.charAt(0).toUpperCase() + subject.slice(1);	native readiness, result availability and coordinate/wrench accessors	classified at operation boundary; conversion pending
src/app/services/mechanism.service.ts	1060	partById	selection; attachment	point-topology	this.joints.find((joint) => joint.id === id) ??	native record selection and edit locks/holds	classified at operation boundary; conversion pending
src/app/services/mechanism.service.ts	1106	jointHasForceToGraph	analysis result; topology	point-topology	if (!(joint instanceof RealJoint)) return false;	native readiness, result availability and coordinate/wrench accessors	classified at operation boundary; conversion pending
src/app/services/mechanism.service.ts	1312	attachmentFrame	attachment; material geometry	point-topology	const authored = new Map(frames.joints[0].map((joint) => [joint.id, joint]));	stable material load owner and body-local application point	classified at operation boundary; conversion pending
src/app/services/mechanism.service.ts	1313	attachmentFrame	attachment; material geometry	point-topology	for (let first = 0; first < link.joints.length; first++) {	stable material load owner and body-local application point	classified at operation boundary; conversion pending
src/app/services/mechanism.service.ts	1314	attachmentFrame	attachment; material geometry	point-topology	for (let second = first + 1; second < link.joints.length; second++) {	stable material load owner and body-local application point	classified at operation boundary; conversion pending
src/app/services/mechanism.service.ts	1315	attachmentFrame	attachment; material geometry	point-topology	const a = link.joints[first];	stable material load owner and body-local application point	classified at operation boundary; conversion pending
src/app/services/mechanism.service.ts	1316	attachmentFrame	attachment; material geometry	point-topology	const b = link.joints[second];	stable material load owner and body-local application point	classified at operation boundary; conversion pending
src/app/services/mechanism.service.ts	1362	editForcesAtPose	attachment; material geometry	shape-frame	angle: force.angleRad + (force.local ? frames[index]!.angle : 0),	stable material load owner and body-local application point	classified at operation boundary; conversion pending
src/app/services/mechanism.service.ts	1400	updateLinkageUnits	material geometry; render mark	point-topology	this.joints.forEach((joint) => {	material/group mass, explicit unit conversion and view-only mark scale	classified at operation boundary; conversion pending
src/app/services/mechanism.service.ts	1409	updateLinkageUnits	material geometry; render mark	point-topology	if (joint instanceof PrisJoint && joint.driveSpeed !== 0) {	material/group mass, explicit unit conversion and view-only mark scale	classified at operation boundary; conversion pending
src/app/services/mechanism.service.ts	1425	updateLinkageUnits	material geometry; render mark	compound-material	if (link instanceof RealLink) {	material/group mass, explicit unit conversion and view-only mark scale	classified at operation boundary; conversion pending
src/app/services/mechanism.service.ts	1426	updateLinkageUnits	material geometry; render mark	shape-frame	link.massMoI *= inertiaScale;	material/group mass, explicit unit conversion and view-only mark scale	classified at operation boundary; conversion pending
src/app/services/mechanism.service.ts	1433	updateLinkageUnits	material geometry; render mark	compound-material	link.subset.forEach(updateLink);	material/group mass, explicit unit conversion and view-only mark scale	classified at operation boundary; conversion pending
src/app/services/mechanism.service.ts	1471	getLinkProp	material geometry; render mark	compound-material	if (l instanceof SliderBlock) {	material/group mass, explicit unit conversion and view-only mark scale	classified at operation boundary; conversion pending
src/app/services/mechanism.service.ts	1478	getLinkProp	material geometry; render mark	shape-frame	case 'massMoI':	material/group mass, explicit unit conversion and view-only mark scale	classified at operation boundary; conversion pending
src/app/services/mechanism.service.ts	1479	getLinkProp	material geometry; render mark	shape-frame	return link.massMoI;	material/group mass, explicit unit conversion and view-only mark scale	classified at operation boundary; conversion pending
src/app/services/mechanism.service.ts	1515	getJointPath	render mark; selection	point-topology	if (!solved || solved.joints.length === 0 || solved.joints[0].length === 0) {	native rendering roles and typed selection	classified at operation boundary; conversion pending
src/app/services/mechanism.service.ts	1532	getJointPath	render mark; selection	point-topology	if (solved.joints[0].some((candidate) => candidate.id === joint.id)) {	native rendering roles and typed selection	classified at operation boundary; conversion pending
src/app/services/mechanism.service.ts	1534	getJointPath	render mark; selection	point-topology	const sample = solved.joints[step].find((candidate) => candidate.id === joint.id)!;	native rendering roles and typed selection	classified at operation boundary; conversion pending
src/app/services/mechanism.service.ts	1538	getJointPath	render mark; selection	point-topology	for (let j_index = 1; j_index < solved.joints.length; j_index++) {	native rendering roles and typed selection	classified at operation boundary; conversion pending
src/app/services/mechanism.service.ts	1689	vectorTraceRefusal	analysis result; topology	point-topology	if (part instanceof RealJoint && this.groundedInPlace(part)) {	native readiness, result availability and coordinate/wrench accessors	classified at operation boundary; conversion pending
src/app/services/mechanism.service.ts	1726	jointHasReactionVector	analysis result; topology	point-topology	if (!(part instanceof RealJoint)) return false;	native readiness, result availability and coordinate/wrench accessors	classified at operation boundary; conversion pending
src/app/services/mechanism.service.ts	1810	vectorShapeOf	render mark; selection	point-topology	solved.joints.length,	native rendering roles and typed selection	classified at operation boundary; conversion pending
src/app/services/mechanism.service.ts	1820	positionSamplerFor	analysis result; topology	point-topology	return (index: number) => solved.joints[index]?.find((one) => one.id === part.id);	native readiness, result availability and coordinate/wrench accessors	classified at operation boundary; conversion pending
src/app/services/mechanism.service.ts	1824	positionSamplerFor	analysis result; topology	compound-material	return link instanceof RealLink ? link.CoM : undefined;	native readiness, result availability and coordinate/wrench accessors	classified at operation boundary; conversion pending
src/app/services/mechanism.service.ts	1862	sweptSpanOf	analysis result; topology	point-topology	solved.joints.forEach((frame) =>	native readiness, result availability and coordinate/wrench accessors	classified at operation boundary; conversion pending
src/app/services/mechanism.service.ts	1922	buildLiveVectors	analysis result; topology	compound-material	const tail = part instanceof Joint ? part : part instanceof RealLink ? part.CoM : undefined;	native readiness, result availability and coordinate/wrench accessors	classified at operation boundary; conversion pending
src/app/services/mechanism.service.ts	1931	mergeToJoints	topology; attachment; material geometry	point-topology	this.joints.push(j);	native document authority and lifecycle transaction; persistent members replace compound rebuilding	classified at operation boundary; conversion pending
src/app/services/mechanism.service.ts	1970	joinWithBar	topology; attachment; material geometry	point-topology	first.connectedJoints.push(second);	native document authority and lifecycle transaction; persistent members replace compound rebuilding	classified at operation boundary; conversion pending
src/app/services/mechanism.service.ts	1971	joinWithBar	topology; attachment; material geometry	point-topology	second.connectedJoints.push(first);	native document authority and lifecycle transaction; persistent members replace compound rebuilding	classified at operation boundary; conversion pending
src/app/services/mechanism.service.ts	1989	deleteAll	topology; attachment; material geometry	point-topology	if (this.joints.length === 0 && this.links.length === 0 && this.forces.length === 0) return;	native document authority and lifecycle transaction; persistent members replace compound rebuilding	classified at operation boundary; conversion pending
src/app/services/mechanism.service.ts	1990	deleteAll	topology; attachment; material geometry	point-topology	[...this.joints].forEach((joint) => {	native document authority and lifecycle transaction; persistent members replace compound rebuilding	classified at operation boundary; conversion pending
src/app/services/mechanism.service.ts	1996	deleteAll	topology; attachment; material geometry	point-topology	if (!this.joints.some((live) => live.id === joint.id)) return;	native document authority and lifecycle transaction; persistent members replace compound rebuilding	classified at operation boundary; conversion pending
src/app/services/mechanism.service.ts	2044	deleteMechanism	topology; attachment; material geometry	point-topology	if (!this.joints.some((live) => live.id === joint.id)) return;	native document authority and lifecycle transaction; persistent members replace compound rebuilding	classified at operation boundary; conversion pending
src/app/services/mechanism.service.ts	2068	determineNextLetter	topology; attachment; material geometry	letter-identity	determineNextLetter(additionalLetters?: string[], freedLetters?: string[]) {	native document authority and lifecycle transaction; persistent members replace compound rebuilding	classified at operation boundary; conversion pending
src/app/services/mechanism.service.ts	2069	determineNextLetter	topology; attachment; material geometry	point-topology	const taken = new Set<string>(this.joints.map((joint) => joint.id));	native document authority and lifecycle transaction; persistent members replace compound rebuilding	classified at operation boundary; conversion pending
src/app/services/mechanism.service.ts	2097	<record/template>	topology; attachment; material geometry	letter-identity	* so they read as belonging to it, and so `determineNextLetter` walks past	native document authority and lifecycle transaction; persistent members replace compound rebuilding	classified at operation boundary; conversion pending
src/app/services/mechanism.service.ts	2104	determineInteriorNames	topology; attachment; material geometry	point-topology	const taken = new Set(this.joints.map((joint) => joint.id));	native document authority and lifecycle transaction; persistent members replace compound rebuilding	classified at operation boundary; conversion pending
src/app/services/mechanism.service.ts	2120	createRevJoint	topology; attachment; material geometry	letter-identity	id = this.determineNextLetter();	native document authority and lifecycle transaction; persistent members replace compound rebuilding	classified at operation boundary; conversion pending
src/app/services/mechanism.service.ts	2122	createRevJoint	topology; attachment; material geometry	letter-identity	id = this.determineNextLetter([prevID]);	native document authority and lifecycle transaction; persistent members replace compound rebuilding	classified at operation boundary; conversion pending
src/app/services/mechanism.service.ts	2173	lockMarksOf	render mark; selection	point-topology	if (target instanceof RealJoint) return [target];	native rendering roles and typed selection	classified at operation boundary; conversion pending
src/app/services/mechanism.service.ts	2174	lockMarksOf	render mark; selection	point-topology	return target.joints.filter((joint): joint is RealJoint => joint instanceof RealJoint);	native rendering roles and typed selection	classified at operation boundary; conversion pending
src/app/services/mechanism.service.ts	2191	sealedPartOf	topology; attachment; material geometry	point-topology	target instanceof RealJoint &&	native document authority and lifecycle transaction; persistent members replace compound rebuilding	classified at operation boundary; conversion pending
src/app/services/mechanism.service.ts	2230	setAllLocks	selection; attachment	point-topology	this.joints.forEach((joint) => {	native record selection and edit locks/holds	classified at operation boundary; conversion pending
src/app/services/mechanism.service.ts	2231	setAllLocks	selection; attachment	point-topology	if (joint instanceof RealJoint) joint.locked = locked;	native record selection and edit locks/holds	classified at operation boundary; conversion pending
src/app/services/mechanism.service.ts	2248	lockCounts	selection; attachment	point-topology	...this.joints.filter((joint): joint is RealJoint => joint instanceof RealJoint),	native record selection and edit locks/holds	classified at operation boundary; conversion pending
src/app/services/mechanism.service.ts	2260	holdOf	selection; attachment	point-topology	return holdOf(link, this.joints, this.sealedStructures());	native record selection and edit locks/holds	classified at operation boundary; conversion pending
src/app/services/mechanism.service.ts	2340	jointsOrphanedByDeleting	topology; attachment; material geometry	compound-material	[link, ...(link instanceof RealLink ? link.subset : [])].map((one) => one.id)	native document authority and lifecycle transaction; persistent members replace compound rebuilding	classified at operation boundary; conversion pending
src/app/services/mechanism.service.ts	2347	jointsOrphanedByDeleting	topology; attachment; material geometry	compound-material	if (!(candidate instanceof RealLink) || candidate.subset.length === 0) return true;	native document authority and lifecycle transaction; persistent members replace compound rebuilding	classified at operation boundary; conversion pending
src/app/services/mechanism.service.ts	2349	jointsOrphanedByDeleting	topology; attachment; material geometry	compound-material	return candidate.subset.some((leaf) => !doomed.has(leaf.id));	native document authority and lifecycle transaction; persistent members replace compound rebuilding	classified at operation boundary; conversion pending
src/app/services/mechanism.service.ts	2355	jointsOrphanedByDeleting	topology; attachment; material geometry	point-topology	(candidate.joints.includes(joint) ||	native document authority and lifecycle transaction; persistent members replace compound rebuilding	classified at operation boundary; conversion pending
src/app/services/mechanism.service.ts	2356	jointsOrphanedByDeleting	topology; attachment; material geometry	compound-material	(candidate instanceof RealLink &&	native document authority and lifecycle transaction; persistent members replace compound rebuilding	classified at operation boundary; conversion pending
src/app/services/mechanism.service.ts	2357	jointsOrphanedByDeleting	topology; attachment; material geometry	point-topology,compound-material	candidate.subset.some((leaf) => !doomed.has(leaf.id) && leaf.joints.includes(joint))))	native document authority and lifecycle transaction; persistent members replace compound rebuilding	classified at operation boundary; conversion pending
src/app/services/mechanism.service.ts	2369	jointsOrphanedByDeleting	topology; attachment; material geometry	point-topology	return this.joints.filter(	native document authority and lifecycle transaction; persistent members replace compound rebuilding	classified at operation boundary; conversion pending
src/app/services/mechanism.service.ts	2371	jointsOrphanedByDeleting	topology; attachment; material geometry	point-topology	joint instanceof RealJoint && !inside.has(joint.id) && !held(joint)	native document authority and lifecycle transaction; persistent members replace compound rebuilding	classified at operation boundary; conversion pending
src/app/services/mechanism.service.ts	2392	linksRemovedByDeleting	topology; attachment; material geometry	compound-material	const parts = link instanceof RealLink && link.subset.length > 0 ? link.subset : [link];	native document authority and lifecycle transaction; persistent members replace compound rebuilding	classified at operation boundary; conversion pending
src/app/services/mechanism.service.ts	2394	linksRemovedByDeleting	topology; attachment; material geometry	point-topology	if (!part.joints.some((member) => member.id === joint.id)) continue;	native document authority and lifecycle transaction; persistent members replace compound rebuilding	classified at operation boundary; conversion pending
src/app/services/mechanism.service.ts	2395	linksRemovedByDeleting	topology; attachment; material geometry	point-topology	if (part.joints.length < 3) doomed.push(part);	native document authority and lifecycle transaction; persistent members replace compound rebuilding	classified at operation boundary; conversion pending
src/app/services/mechanism.service.ts	2416	duplicateLink	topology; attachment; material geometry	point-topology	const source = link.joints.filter((joint): joint is RealJoint => joint instanceof RealJoint);	native document authority and lifecycle transaction; persistent members replace compound rebuilding	classified at operation boundary; conversion pending
src/app/services/mechanism.service.ts	2423	duplicateLink	topology; attachment; material geometry	letter-identity	// `determineNextLetter` reads the drawing, and none of these are in it	native document authority and lifecycle transaction; persistent members replace compound rebuilding	classified at operation boundary; conversion pending
src/app/services/mechanism.service.ts	2427	duplicateLink	topology; attachment; material geometry	letter-identity	const id = this.determineNextLetter(taken);	native document authority and lifecycle transaction; persistent members replace compound rebuilding	classified at operation boundary; conversion pending
src/app/services/mechanism.service.ts	2455	duplicateLink	topology; attachment; material geometry	shape-frame	copy.massMoI = link.massMoI;	native document authority and lifecycle transaction; persistent members replace compound rebuilding	classified at operation boundary; conversion pending
src/app/services/mechanism.service.ts	2474	duplicateLink	topology; attachment; material geometry	point-topology	if (other.id !== joint.id) joint.connectedJoints.push(other);	native document authority and lifecycle transaction; persistent members replace compound rebuilding	classified at operation boundary; conversion pending
src/app/services/mechanism.service.ts	2477	duplicateLink	topology; attachment; material geometry	point-topology	this.joints.push(...made);	native document authority and lifecycle transaction; persistent members replace compound rebuilding	classified at operation boundary; conversion pending
src/app/services/mechanism.service.ts	2485	canDuplicate	selection; attachment	compound-material	if (!(link instanceof RealLink) || link.subset.length > 0) return false;	native record selection and edit locks/holds	classified at operation boundary; conversion pending
src/app/services/mechanism.service.ts	2487	canDuplicate	selection; attachment	point-topology	return link.joints.filter((joint) => joint instanceof RealJoint).length >= 2;	native record selection and edit locks/holds	classified at operation boundary; conversion pending
src/app/services/mechanism.service.ts	2505	anythingLocked	selection; attachment	point-topology	this.joints.some((joint) => joint instanceof RealJoint && joint.locked) ||	native record selection and edit locks/holds	classified at operation boundary; conversion pending
src/app/services/mechanism.service.ts	2511	toggleWeldedJoint	topology; attachment; material geometry	point-topology	const joint = this.joints.find((j) => j.id === this.activeObjService.selectedJoint?.id) as	native document authority and lifecycle transaction; persistent members replace compound rebuilding	classified at operation boundary; conversion pending
src/app/services/mechanism.service.ts	2524	createNewCompoundLink	topology; attachment; material geometry	compound-material	link.subset.length > 0	native document authority and lifecycle transaction; persistent members replace compound rebuilding	classified at operation boundary; conversion pending
src/app/services/mechanism.service.ts	2525	createNewCompoundLink	topology; attachment; material geometry	compound-material	? (link.subset.filter((item) => item instanceof RealLink) as RealLink[])	native document authority and lifecycle transaction; persistent members replace compound rebuilding	classified at operation boundary; conversion pending
src/app/services/mechanism.service.ts	2538	createNewCompoundLink	topology; attachment; material geometry	compound-material	.filter((link) => link.subset.length > 0)	native document authority and lifecycle transaction; persistent members replace compound rebuilding	classified at operation boundary; conversion pending
src/app/services/mechanism.service.ts	2540	createNewCompoundLink	topology; attachment; material geometry	compound-material	(left, right) => right.subset.length - left.subset.length || left.id.localeCompare(right.id)	native document authority and lifecycle transaction; persistent members replace compound rebuilding	classified at operation boundary; conversion pending
src/app/services/mechanism.service.ts	2567	createNewCompoundLinkFromSubset	topology; attachment; material geometry	point-topology	.flatMap((link) => link.joints)	native document authority and lifecycle transaction; persistent members replace compound rebuilding	classified at operation boundary; conversion pending
src/app/services/mechanism.service.ts	2593	createNewCompoundLinkFromSubset	topology; attachment; material geometry	shape-frame	const massMoI = leaves.reduce(	native document authority and lifecycle transaction; persistent members replace compound rebuilding	classified at operation boundary; conversion pending
src/app/services/mechanism.service.ts	2596	createNewCompoundLinkFromSubset	topology; attachment; material geometry	shape-frame	link.massMoI +	native document authority and lifecycle transaction; persistent members replace compound rebuilding	classified at operation boundary; conversion pending
src/app/services/mechanism.service.ts	2603	createNewCompoundLinkFromSubset	topology; attachment; material geometry	shape-frame	const newLink = new RealLink(id, newLinkJoints, totalMass, massMoI, CoM, leaves);	native document authority and lifecycle transaction; persistent members replace compound rebuilding	classified at operation boundary; conversion pending
src/app/services/mechanism.service.ts	2617	createNewCompoundLinkFromSubset	topology; attachment; material geometry	shape-frame	if (continues?.moiIsCustom) newLink.massMoI = continues.massMoI;	native document authority and lifecycle transaction; persistent members replace compound rebuilding	classified at operation boundary; conversion pending
src/app/services/mechanism.service.ts	2639	rebuildJointGraph	topology; attachment; material geometry	point-topology	const realJoints = this.joints.filter((joint) => joint instanceof RealJoint) as RealJoint[];	native document authority and lifecycle transaction; persistent members replace compound rebuilding	classified at operation boundary; conversion pending
src/app/services/mechanism.service.ts	2642	rebuildJointGraph	topology; attachment; material geometry	point-topology	joint.connectedJoints = [];	native document authority and lifecycle transaction; persistent members replace compound rebuilding	classified at operation boundary; conversion pending
src/app/services/mechanism.service.ts	2646	rebuildJointGraph	topology; attachment; material geometry	point-topology	const jointsOnLink = link.joints.filter((joint) => joint instanceof RealJoint) as RealJoint[];	native document authority and lifecycle transaction; persistent members replace compound rebuilding	classified at operation boundary; conversion pending
src/app/services/mechanism.service.ts	2652	rebuildJointGraph	topology; attachment; material geometry	point-topology	!joint.connectedJoints.some((candidate) => candidate.id === otherJoint.id)	native document authority and lifecycle transaction; persistent members replace compound rebuilding	classified at operation boundary; conversion pending
src/app/services/mechanism.service.ts	2654	rebuildJointGraph	topology; attachment; material geometry	point-topology	joint.connectedJoints.push(otherJoint);	native document authority and lifecycle transaction; persistent members replace compound rebuilding	classified at operation boundary; conversion pending
src/app/services/mechanism.service.ts	2664	attachForceToLink	attachment; material geometry	compound-material	if (candidate instanceof RealLink) {	stable material load owner and body-local application point	classified at operation boundary; conversion pending
src/app/services/mechanism.service.ts	2665	attachForceToLink	attachment; material geometry	compound-material	candidate.subset.forEach((subset) => {	stable material load owner and body-local application point	classified at operation boundary; conversion pending
src/app/services/mechanism.service.ts	2674	attachForceToLink	attachment; material geometry	compound-material	if (link.subset.length === 0) force.anchoredTo = link.id;	stable material load owner and body-local application point	classified at operation boundary; conversion pending
src/app/services/mechanism.service.ts	2683	detachForce	attachment; material geometry	compound-material	if (link instanceof RealLink) {	stable material load owner and body-local application point	classified at operation boundary; conversion pending
src/app/services/mechanism.service.ts	2684	detachForce	attachment; material geometry	compound-material	link.subset.forEach((subset) => {	stable material load owner and body-local application point	classified at operation boundary; conversion pending
src/app/services/mechanism.service.ts	2715	finishStructuralEdit	topology; attachment; material geometry	point-topology	this.activeObjService.reconcilePartSelection(this.joints, this.links, this.forces);	native document authority and lifecycle transaction; persistent members replace compound rebuilding	classified at operation boundary; conversion pending
src/app/services/mechanism.service.ts	2732	assignBodyMass	material geometry; render mark	compound-material	if (body instanceof RealLink && body.subset.length > 0) {	material/group mass, explicit unit conversion and view-only mark scale	classified at operation boundary; conversion pending
src/app/services/mechanism.service.ts	2733	assignBodyMass	material geometry; render mark	compound-material	const members = body.subset;	material/group mass, explicit unit conversion and view-only mark scale	classified at operation boundary; conversion pending
src/app/services/mechanism.service.ts	2739	assignBodyMass	material geometry; render mark	compound-material	const root = this.rootLinkOwning(body);	material/group mass, explicit unit conversion and view-only mark scale	classified at operation boundary; conversion pending
src/app/services/mechanism.service.ts	2755	rootLinkOwning	topology; attachment; material geometry	compound-material	rootLinkOwning(link: Link): Link | undefined {	native document authority and lifecycle transaction; persistent members replace compound rebuilding	classified at operation boundary; conversion pending
src/app/services/mechanism.service.ts	2758	rootLinkOwning	topology; attachment; material geometry	compound-material	(candidate instanceof RealLink && candidate.subset.some(contains));	native document authority and lifecycle transaction; persistent members replace compound rebuilding	classified at operation boundary; conversion pending
src/app/services/mechanism.service.ts	2768	<record/template>	topology; attachment; material geometry	point-topology	* `connectedJoints`, so nothing that rebuilds those structures notices. Left	native document authority and lifecycle transaction; persistent members replace compound rebuilding	classified at operation boundary; conversion pending
src/app/services/mechanism.service.ts	2808	reconcileSlots	topology; attachment; material geometry	point-topology	this.joints.forEach((joint) => {	native document authority and lifecycle transaction; persistent members replace compound rebuilding	classified at operation boundary; conversion pending
src/app/services/mechanism.service.ts	2809	reconcileSlots	topology; attachment; material geometry	point-topology	if (!(joint instanceof PrisJoint) || !joint.isFloating) return;	native document authority and lifecycle transaction; persistent members replace compound rebuilding	classified at operation boundary; conversion pending
src/app/services/mechanism.service.ts	2820	reconcileSlots	topology; attachment; material geometry	compound-material	this.rootLinkOwning(carrier) ?? this.rootCarrying(carrier, slotJointA, slotJointB);	native document authority and lifecycle transaction; persistent members replace compound rebuilding	classified at operation boundary; conversion pending
src/app/services/mechanism.service.ts	2854	rootCarrying	topology; attachment; material geometry	compound-material	private rootCarrying(carrier: Link, a: Joint, b: Joint): Link | undefined {	native document authority and lifecycle transaction; persistent members replace compound rebuilding	classified at operation boundary; conversion pending
src/app/services/mechanism.service.ts	2856	rootCarrying	topology; attachment; material geometry	compound-material	carrier instanceof RealLink && carrier.subset.length > 0 ? carrier.subset : [carrier];	native document authority and lifecycle transaction; persistent members replace compound rebuilding	classified at operation boundary; conversion pending
src/app/services/mechanism.service.ts	2859	rootCarrying	topology; attachment; material geometry	compound-material	const root = this.rootLinkOwning(member);	native document authority and lifecycle transaction; persistent members replace compound rebuilding	classified at operation boundary; conversion pending
src/app/services/mechanism.service.ts	2860	rootCarrying	topology; attachment; material geometry	point-topology	if (root && root.joints.includes(a) && root.joints.includes(b)) found.add(root);	native document authority and lifecycle transaction; persistent members replace compound rebuilding	classified at operation boundary; conversion pending
src/app/services/mechanism.service.ts	2882	reconcileAssemblyWelds	topology; attachment; material geometry	point-topology	this.joints.forEach((joint) => {	native document authority and lifecycle transaction; persistent members replace compound rebuilding	classified at operation boundary; conversion pending
src/app/services/mechanism.service.ts	2883	reconcileAssemblyWelds	topology; attachment; material geometry	point-topology	if (!(joint instanceof RealJoint) || !joint.isWelded) return;	native document authority and lifecycle transaction; persistent members replace compound rebuilding	classified at operation boundary; conversion pending
src/app/services/mechanism.service.ts	2926	reconcileAssemblyWelds	topology; attachment; material geometry	point-topology,compound-material	(link): link is RealLink => link instanceof RealLink && link.joints.includes(joint)	native document authority and lifecycle transaction; persistent members replace compound rebuilding	classified at operation boundary; conversion pending
src/app/services/mechanism.service.ts	3002	mergeJoints	topology; attachment; material geometry	point-topology	this.joints.forEach((joint) => {	native document authority and lifecycle transaction; persistent members replace compound rebuilding	classified at operation boundary; conversion pending
src/app/services/mechanism.service.ts	3003	mergeJoints	topology; attachment; material geometry	point-topology	if (!(joint instanceof PrisJoint) || !joint.isFloating) return;	native document authority and lifecycle transaction; persistent members replace compound rebuilding	classified at operation boundary; conversion pending
src/app/services/mechanism.service.ts	3014	mergeJoints	topology; attachment; material geometry	point-topology	this.joints = this.joints.filter((joint) => joint.id !== source.id);	native document authority and lifecycle transaction; persistent members replace compound rebuilding	classified at operation boundary; conversion pending
src/app/services/mechanism.service.ts	3017	mergeJoints	topology; attachment; material geometry	point-topology	// or joint.connectedJoints, so connectivity has to be re-derived first.	native document authority and lifecycle transaction; persistent members replace compound rebuilding	classified at operation boundary; conversion pending
src/app/services/mechanism.service.ts	3022	mergeJoints	topology; attachment; material geometry	point-topology	this.joints.forEach((joint) => {	native document authority and lifecycle transaction; persistent members replace compound rebuilding	classified at operation boundary; conversion pending
src/app/services/mechanism.service.ts	3023	mergeJoints	topology; attachment; material geometry	point-topology	if (!(joint instanceof PrisJoint)) return;	native document authority and lifecycle transaction; persistent members replace compound rebuilding	classified at operation boundary; conversion pending
src/app/services/mechanism.service.ts	3024	mergeJoints	topology; attachment; material geometry	point-topology	if (!joint.connectedJoints.some((connected) => connected.id === target.id)) return;	native document authority and lifecycle transaction; persistent members replace compound rebuilding	classified at operation boundary; conversion pending
src/app/services/mechanism.service.ts	3045	replaceJointInLink	topology; attachment; material geometry	compound-material	if (link instanceof RealLink) {	native document authority and lifecycle transaction; persistent members replace compound rebuilding	classified at operation boundary; conversion pending
src/app/services/mechanism.service.ts	3046	replaceJointInLink	topology; attachment; material geometry	compound-material	link.subset.forEach((sub) => this.replaceJointInLink(sub, source, target));	native document authority and lifecycle transaction; persistent members replace compound rebuilding	classified at operation boundary; conversion pending
src/app/services/mechanism.service.ts	3048	replaceJointInLink	topology; attachment; material geometry	point-topology	const index = link.joints.findIndex((joint) => joint.id === source.id);	native document authority and lifecycle transaction; persistent members replace compound rebuilding	classified at operation boundary; conversion pending
src/app/services/mechanism.service.ts	3053	replaceJointInLink	topology; attachment; material geometry	point-topology	link.joints[index] = target;	native document authority and lifecycle transaction; persistent members replace compound rebuilding	classified at operation boundary; conversion pending
src/app/services/mechanism.service.ts	3056	replaceJointInLink	topology; attachment; material geometry	point-topology	link.id = link.joints	native document authority and lifecycle transaction; persistent members replace compound rebuilding	classified at operation boundary; conversion pending
src/app/services/mechanism.service.ts	3067	replaceJointInLink	topology; attachment; material geometry	compound-material	if (link instanceof RealLink) {	native document authority and lifecycle transaction; persistent members replace compound rebuilding	classified at operation boundary; conversion pending
src/app/services/mechanism.service.ts	3069	replaceJointInLink	topology; attachment; material geometry	point-topology	link.CoM = RealLink.determineCenterOfMass(link.joints);	native document authority and lifecycle transaction; persistent members replace compound rebuilding	classified at operation boundary; conversion pending
src/app/services/mechanism.service.ts	3095	<record/template>	topology; attachment; material geometry	shape-frame	angleRad: number;	native document authority and lifecycle transaction; persistent members replace compound rebuilding	classified at operation boundary; conversion pending
src/app/services/mechanism.service.ts	3120	canDeleteTracerAtPose	topology; attachment; material geometry	point-topology	if (!(joint instanceof RevJoint) || joint.ground || joint.input || joint.isWelded) return false;	native document authority and lifecycle transaction; persistent members replace compound rebuilding	classified at operation boundary; conversion pending
src/app/services/mechanism.service.ts	3123	canDeleteTracerAtPose	topology; attachment; material geometry	point-topology,compound-material	if (!(link instanceof RealLink) || link.subset.length > 0 || link.joints.length < 3)	native document authority and lifecycle transaction; persistent members replace compound rebuilding	classified at operation boundary; conversion pending
src/app/services/mechanism.service.ts	3126	canDeleteTracerAtPose	topology; attachment; material geometry	point-topology	this.joints.some(	native document authority and lifecycle transaction; persistent members replace compound rebuilding	classified at operation boundary; conversion pending
src/app/services/mechanism.service.ts	3128	canDeleteTracerAtPose	topology; attachment; material geometry	point-topology	other instanceof PrisJoint &&	native document authority and lifecycle transaction; persistent members replace compound rebuilding	classified at operation boundary; conversion pending
src/app/services/mechanism.service.ts	3148	deleteJoint	topology; attachment; material geometry	point-topology	// into `this.joints` without re-checking, so -1 there is a TypeError on one	native document authority and lifecycle transaction; persistent members replace compound rebuilding	classified at operation boundary; conversion pending
src/app/services/mechanism.service.ts	3152	deleteJoint	topology; attachment; material geometry	point-topology	if (!selected || !this.joints.some((joint) => joint.id === selected.id)) return;	native document authority and lifecycle transaction; persistent members replace compound rebuilding	classified at operation boundary; conversion pending
src/app/services/mechanism.service.ts	3184	deleteJoint	topology; attachment; material geometry	point-topology	if (!this.joints.some((joint) => joint.id === doomed.id)) {	native document authority and lifecycle transaction; persistent members replace compound rebuilding	classified at operation boundary; conversion pending
src/app/services/mechanism.service.ts	3206	deleteJoint	topology; attachment; material geometry	point-topology,compound-material	link instanceof RealLink && link.subset.length > 0 && link.joints.includes(doomed)	native document authority and lifecycle transaction; persistent members replace compound rebuilding	classified at operation boundary; conversion pending
src/app/services/mechanism.service.ts	3220	deleteJoint	topology; attachment; material geometry	point-topology	this.joints	native document authority and lifecycle transaction; persistent members replace compound rebuilding	classified at operation boundary; conversion pending
src/app/services/mechanism.service.ts	3232	deleteJoint	topology; attachment; material geometry	point-topology	if (l.joints.length < 3) {	native document authority and lifecycle transaction; persistent members replace compound rebuilding	classified at operation boundary; conversion pending
src/app/services/mechanism.service.ts	3237	deleteJoint	topology; attachment; material geometry	compound-material	if (l instanceof RealLink) {	native document authority and lifecycle transaction; persistent members replace compound rebuilding	classified at operation boundary; conversion pending
src/app/services/mechanism.service.ts	3243	deleteJoint	topology; attachment; material geometry	point-topology	l.joints[0].id === this.activeObjService.selectedJoint.id	native document authority and lifecycle transaction; persistent members replace compound rebuilding	classified at operation boundary; conversion pending
src/app/services/mechanism.service.ts	3244	deleteJoint	topology; attachment; material geometry	point-topology	? l.joints[1].id	native document authority and lifecycle transaction; persistent members replace compound rebuilding	classified at operation boundary; conversion pending
src/app/services/mechanism.service.ts	3245	deleteJoint	topology; attachment; material geometry	point-topology	: l.joints[0].id;	native document authority and lifecycle transaction; persistent members replace compound rebuilding	classified at operation boundary; conversion pending
src/app/services/mechanism.service.ts	3246	deleteJoint	topology; attachment; material geometry	point-topology	const desiredJointIndex = this.gridUtils.findJointIDIndex(desiredJointID, this.joints);	native document authority and lifecycle transaction; persistent members replace compound rebuilding	classified at operation boundary; conversion pending
src/app/services/mechanism.service.ts	3249	deleteJoint	topology; attachment; material geometry	point-topology	(this.joints[desiredJointIndex] as RealJoint).connectedJoints	native document authority and lifecycle transaction; persistent members replace compound rebuilding	classified at operation boundary; conversion pending
src/app/services/mechanism.service.ts	3251	deleteJoint	topology; attachment; material geometry	point-topology	(this.joints[desiredJointIndex] as RealJoint).connectedJoints.splice(deleteJointIndex, 1);	native document authority and lifecycle transaction; persistent members replace compound rebuilding	classified at operation boundary; conversion pending
src/app/services/mechanism.service.ts	3252	deleteJoint	topology; attachment; material geometry	point-topology	const deleteLinkIndex = (this.joints[desiredJointIndex] as RealJoint).links.findIndex(	native document authority and lifecycle transaction; persistent members replace compound rebuilding	classified at operation boundary; conversion pending
src/app/services/mechanism.service.ts	3254	deleteJoint	topology; attachment; material geometry	compound-material	if (!(lin instanceof RealLink)) {	native document authority and lifecycle transaction; persistent members replace compound rebuilding	classified at operation boundary; conversion pending
src/app/services/mechanism.service.ts	3260	deleteJoint	topology; attachment; material geometry	point-topology	(this.joints[desiredJointIndex] as RealJoint).links.splice(deleteLinkIndex, 1);	native document authority and lifecycle transaction; persistent members replace compound rebuilding	classified at operation boundary; conversion pending
src/app/services/mechanism.service.ts	3265	deleteJoint	topology; attachment; material geometry	point-topology	l.joints.forEach((jt) => {	native document authority and lifecycle transaction; persistent members replace compound rebuilding	classified at operation boundary; conversion pending
src/app/services/mechanism.service.ts	3266	deleteJoint	topology; attachment; material geometry	point-topology	if (!(jt instanceof RealJoint)) {	native document authority and lifecycle transaction; persistent members replace compound rebuilding	classified at operation boundary; conversion pending
src/app/services/mechanism.service.ts	3272	deleteJoint	topology; attachment; material geometry	point-topology	const deleteJointIndex = jt.connectedJoints.findIndex(	native document authority and lifecycle transaction; persistent members replace compound rebuilding	classified at operation boundary; conversion pending
src/app/services/mechanism.service.ts	3275	deleteJoint	topology; attachment; material geometry	point-topology	jt.connectedJoints.splice(deleteJointIndex, 1);	native document authority and lifecycle transaction; persistent members replace compound rebuilding	classified at operation boundary; conversion pending
src/app/services/mechanism.service.ts	3278	deleteJoint	topology; attachment; material geometry	point-topology	const delJointIndex = l.joints.findIndex(	native document authority and lifecycle transaction; persistent members replace compound rebuilding	classified at operation boundary; conversion pending
src/app/services/mechanism.service.ts	3281	deleteJoint	topology; attachment; material geometry	point-topology	l.joints.splice(delJointIndex, 1);	native document authority and lifecycle transaction; persistent members replace compound rebuilding	classified at operation boundary; conversion pending
src/app/services/mechanism.service.ts	3283	deleteJoint	topology; attachment; material geometry	compound-material	if (!(l instanceof RealLink)) {	native document authority and lifecycle transaction; persistent members replace compound rebuilding	classified at operation boundary; conversion pending
src/app/services/mechanism.service.ts	3288	deleteJoint	topology; attachment; material geometry	compound-material	const subsets = l.subset;	native document authority and lifecycle transaction; persistent members replace compound rebuilding	classified at operation boundary; conversion pending
src/app/services/mechanism.service.ts	3294	deleteJoint	topology; attachment; material geometry	compound-material	l.subset.forEach((s) =>	native document authority and lifecycle transaction; persistent members replace compound rebuilding	classified at operation boundary; conversion pending
src/app/services/mechanism.service.ts	3299	deleteJointFromLink	topology; attachment; material geometry	point-topology	let delJointIndex = l.joints.findIndex((jt) => jt.id === j.id);	native document authority and lifecycle transaction; persistent members replace compound rebuilding	classified at operation boundary; conversion pending
src/app/services/mechanism.service.ts	3303	deleteJointFromLink	topology; attachment; material geometry	point-topology	l.joints.splice(delJointIndex, 1);	native document authority and lifecycle transaction; persistent members replace compound rebuilding	classified at operation boundary; conversion pending
src/app/services/mechanism.service.ts	3317	deleteJoint	topology; attachment; material geometry	compound-material	l_subset_index < l.subset.length;	native document authority and lifecycle transaction; persistent members replace compound rebuilding	classified at operation boundary; conversion pending
src/app/services/mechanism.service.ts	3320	deleteJoint	topology; attachment; material geometry	compound-material	const sub = l.subset[l_subset_index];	native document authority and lifecycle transaction; persistent members replace compound rebuilding	classified at operation boundary; conversion pending
src/app/services/mechanism.service.ts	3330	deleteJoint	topology; attachment; material geometry	point-topology	const sharesAJoint = sub.joints.some((joint) =>	native document authority and lifecycle transaction; persistent members replace compound rebuilding	classified at operation boundary; conversion pending
src/app/services/mechanism.service.ts	3333	deleteJoint	topology; attachment; material geometry	point-topology	other !== sub && other.joints.some((candidate) => candidate.id === joint.id)	native document authority and lifecycle transaction; persistent members replace compound rebuilding	classified at operation boundary; conversion pending
src/app/services/mechanism.service.ts	3338	deleteJoint	topology; attachment; material geometry	point-topology	if (sub.joints.length > 1) {	native document authority and lifecycle transaction; persistent members replace compound rebuilding	classified at operation boundary; conversion pending
src/app/services/mechanism.service.ts	3339	deleteJoint	topology; attachment; material geometry	point-topology	sub.joints.forEach((childJoint) => {	native document authority and lifecycle transaction; persistent members replace compound rebuilding	classified at operation boundary; conversion pending
src/app/services/mechanism.service.ts	3340	deleteJoint	topology; attachment; material geometry	point-topology	if (!(childJoint instanceof RealJoint)) {	native document authority and lifecycle transaction; persistent members replace compound rebuilding	classified at operation boundary; conversion pending
src/app/services/mechanism.service.ts	3346	deleteJoint	topology; attachment; material geometry	point-topology	childJoint.connectedJoints = [];	native document authority and lifecycle transaction; persistent members replace compound rebuilding	classified at operation boundary; conversion pending
src/app/services/mechanism.service.ts	3348	deleteJoint	topology; attachment; material geometry	compound-material	if (!(li instanceof RealLink)) {	native document authority and lifecycle transaction; persistent members replace compound rebuilding	classified at operation boundary; conversion pending
src/app/services/mechanism.service.ts	3351	deleteJoint	topology; attachment; material geometry	point-topology	li.joints.forEach((jt) => {	native document authority and lifecycle transaction; persistent members replace compound rebuilding	classified at operation boundary; conversion pending
src/app/services/mechanism.service.ts	3354	deleteJoint	topology; attachment; material geometry	point-topology	childJoint.connectedJoints.findIndex((jt2) => jt2.id === jt.id) !== -1 ||	native document authority and lifecycle transaction; persistent members replace compound rebuilding	classified at operation boundary; conversion pending
src/app/services/mechanism.service.ts	3359	deleteJoint	topology; attachment; material geometry	point-topology	childJoint.connectedJoints.push(jt);	native document authority and lifecycle transaction; persistent members replace compound rebuilding	classified at operation boundary; conversion pending
src/app/services/mechanism.service.ts	3365	deleteJoint	topology; attachment; material geometry	point-topology	} else if (sub.joints.length === 1) {	native document authority and lifecycle transaction; persistent members replace compound rebuilding	classified at operation boundary; conversion pending
src/app/services/mechanism.service.ts	3367	deleteJoint	topology; attachment; material geometry	compound-material	const curSubIndex = l.subset.findIndex((su) => su.id === sub.id);	native document authority and lifecycle transaction; persistent members replace compound rebuilding	classified at operation boundary; conversion pending
src/app/services/mechanism.service.ts	3369	deleteJoint	topology; attachment; material geometry	compound-material	l.subset.forEach((su, su_index) => {	native document authority and lifecycle transaction; persistent members replace compound rebuilding	classified at operation boundary; conversion pending
src/app/services/mechanism.service.ts	3370	deleteJoint	topology; attachment; material geometry	compound-material	if (!(su instanceof RealLink) || su_index === curSubIndex) {	native document authority and lifecycle transaction; persistent members replace compound rebuilding	classified at operation boundary; conversion pending
src/app/services/mechanism.service.ts	3373	deleteJoint	topology; attachment; material geometry	point-topology	if (su.joints.findIndex((jt) => jt.id === sub.joints[0].id) !== -1) {	native document authority and lifecycle transaction; persistent members replace compound rebuilding	classified at operation boundary; conversion pending
src/app/services/mechanism.service.ts	3378	deleteJoint	topology; attachment; material geometry	compound-material	// just splice the l_sub_index from l.subset	native document authority and lifecycle transaction; persistent members replace compound rebuilding	classified at operation boundary; conversion pending
src/app/services/mechanism.service.ts	3379	deleteJoint	topology; attachment; material geometry	compound-material	l.subset.splice(l_subset_index, 1);	native document authority and lifecycle transaction; persistent members replace compound rebuilding	classified at operation boundary; conversion pending
src/app/services/mechanism.service.ts	3384	deleteJoint	topology; attachment; material geometry	point-topology	const delLinkIndex = (sub.joints[0] as RealJoint).links.findIndex(	native document authority and lifecycle transaction; persistent members replace compound rebuilding	classified at operation boundary; conversion pending
src/app/services/mechanism.service.ts	3387	deleteJoint	topology; attachment; material geometry	point-topology	(sub.joints[0] as RealJoint).links.splice(delLinkIndex, 1);	native document authority and lifecycle transaction; persistent members replace compound rebuilding	classified at operation boundary; conversion pending
src/app/services/mechanism.service.ts	3388	deleteJoint	topology; attachment; material geometry	point-topology	(sub.joints[0] as RealJoint).connectedJoints = [];	native document authority and lifecycle transaction; persistent members replace compound rebuilding	classified at operation boundary; conversion pending
src/app/services/mechanism.service.ts	3389	deleteJoint	topology; attachment; material geometry	point-topology	(sub.joints[0] as RealJoint).links.forEach((childLink) => {	native document authority and lifecycle transaction; persistent members replace compound rebuilding	classified at operation boundary; conversion pending
src/app/services/mechanism.service.ts	3390	deleteJoint	topology; attachment; material geometry	compound-material	if (!(childLink instanceof RealLink)) {	native document authority and lifecycle transaction; persistent members replace compound rebuilding	classified at operation boundary; conversion pending
src/app/services/mechanism.service.ts	3393	deleteJoint	topology; attachment; material geometry	point-topology	// Check to see if joint from link already within connectedJoints	native document authority and lifecycle transaction; persistent members replace compound rebuilding	classified at operation boundary; conversion pending
src/app/services/mechanism.service.ts	3394	deleteJoint	topology; attachment; material geometry	point-topology	childLink.joints.forEach((jt) =>	native document authority and lifecycle transaction; persistent members replace compound rebuilding	classified at operation boundary; conversion pending
src/app/services/mechanism.service.ts	3395	deleteJoint	topology; attachment; material geometry	point-topology	(sub.joints[0] as RealJoint).connectedJoints.push(jt)	native document authority and lifecycle transaction; persistent members replace compound rebuilding	classified at operation boundary; conversion pending
src/app/services/mechanism.service.ts	3399	deleteJoint	topology; attachment; material geometry	point-topology	(fixedloc) => fixedloc.id === sub.joints[0].id	native document authority and lifecycle transaction; persistent members replace compound rebuilding	classified at operation boundary; conversion pending
src/app/services/mechanism.service.ts	3402	deleteJoint	topology; attachment; material geometry	point-topology	if (l.fixedLocation.fixedPoint === sub.joints[0].id) {	native document authority and lifecycle transaction; persistent members replace compound rebuilding	classified at operation boundary; conversion pending
src/app/services/mechanism.service.ts	3406	deleteJoint	topology; attachment; material geometry	compound-material	l.subset.splice(l_subset_index, 1);	native document authority and lifecycle transaction; persistent members replace compound rebuilding	classified at operation boundary; conversion pending
src/app/services/mechanism.service.ts	3411	deleteJoint	topology; attachment; material geometry	compound-material	const sliceIndex = l.subset.findIndex((s) => s.id === sub.id);	native document authority and lifecycle transaction; persistent members replace compound rebuilding	classified at operation boundary; conversion pending
src/app/services/mechanism.service.ts	3412	deleteJoint	topology; attachment; material geometry	compound-material	l.subset.splice(sliceIndex, 1);	native document authority and lifecycle transaction; persistent members replace compound rebuilding	classified at operation boundary; conversion pending
src/app/services/mechanism.service.ts	3416	deleteJoint	topology; attachment; material geometry	point-topology	sub.joints.forEach((jt) => {	native document authority and lifecycle transaction; persistent members replace compound rebuilding	classified at operation boundary; conversion pending
src/app/services/mechanism.service.ts	3417	deleteJoint	topology; attachment; material geometry	point-topology	if (!(jt instanceof RealJoint)) {	native document authority and lifecycle transaction; persistent members replace compound rebuilding	classified at operation boundary; conversion pending
src/app/services/mechanism.service.ts	3420	deleteJoint	topology; attachment; material geometry	point-topology	const deleteJointIndex = l.joints.findIndex((jt2) => jt2.id === jt.id);	native document authority and lifecycle transaction; persistent members replace compound rebuilding	classified at operation boundary; conversion pending
src/app/services/mechanism.service.ts	3424	deleteJoint	topology; attachment; material geometry	point-topology	l.joints.splice(deleteJointIndex, 1);	native document authority and lifecycle transaction; persistent members replace compound rebuilding	classified at operation boundary; conversion pending
src/app/services/mechanism.service.ts	3427	deleteJoint	topology; attachment; material geometry	point-topology	l.joints.forEach((jt) => {	native document authority and lifecycle transaction; persistent members replace compound rebuilding	classified at operation boundary; conversion pending
src/app/services/mechanism.service.ts	3428	deleteJoint	topology; attachment; material geometry	point-topology	if (!(jt instanceof RealJoint)) {	native document authority and lifecycle transaction; persistent members replace compound rebuilding	classified at operation boundary; conversion pending
src/app/services/mechanism.service.ts	3433	deleteJoint	topology; attachment; material geometry	point-topology	connectedJointIndex < jt.connectedJoints.length;	native document authority and lifecycle transaction; persistent members replace compound rebuilding	classified at operation boundary; conversion pending
src/app/services/mechanism.service.ts	3436	deleteJoint	topology; attachment; material geometry	point-topology	const jt2 = jt.connectedJoints[connectedJointIndex] as RealJoint;	native document authority and lifecycle transaction; persistent members replace compound rebuilding	classified at operation boundary; conversion pending
src/app/services/mechanism.service.ts	3438	deleteJoint	topology; attachment; material geometry	point-topology	const delConnectedJoint = sub.joints.findIndex((jt3) => jt3.id === jt2.id) !== -1;	native document authority and lifecycle transaction; persistent members replace compound rebuilding	classified at operation boundary; conversion pending
src/app/services/mechanism.service.ts	3440	deleteJoint	topology; attachment; material geometry	point-topology	jt.connectedJoints.splice(connectedJointIndex, 1);	native document authority and lifecycle transaction; persistent members replace compound rebuilding	classified at operation boundary; conversion pending
src/app/services/mechanism.service.ts	3447	deleteJoint	topology; attachment; material geometry	point-topology	} else if (sub.joints.length === 1) {	native document authority and lifecycle transaction; persistent members replace compound rebuilding	classified at operation boundary; conversion pending
src/app/services/mechanism.service.ts	3451	deleteJoint	topology; attachment; material geometry	compound-material	l.subset.splice(l_subset_index, 1);	native document authority and lifecycle transaction; persistent members replace compound rebuilding	classified at operation boundary; conversion pending
src/app/services/mechanism.service.ts	3474	deleteJoint	topology; attachment; material geometry	compound-material	if (l.subset.length === 1) {	native document authority and lifecycle transaction; persistent members replace compound rebuilding	classified at operation boundary; conversion pending
src/app/services/mechanism.service.ts	3476	deleteJoint	topology; attachment; material geometry	compound-material	const survivor = l.subset[0];	native document authority and lifecycle transaction; persistent members replace compound rebuilding	classified at operation boundary; conversion pending
src/app/services/mechanism.service.ts	3480	deleteJoint	topology; attachment; material geometry	point-topology	survivor.joints.forEach((jt) => {	native document authority and lifecycle transaction; persistent members replace compound rebuilding	classified at operation boundary; conversion pending
src/app/services/mechanism.service.ts	3481	deleteJoint	topology; attachment; material geometry	point-topology	if (!(jt instanceof RealJoint)) {	native document authority and lifecycle transaction; persistent members replace compound rebuilding	classified at operation boundary; conversion pending
src/app/services/mechanism.service.ts	3489	deleteJoint	topology; attachment; material geometry	compound-material	} else if (l.subset.length === 0) {	native document authority and lifecycle transaction; persistent members replace compound rebuilding	classified at operation boundary; conversion pending
src/app/services/mechanism.service.ts	3494	deleteJoint	topology; attachment; material geometry	compound-material	if (l instanceof SliderBlock) {	native document authority and lifecycle transaction; persistent members replace compound rebuilding	classified at operation boundary; conversion pending
src/app/services/mechanism.service.ts	3496	deleteJoint	topology; attachment; material geometry	point-topology	l.joints.forEach((j) => {	native document authority and lifecycle transaction; persistent members replace compound rebuilding	classified at operation boundary; conversion pending
src/app/services/mechanism.service.ts	3498	deleteJoint	topology; attachment; material geometry	point-topology	this.joints.splice(this.gridUtils.findJointIDIndex(j.id, this.joints), 1);	native document authority and lifecycle transaction; persistent members replace compound rebuilding	classified at operation boundary; conversion pending
src/app/services/mechanism.service.ts	3514	deleteJointWithinLinkAndSubsets	topology; attachment; material geometry	point-topology	const jointIndex = link.joints.findIndex((j) => j.id === joint.id);	native document authority and lifecycle transaction; persistent members replace compound rebuilding	classified at operation boundary; conversion pending
src/app/services/mechanism.service.ts	3516	deleteJointWithinLinkAndSubsets	topology; attachment; material geometry	point-topology	link.joints.splice(jointIndex, 1);	native document authority and lifecycle transaction; persistent members replace compound rebuilding	classified at operation boundary; conversion pending
src/app/services/mechanism.service.ts	3521	deleteJointWithinLinkAndSubsets	topology; attachment; material geometry	compound-material	link.subset.forEach((li) => {	native document authority and lifecycle transaction; persistent members replace compound rebuilding	classified at operation boundary; conversion pending
src/app/services/mechanism.service.ts	3522	deleteJointWithinLinkAndSubsets	topology; attachment; material geometry	compound-material	if (!(li instanceof RealLink)) {	native document authority and lifecycle transaction; persistent members replace compound rebuilding	classified at operation boundary; conversion pending
src/app/services/mechanism.service.ts	3533	deleteJoint	topology; attachment; material geometry	compound-material	if (!(l instanceof RealLink)) {	native document authority and lifecycle transaction; persistent members replace compound rebuilding	classified at operation boundary; conversion pending
src/app/services/mechanism.service.ts	3539	deleteJoint	topology; attachment; material geometry	point-topology	this.joints.splice(jointIndex, 1);	native document authority and lifecycle transaction; persistent members replace compound rebuilding	classified at operation boundary; conversion pending
src/app/services/mechanism.service.ts	3556	splitSubset	topology; attachment; material geometry	point-topology	const linksConnectedToJoint = subset.filter((l) => l.joints.includes(joint));	native document authority and lifecycle transaction; persistent members replace compound rebuilding	classified at operation boundary; conversion pending
src/app/services/mechanism.service.ts	3613	addJointAtCOM	topology; attachment; material geometry	point-topology	let joint1 = link.joints[0];	native document authority and lifecycle transaction; persistent members replace compound rebuilding	classified at operation boundary; conversion pending
src/app/services/mechanism.service.ts	3614	addJointAtCOM	topology; attachment; material geometry	point-topology	let joint2 = link.joints[1];	native document authority and lifecycle transaction; persistent members replace compound rebuilding	classified at operation boundary; conversion pending
src/app/services/mechanism.service.ts	3641	addJointAt	topology; attachment; material geometry	letter-identity	const newId = this.determineNextLetter();	native document authority and lifecycle transaction; persistent members replace compound rebuilding	classified at operation boundary; conversion pending
src/app/services/mechanism.service.ts	3649	addJointAt	topology; attachment; material geometry	point-topology	this.joints.push(newJoint);	native document authority and lifecycle transaction; persistent members replace compound rebuilding	classified at operation boundary; conversion pending
src/app/services/mechanism.service.ts	3659	<record/template>	topology; attachment; material geometry	point-topology	* tracer point does. Neither pushes the joint onto `this.joints` or saves —	native document authority and lifecycle transaction; persistent members replace compound rebuilding	classified at operation boundary; conversion pending
src/app/services/mechanism.service.ts	3665	graftJointOnto	topology; attachment; material geometry	point-topology	link.joints.forEach((member) => {	native document authority and lifecycle transaction; persistent members replace compound rebuilding	classified at operation boundary; conversion pending
src/app/services/mechanism.service.ts	3666	graftJointOnto	topology; attachment; material geometry	point-topology	if (!(member instanceof RealJoint)) return;	native document authority and lifecycle transaction; persistent members replace compound rebuilding	classified at operation boundary; conversion pending
src/app/services/mechanism.service.ts	3667	graftJointOnto	topology; attachment; material geometry	point-topology	member.connectedJoints.push(joint);	native document authority and lifecycle transaction; persistent members replace compound rebuilding	classified at operation boundary; conversion pending
src/app/services/mechanism.service.ts	3668	graftJointOnto	topology; attachment; material geometry	point-topology	joint.connectedJoints.push(member);	native document authority and lifecycle transaction; persistent members replace compound rebuilding	classified at operation boundary; conversion pending
src/app/services/mechanism.service.ts	3675	graftJointOnto	topology; attachment; material geometry	point-topology	link.lastSelectedSublink.joints.push(joint);	native document authority and lifecycle transaction; persistent members replace compound rebuilding	classified at operation boundary; conversion pending
src/app/services/mechanism.service.ts	3678	graftJointOnto	topology; attachment; material geometry	point-topology	link.joints.push(joint);	native document authority and lifecycle transaction; persistent members replace compound rebuilding	classified at operation boundary; conversion pending
src/app/services/mechanism.service.ts	3680	graftJointOnto	topology; attachment; material geometry	shape-frame	link.d = link.getPathString();	native document authority and lifecycle transaction; persistent members replace compound rebuilding	classified at operation boundary; conversion pending
src/app/services/mechanism.service.ts	3700	deleteLink	topology; attachment; material geometry	compound-material	const leaves = link instanceof RealLink && link.subset.length > 0 ? link.subset : [link!];	native document authority and lifecycle transaction; persistent members replace compound rebuilding	classified at operation boundary; conversion pending
src/app/services/mechanism.service.ts	3719	deleteLink	topology; attachment; material geometry	point-topology	this.joints = this.joints.filter(	native document authority and lifecycle transaction; persistent members replace compound rebuilding	classified at operation boundary; conversion pending
src/app/services/mechanism.service.ts	3721	deleteLink	topology; attachment; material geometry	point-topology	!(joint instanceof RealJoint) ||	native document authority and lifecycle transaction; persistent members replace compound rebuilding	classified at operation boundary; conversion pending
src/app/services/mechanism.service.ts	3722	deleteLink	topology; attachment; material geometry	point-topology	this.links.some((candidate) => candidate.joints.includes(joint))	native document authority and lifecycle transaction; persistent members replace compound rebuilding	classified at operation boundary; conversion pending
src/app/services/mechanism.service.ts	3733	deleteLink	topology; attachment; material geometry	compound-material	...(link instanceof RealLink ? link.subset.map((subset) => subset.id) : []),	native document authority and lifecycle transaction; persistent members replace compound rebuilding	classified at operation boundary; conversion pending
src/app/services/mechanism.service.ts	3739	deleteLink	topology; attachment; material geometry	point-topology	this.joints = this.joints.filter(	native document authority and lifecycle transaction; persistent members replace compound rebuilding	classified at operation boundary; conversion pending
src/app/services/mechanism.service.ts	3741	deleteLink	topology; attachment; material geometry	point-topology	!(joint instanceof RealJoint) ||	native document authority and lifecycle transaction; persistent members replace compound rebuilding	classified at operation boundary; conversion pending
src/app/services/mechanism.service.ts	3742	deleteLink	topology; attachment; material geometry	point-topology	this.links.some((candidate) => candidate.joints.includes(joint))	native document authority and lifecycle transaction; persistent members replace compound rebuilding	classified at operation boundary; conversion pending
src/app/services/mechanism.service.ts	3783	sealedStructures	topology; attachment; material geometry	point-topology	const list = sealedCylinderStructures(this.joints);	native document authority and lifecycle transaction; persistent members replace compound rebuilding	classified at operation boundary; conversion pending
src/app/services/mechanism.service.ts	3810	tellEachBarWhoDrawsIt	render mark; selection	compound-material	[cylinder.barrel, cylinder.rod].filter((bar): bar is RealLink => bar instanceof RealLink)	native rendering roles and typed selection	classified at operation boundary; conversion pending
src/app/services/mechanism.service.ts	3898	buildReadiness	analysis result; topology	point-topology	const driven = part.ownJoints.find((joint) => joint instanceof RealJoint && joint.input);	native readiness, result availability and coordinate/wrench accessors	classified at operation boundary; conversion pending
src/app/services/mechanism.service.ts	3909	buildReadiness	analysis result; topology	point-topology	(joint) => joint instanceof RealJoint && joint.input	native readiness, result availability and coordinate/wrench accessors	classified at operation boundary; conversion pending
src/app/services/mechanism.service.ts	3917	buildReadiness	analysis result; topology	point-topology	return driven instanceof PrisJoint	native readiness, result availability and coordinate/wrench accessors	classified at operation boundary; conversion pending
src/app/services/mechanism.service.ts	3941	applyUniformBodyProperties	material geometry; render mark	compound-material	if (!(link instanceof RealLink)) continue;	material/group mass, explicit unit conversion and view-only mark scale	classified at operation boundary; conversion pending
src/app/services/mechanism.service.ts	3947	applyUniformBodyProperties	material geometry; render mark	shape-frame	if (!(link.mass > 0) && (link.massMoI !== 0 || link.moiIsCustom)) {	material/group mass, explicit unit conversion and view-only mark scale	classified at operation boundary; conversion pending
src/app/services/mechanism.service.ts	3948	applyUniformBodyProperties	material geometry; render mark	shape-frame	link.massMoI = 0;	material/group mass, explicit unit conversion and view-only mark scale	classified at operation boundary; conversion pending
src/app/services/mechanism.service.ts	3979	applyUniformBodyProperties	material geometry; render mark	shape-frame	link.massMoI = derived.moi;	material/group mass, explicit unit conversion and view-only mark scale	classified at operation boundary; conversion pending
src/app/services/mechanism.service.ts	4016	uniformBodyFor	material geometry; render mark	compound-material	if (link.subset.length === 0) {	material/group mass, explicit unit conversion and view-only mark scale	classified at operation boundary; conversion pending
src/app/services/mechanism.service.ts	4017	uniformBodyFor	material geometry; render mark	point-topology	const body = uniformBodyOf(link.joints);	material/group mass, explicit unit conversion and view-only mark scale	classified at operation boundary; conversion pending
src/app/services/mechanism.service.ts	4023	uniformBodyFor	material geometry; render mark	compound-material	const parts = link.subset	material/group mass, explicit unit conversion and view-only mark scale	classified at operation boundary; conversion pending
src/app/services/mechanism.service.ts	4024	uniformBodyFor	material geometry; render mark	compound-material	.filter((member): member is RealLink => member instanceof RealLink)	material/group mass, explicit unit conversion and view-only mark scale	classified at operation boundary; conversion pending
src/app/services/mechanism.service.ts	4030	uniformBodyFor	material geometry; render mark	shape-frame	moi: member.moiIsCustom ? member.massMoI : own.moi,	material/group mass, explicit unit conversion and view-only mark scale	classified at operation boundary; conversion pending
src/app/services/mechanism.service.ts	4144	buildRequirements	analysis result; topology	compound-material	(link instanceof RealLink || link instanceof SliderBlock) &&	native readiness, result availability and coordinate/wrench accessors	classified at operation boundary; conversion pending
src/app/services/mechanism.service.ts	4159	buildRequirements	analysis result; topology	compound-material	(link) => link instanceof RealLink && analysable.has(link.id) && !(link.mass > 0)	native readiness, result availability and coordinate/wrench accessors	classified at operation boundary; conversion pending
src/app/services/mechanism.service.ts	4249	invalidReason	analysis result; topology	point-topology	if (this.joints.length === 0) {	native readiness, result availability and coordinate/wrench accessors	classified at operation boundary; conversion pending
src/app/services/mechanism.service.ts	4252	invalidReason	analysis result; topology	point-topology	const dangling = this.joints.filter((joint) => joint instanceof PrisJoint && joint.isDangling);	native readiness, result availability and coordinate/wrench accessors	classified at operation boundary; conversion pending
src/app/services/mechanism.service.ts	4257	invalidReason	analysis result; topology	point-topology	if (!this.joints.some((joint) => joint instanceof RealJoint && joint.input)) {	native readiness, result availability and coordinate/wrench accessors	classified at operation boundary; conversion pending
src/app/services/mechanism.service.ts	4263	invalidReason	analysis result; topology	point-topology	const driven = this.joints.find((joint) => joint instanceof RealJoint && joint.input);	native readiness, result availability and coordinate/wrench accessors	classified at operation boundary; conversion pending
src/app/services/mechanism.service.ts	4335	strokeWarningFor	analysis result; topology	point-topology	if (only && !only.joints.some((joint) => joint.id === cylinder.pin.id)) {	native readiness, result availability and coordinate/wrench accessors	classified at operation boundary; conversion pending
src/app/services/mechanism.service.ts	4343	strokeWarningFor	analysis result; topology	point-topology	const frames = solved.joints.length;	native readiness, result availability and coordinate/wrench accessors	classified at operation boundary; conversion pending
src/app/services/mechanism.service.ts	4352	strokeWarningFor	analysis result; topology	point-topology	const indexOf = (id: string) => solved.joints[0].findIndex((joint) => joint.id === id);	native readiness, result availability and coordinate/wrench accessors	classified at operation boundary; conversion pending
src/app/services/mechanism.service.ts	4360	strokeWarningFor	analysis result; topology	point-topology	const along = getDistance(solved.joints[t][anchor], solved.joints[t][pin]);	native readiness, result availability and coordinate/wrench accessors	classified at operation boundary; conversion pending
src/app/services/mechanism.service.ts	4403	slotReactionOf	analysis result; topology	point-topology,compound-material	(link) => link instanceof SliderBlock && link.joints.some((joint) => joint.id === slot.id)	native readiness, result availability and coordinate/wrench accessors	classified at operation boundary; conversion pending
src/app/services/mechanism.service.ts	4417	slotName	render mark; selection	point-topology	const slot = this.joints.find((joint) => joint.id === jointId);	native rendering roles and typed selection	classified at operation boundary; conversion pending
src/app/services/mechanism.service.ts	4418	slotName	render mark; selection	point-topology	if (!(slot instanceof PrisJoint)) return undefined;	native rendering roles and typed selection	classified at operation boundary; conversion pending
src/app/services/mechanism.service.ts	4419	slotName	render mark; selection	point-topology	const pin = slot.connectedJoints.find((joint) => !(joint instanceof PrisJoint)) as	native rendering roles and typed selection	classified at operation boundary; conversion pending
src/app/services/mechanism.service.ts	4522	createCylinderFrom	topology; attachment; material geometry	letter-identity	const aId = mountAt ? mountAt.id : this.determineNextLetter();	native document authority and lifecycle transaction; persistent members replace compound rebuilding	classified at operation boundary; conversion pending
src/app/services/mechanism.service.ts	4523	createCylinderFrom	topology; attachment; material geometry	letter-identity	const dId = this.determineNextLetter([aId]);	native document authority and lifecycle transaction; persistent members replace compound rebuilding	classified at operation boundary; conversion pending
src/app/services/mechanism.service.ts	4564	createCylinderFrom	topology; attachment; material geometry	point-topology	if (!mountAt) this.joints.push(barrelFar);	native document authority and lifecycle transaction; persistent members replace compound rebuilding	classified at operation boundary; conversion pending
src/app/services/mechanism.service.ts	4565	createCylinderFrom	topology; attachment; material geometry	point-topology	this.joints.push(barrelNear, pin, rodFar, slider);	native document authority and lifecycle transaction; persistent members replace compound rebuilding	classified at operation boundary; conversion pending
src/app/services/mechanism.service.ts	4631	deleteCylinderTopology	topology; attachment; material geometry	point-topology	this.joints = this.joints.filter((joint) => !interior.has(joint.id));	native document authority and lifecycle transaction; persistent members replace compound rebuilding	classified at operation boundary; conversion pending
src/app/services/mechanism.service.ts	4632	deleteCylinderTopology	topology; attachment; material geometry	point-topology	this.joints = this.joints.filter(	native document authority and lifecycle transaction; persistent members replace compound rebuilding	classified at operation boundary; conversion pending
src/app/services/mechanism.service.ts	4634	deleteCylinderTopology	topology; attachment; material geometry	point-topology	!(joint instanceof RealJoint) ||	native document authority and lifecycle transaction; persistent members replace compound rebuilding	classified at operation boundary; conversion pending
src/app/services/mechanism.service.ts	4635	deleteCylinderTopology	topology; attachment; material geometry	point-topology	this.links.some((candidate) => candidate.joints.includes(joint))	native document authority and lifecycle transaction; persistent members replace compound rebuilding	classified at operation boundary; conversion pending
src/app/services/mechanism.service.ts	4640	deleteCylinderTopology	topology; attachment; material geometry	point-topology	// A surviving mount keeps its own `links` and `connectedJoints` arrays, and	native document authority and lifecycle transaction; persistent members replace compound rebuilding	classified at operation boundary; conversion pending
src/app/services/mechanism.service.ts	4648	deleteCylinderTopology	topology; attachment; material geometry	point-topology	const liveJoints = new Set(this.joints.map((joint) => joint.id));	native document authority and lifecycle transaction; persistent members replace compound rebuilding	classified at operation boundary; conversion pending
src/app/services/mechanism.service.ts	4649	deleteCylinderTopology	topology; attachment; material geometry	point-topology	this.joints.forEach((joint) => {	native document authority and lifecycle transaction; persistent members replace compound rebuilding	classified at operation boundary; conversion pending
src/app/services/mechanism.service.ts	4650	deleteCylinderTopology	topology; attachment; material geometry	point-topology	if (!(joint instanceof RealJoint)) return;	native document authority and lifecycle transaction; persistent members replace compound rebuilding	classified at operation boundary; conversion pending
src/app/services/mechanism.service.ts	4652	deleteCylinderTopology	topology; attachment; material geometry	point-topology	joint.connectedJoints = joint.connectedJoints.filter((other) => liveJoints.has(other.id));	native document authority and lifecycle transaction; persistent members replace compound rebuilding	classified at operation boundary; conversion pending
src/app/services/mechanism.service.ts	4690	sliderOf	topology; attachment; material geometry	point-topology	if (joint instanceof PrisJoint) return joint;	native document authority and lifecycle transaction; persistent members replace compound rebuilding	classified at operation boundary; conversion pending
src/app/services/mechanism.service.ts	4691	sliderOf	topology; attachment; material geometry	point-topology	if (!(joint instanceof RealJoint)) return undefined;	native document authority and lifecycle transaction; persistent members replace compound rebuilding	classified at operation boundary; conversion pending
src/app/services/mechanism.service.ts	4693	sliderOf	topology; attachment; material geometry	compound-material	.find((link): link is SliderBlock => link instanceof SliderBlock)	native document authority and lifecycle transaction; persistent members replace compound rebuilding	classified at operation boundary; conversion pending
src/app/services/mechanism.service.ts	4694	sliderOf	topology; attachment; material geometry	point-topology	?.joints.find((member): member is PrisJoint => member instanceof PrisJoint);	native document authority and lifecycle transaction; persistent members replace compound rebuilding	classified at operation boundary; conversion pending
src/app/services/mechanism.service.ts	4799	reseatFloatingSliders	topology; attachment; material geometry	point-topology	for (const slider of this.joints) {	native document authority and lifecycle transaction; persistent members replace compound rebuilding	classified at operation boundary; conversion pending
src/app/services/mechanism.service.ts	4800	reseatFloatingSliders	topology; attachment; material geometry	point-topology	if (!(slider instanceof PrisJoint) || !slider.isFloating) continue;	native document authority and lifecycle transaction; persistent members replace compound rebuilding	classified at operation boundary; conversion pending
src/app/services/mechanism.service.ts	4841	reseatFloatingSliders	topology; attachment; material geometry	compound-material	.find((link): link is SliderBlock => link instanceof SliderBlock)	native document authority and lifecycle transaction; persistent members replace compound rebuilding	classified at operation boundary; conversion pending
src/app/services/mechanism.service.ts	4842	reseatFloatingSliders	topology; attachment; material geometry	point-topology	?.joints.find((joint) => joint.id !== slider.id);	native document authority and lifecycle transaction; persistent members replace compound rebuilding	classified at operation boundary; conversion pending
src/app/services/mechanism.service.ts	4869	cutSlotOn	topology; attachment; material geometry	point-topology	if (pin instanceof PrisJoint) return false;	native document authority and lifecycle transaction; persistent members replace compound rebuilding	classified at operation boundary; conversion pending
src/app/services/mechanism.service.ts	4887	cutSlotOn	topology; attachment; material geometry	compound-material	const existing = pin.links.find((link): link is SliderBlock => link instanceof SliderBlock);	native document authority and lifecycle transaction; persistent members replace compound rebuilding	classified at operation boundary; conversion pending
src/app/services/mechanism.service.ts	4888	cutSlotOn	topology; attachment; material geometry	point-topology	const slider = existing?.joints.find((joint): joint is PrisJoint => joint instanceof PrisJoint);	native document authority and lifecycle transaction; persistent members replace compound rebuilding	classified at operation boundary; conversion pending
src/app/services/mechanism.service.ts	4902	cutSlotOn	topology; attachment; material geometry	compound-material	.find((link): link is SliderBlock => link instanceof SliderBlock)	native document authority and lifecycle transaction; persistent members replace compound rebuilding	classified at operation boundary; conversion pending
src/app/services/mechanism.service.ts	4903	cutSlotOn	topology; attachment; material geometry	point-topology	?.joints.find((joint): joint is PrisJoint => joint instanceof PrisJoint);	native document authority and lifecycle transaction; persistent members replace compound rebuilding	classified at operation boundary; conversion pending
src/app/services/mechanism.service.ts	4931	detachSlider	topology; attachment; material geometry	compound-material	const block = slider.links.find((link): link is SliderBlock => link instanceof SliderBlock);	native document authority and lifecycle transaction; persistent members replace compound rebuilding	classified at operation boundary; conversion pending
src/app/services/mechanism.service.ts	4932	detachSlider	topology; attachment; material geometry	point-topology	const pin = block?.joints.find(	native document authority and lifecycle transaction; persistent members replace compound rebuilding	classified at operation boundary; conversion pending
src/app/services/mechanism.service.ts	4933	detachSlider	topology; attachment; material geometry	point-topology	(joint): joint is RealJoint => joint instanceof RealJoint && !(joint instanceof PrisJoint)	native document authority and lifecycle transaction; persistent members replace compound rebuilding	classified at operation boundary; conversion pending
src/app/services/mechanism.service.ts	4945	stashSlot	topology; attachment; material geometry	point-topology	const slider = block.joints.find((joint) => joint instanceof PrisJoint) as	native document authority and lifecycle transaction; persistent members replace compound rebuilding	classified at operation boundary; conversion pending
src/app/services/mechanism.service.ts	4950	stashSlot	topology; attachment; material geometry	shape-frame	angleRad: slider.slotAngle,	native document authority and lifecycle transaction; persistent members replace compound rebuilding	classified at operation boundary; conversion pending
src/app/services/mechanism.service.ts	4968	restoreStashedSlot	topology; attachment; material geometry	point-topology	const a = this.joints.find((joint) => joint.id === stash.slotJointAId);	native document authority and lifecycle transaction; persistent members replace compound rebuilding	classified at operation boundary; conversion pending
src/app/services/mechanism.service.ts	4969	restoreStashedSlot	topology; attachment; material geometry	point-topology	const b = this.joints.find((joint) => joint.id === stash.slotJointBId);	native document authority and lifecycle transaction; persistent members replace compound rebuilding	classified at operation boundary; conversion pending
src/app/services/mechanism.service.ts	4973	restoreStashedSlot	topology; attachment; material geometry	shape-frame	slider.groundAt(stash.angleRad);	native document authority and lifecycle transaction; persistent members replace compound rebuilding	classified at operation boundary; conversion pending
src/app/services/mechanism.service.ts	5024	sliderTopology	topology; attachment; material geometry	letter-identity	const prismaticJointId = this.determineNextLetter();	native document authority and lifecycle transaction; persistent members replace compound rebuilding	classified at operation boundary; conversion pending
src/app/services/mechanism.service.ts	5025	sliderTopology	topology; attachment; material geometry	point-topology	const connectedJoints: Joint[] = [this.activeObjService.selectedJoint];	native document authority and lifecycle transaction; persistent members replace compound rebuilding	classified at operation boundary; conversion pending
src/app/services/mechanism.service.ts	5038	sliderTopology	topology; attachment; material geometry	point-topology	connectedJoints	native document authority and lifecycle transaction; persistent members replace compound rebuilding	classified at operation boundary; conversion pending
src/app/services/mechanism.service.ts	5052	sliderTopology	topology; attachment; material geometry	point-topology	this.activeObjService.selectedJoint.connectedJoints.push(prisJoint);	native document authority and lifecycle transaction; persistent members replace compound rebuilding	classified at operation boundary; conversion pending
src/app/services/mechanism.service.ts	5059	sliderTopology	topology; attachment; material geometry	point-topology	this.joints.push(prisJoint);	native document authority and lifecycle transaction; persistent members replace compound rebuilding	classified at operation boundary; conversion pending
src/app/services/mechanism.service.ts	5064	sliderTopology	topology; attachment; material geometry	compound-material	(l) => l instanceof SliderBlock	native document authority and lifecycle transaction; persistent members replace compound rebuilding	classified at operation boundary; conversion pending
src/app/services/mechanism.service.ts	5068	sliderTopology	topology; attachment; material geometry	point-topology	const prismaticJointID = piston.joints.find((j) => j instanceof PrisJoint)!.id;	native document authority and lifecycle transaction; persistent members replace compound rebuilding	classified at operation boundary; conversion pending
src/app/services/mechanism.service.ts	5069	sliderTopology	topology; attachment; material geometry	point-topology	this.activeObjService.selectedJoint.connectedJoints =	native document authority and lifecycle transaction; persistent members replace compound rebuilding	classified at operation boundary; conversion pending
src/app/services/mechanism.service.ts	5070	sliderTopology	topology; attachment; material geometry	point-topology	this.activeObjService.selectedJoint.connectedJoints.filter(	native document authority and lifecycle transaction; persistent members replace compound rebuilding	classified at operation boundary; conversion pending
src/app/services/mechanism.service.ts	5077	sliderTopology	topology; attachment; material geometry	point-topology	const prismaticJointIndex = this.joints.findIndex((j) => j.id === prismaticJointID);	native document authority and lifecycle transaction; persistent members replace compound rebuilding	classified at operation boundary; conversion pending
src/app/services/mechanism.service.ts	5078	sliderTopology	topology; attachment; material geometry	point-topology	this.joints.splice(prismaticJointIndex, 1);	native document authority and lifecycle transaction; persistent members replace compound rebuilding	classified at operation boundary; conversion pending
src/app/services/mechanism.service.ts	5086	findInputJointIndex	topology; attachment; material geometry	point-topology	return this.joints.findIndex((j) => {	native document authority and lifecycle transaction; persistent members replace compound rebuilding	classified at operation boundary; conversion pending
src/app/services/mechanism.service.ts	5087	findInputJointIndex	topology; attachment; material geometry	point-topology	if (!(j instanceof RealJoint)) {	native document authority and lifecycle transaction; persistent members replace compound rebuilding	classified at operation boundary; conversion pending
src/app/services/mechanism.service.ts	5179	animate	analysis result; material geometry; attachment	point-topology	const sampleCount = this.masterMechanism()?.joints.length ?? 0;	immutable native samples and per-machine edit anchors; display never writes design	classified at operation boundary; conversion pending
src/app/services/mechanism.service.ts	5222	animate	analysis result; material geometry; attachment	point-topology	if (sampleCount === 0 || this.masterMechanism()!.joints[progress].length === 0) {	immutable native samples and per-machine edit anchors; display never writes design	classified at operation boundary; conversion pending
src/app/services/mechanism.service.ts	5339	frameIndexOf	analysis result; material geometry; attachment	point-topology	joints: index(frames.joints[0] ?? []),	immutable native samples and per-machine edit anchors; display never writes design	classified at operation boundary; conversion pending
src/app/services/mechanism.service.ts	5381	applyMechanismPose	analysis result; material geometry; attachment	point-topology	const jointFrom = frames.joints[step];	immutable native samples and per-machine edit anchors; display never writes design	classified at operation boundary; conversion pending
src/app/services/mechanism.service.ts	5382	applyMechanismPose	analysis result; material geometry; attachment	point-topology	const jointTo = frames.joints[nextStep];	immutable native samples and per-machine edit anchors; display never writes design	classified at operation boundary; conversion pending
src/app/services/mechanism.service.ts	5384	applyMechanismPose	analysis result; material geometry; attachment	point-topology	partition.joints.forEach((j) => {	immutable native samples and per-machine edit anchors; display never writes design	classified at operation boundary; conversion pending
src/app/services/mechanism.service.ts	5385	applyMechanismPose	analysis result; material geometry; attachment	point-topology	const from = at(jointFrom, where.joints, j.id);	immutable native samples and per-machine edit anchors; display never writes design	classified at operation boundary; conversion pending
src/app/services/mechanism.service.ts	5386	applyMechanismPose	analysis result; material geometry; attachment	point-topology	const to = at(jointTo, where.joints, j.id);	immutable native samples and per-machine edit anchors; display never writes design	classified at operation boundary; conversion pending
src/app/services/mechanism.service.ts	5394	applyMechanismPose	analysis result; material geometry; attachment	compound-material	if (!(l instanceof RealLink)) {	immutable native samples and per-machine edit anchors; display never writes design	classified at operation boundary; conversion pending
src/app/services/mechanism.service.ts	5398	applyMechanismPose	analysis result; material geometry; attachment	compound-material	if (!(link instanceof RealLink)) {	immutable native samples and per-machine edit anchors; display never writes design	classified at operation boundary; conversion pending
src/app/services/mechanism.service.ts	5401	applyMechanismPose	analysis result; material geometry; attachment	compound-material	if (l.subset.length > 0) {	immutable native samples and per-machine edit anchors; display never writes design	classified at operation boundary; conversion pending
src/app/services/mechanism.service.ts	5402	applyMechanismPose	analysis result; material geometry; attachment	compound-material	l.subset.forEach((subset) => {	immutable native samples and per-machine edit anchors; display never writes design	classified at operation boundary; conversion pending
src/app/services/mechanism.service.ts	5403	applyMechanismPose	analysis result; material geometry; attachment	compound-material	if (!(subset instanceof RealLink)) return;	immutable native samples and per-machine edit anchors; display never writes design	classified at operation boundary; conversion pending
src/app/services/mechanism.service.ts	5404	applyMechanismPose	analysis result; material geometry; attachment	compound-material	const simulatedSubset = link.subset.find(	immutable native samples and per-machine edit anchors; display never writes design	classified at operation boundary; conversion pending
src/app/services/mechanism.service.ts	5406	applyMechanismPose	analysis result; material geometry; attachment	compound-material	candidate instanceof RealLink && candidate.id === subset.id	immutable native samples and per-machine edit anchors; display never writes design	classified at operation boundary; conversion pending
src/app/services/mechanism.service.ts	5426	applyMechanismPose	analysis result; material geometry; attachment	shape-frame	f.angleRad = blendAngle(from.angleRad, to.angleRad, blend);	immutable native samples and per-machine edit anchors; display never writes design	classified at operation boundary; conversion pending
src/app/services/mechanism.service.ts	5444	restoreStartPose	analysis result; material geometry; attachment	point-topology	if (this.atStartPose() || !this.masterMechanism()?.joints[0]?.length) {	immutable native samples and per-machine edit anchors; display never writes design	classified at operation boundary; conversion pending
src/app/services/mechanism.service.ts	5596	placeLinkGeometry	analysis result; material geometry; attachment	point-topology	if (blend > 0 && solved.joints.length >= 2 && target.joints.length >= 2) {	immutable native samples and per-machine edit anchors; display never writes design	classified at operation boundary; conversion pending
src/app/services/mechanism.service.ts	5597	placeLinkGeometry	analysis result; material geometry; attachment	point-topology	const [sourceStart, sourceEnd] = solved.joints;	immutable native samples and per-machine edit anchors; display never writes design	classified at operation boundary; conversion pending
src/app/services/mechanism.service.ts	5598	placeLinkGeometry	analysis result; material geometry; attachment	point-topology	const [targetStart, targetEnd] = target.joints;	immutable native samples and per-machine edit anchors; display never writes design	classified at operation boundary; conversion pending
src/app/services/mechanism.service.ts	5693	reverseDrive	topology; analysis result	point-topology	(joint): joint is RealJoint => joint instanceof RealJoint && joint.input	native ordered driver coordinate/profile and per-machine command state	classified at operation boundary; conversion pending
src/app/services/mechanism.service.ts	5808	pinDriveSpeeds	topology; analysis result	point-topology	(joint): joint is RealJoint => joint instanceof RealJoint && joint.input	native ordered driver coordinate/profile and per-machine command state	classified at operation boundary; conversion pending
src/app/services/mechanism.service.ts	5844	fitAskedDriveSpeeds	topology; analysis result	point-topology	(joint): joint is RealJoint => joint instanceof RealJoint && joint.input	native ordered driver coordinate/profile and per-machine command state	classified at operation boundary; conversion pending
src/app/services/mechanism.service.ts	5906	inputAngleDegrees	topology; analysis result	point-topology	(joint): joint is RealJoint => joint instanceof RealJoint && joint.input	native ordered driver coordinate/profile and per-machine command state	classified at operation boundary; conversion pending
src/app/services/mechanism.service.ts	5909	inputAngleDegrees	topology; analysis result	point-topology	const samples = this.mechanisms[index]?.joints.length ?? 0;	native ordered driver coordinate/profile and per-machine command state	classified at operation boundary; conversion pending
src/app/services/mechanism.service.ts	5943	actuatorBearings	topology; analysis result	point-topology	const end = driven.connectedJoints.find((joint) => !(joint as RealJoint).ground);	native ordered driver coordinate/profile and per-machine command state	classified at operation boundary; conversion pending
src/app/services/mechanism.service.ts	5977	driveProfileOf	topology; analysis result	point-topology	const driven = mechanism.joints[0]?.find((joint) => (joint as RealJoint).input);	native ordered driver coordinate/profile and per-machine command state	classified at operation boundary; conversion pending
src/app/services/mechanism.service.ts	5978	driveProfileOf	topology; analysis result	point-topology	const sealed = driven && this.cylinderAt(this.joints.find((j) => j.id === driven.id));	native ordered driver coordinate/profile and per-machine command state	classified at operation boundary; conversion pending
src/app/services/mechanism.service.ts	6328	posesAcrossReparameterization	analysis result; material geometry; attachment	point-topology	const drawn = new Map(partition.joints.map((joint) => [joint.id, joint]));	immutable native samples and per-machine edit anchors; display never writes design	classified at operation boundary; conversion pending
src/app/services/mechanism.service.ts	6355	restoreHeldPoses	analysis result; material geometry; attachment	point-topology	coordinatesAcross(rule, frames.joints),	immutable native samples and per-machine edit anchors; display never writes design	classified at operation boundary; conversion pending
src/app/services/mechanism.service.ts	6357	restoreHeldPoses	analysis result; material geometry; attachment	point-topology	frames.joints	immutable native samples and per-machine edit anchors; display never writes design	classified at operation boundary; conversion pending
src/app/services/mechanism.service.ts	6388	currentRuleFor	analysis result; material geometry; attachment	point-topology	(joint): joint is RealJoint => joint instanceof RealJoint && joint.input	immutable native samples and per-machine edit anchors; display never writes design	classified at operation boundary; conversion pending
src/app/services/mechanism.service.ts	6399	anchorFor	analysis result; material geometry; attachment	point-topology	(joint): joint is RealJoint => joint instanceof RealJoint && joint.input	immutable native samples and per-machine edit anchors; display never writes design	classified at operation boundary; conversion pending
src/app/services/mechanism.service.ts	6404	anchorFor	analysis result; material geometry; attachment	point-topology	const coordinates = coordinatesAcross(rule, frames.joints);	immutable native samples and per-machine edit anchors; display never writes design	classified at operation boundary; conversion pending
src/app/services/mechanism.service.ts	6415	anchorFor	analysis result; material geometry; attachment	point-topology	seed: new Map(frames.joints[0].map((joint) => [joint.id, { x: joint.x, y: joint.y }])),	immutable native samples and per-machine edit anchors; display never writes design	classified at operation boundary; conversion pending
src/app/services/mechanism.service.ts	6676	settleToAnchorNow	analysis result; material geometry; attachment	point-topology	const coordinates = coordinatesAcross(rule, frames.joints);	immutable native samples and per-machine edit anchors; display never writes design	classified at operation boundary; conversion pending
src/app/services/mechanism.service.ts	6677	settleToAnchorNow	analysis result; material geometry; attachment	point-topology	const reach = reachAnchor(coordinates, anchor, frames.joints);	immutable native samples and per-machine edit anchors; display never writes design	classified at operation boundary; conversion pending
src/app/services/mechanism.service.ts	6698	settleToAnchorNow	analysis result; material geometry; attachment	point-topology	seed: new Map(frames.joints[0].map((joint) => [joint.id, { x: joint.x, y: joint.y }])),	immutable native samples and per-machine edit anchors; display never writes design	classified at operation boundary; conversion pending
src/app/services/mechanism.service.ts	6746	reseedAnchor	analysis result; material geometry; attachment	point-topology	const start = this.mechanisms[index]?.joints[0];	immutable native samples and per-machine edit anchors; display never writes design	classified at operation boundary; conversion pending
src/app/services/mechanism.service.ts	6762	seekToCoordinate	analysis result; material geometry; attachment	point-topology	const coordinates = coordinatesAcross(rule, frames.joints);	immutable native samples and per-machine edit anchors; display never writes design	classified at operation boundary; conversion pending
src/app/services/mechanism.service.ts	6769	seekToCoordinate	analysis result; material geometry; attachment	point-topology	const reach = reachAnchor(coordinates, { ...anchor, ...where }, frames.joints);	immutable native samples and per-machine edit anchors; display never writes design	classified at operation boundary; conversion pending
src/app/services/mechanism.service.ts	6895	buildGhosts	analysis result; material geometry; attachment	point-topology	? reachAnchor(coordinatesAcross(this.ruleFor(anchor), frames.joints), anchor, frames.joints)	immutable native samples and per-machine edit anchors; display never writes design	classified at operation boundary; conversion pending
src/app/services/mechanism.service.ts	6918	buildGhosts	analysis result; material geometry; attachment	point-topology	const start = blendFrame(frames.joints, reach.index, reach.blend);	immutable native samples and per-machine edit anchors; display never writes design	classified at operation boundary; conversion pending
src/app/services/mechanism.service.ts	6927	buildGhosts	analysis result; material geometry; attachment	point-topology	const own = link.joints.map((joint) => at.get(joint.id)).filter((joint) => !!joint);	immutable native samples and per-machine edit anchors; display never writes design	classified at operation boundary; conversion pending
src/app/services/mechanism.service.ts	6940	buildGhosts	analysis result; material geometry; attachment	compound-material	if (!(link instanceof RealLink) || !link.d) return [];	immutable native samples and per-machine edit anchors; display never writes design	classified at operation boundary; conversion pending
src/app/services/mechanism.service.ts	6941	buildGhosts	analysis result; material geometry; attachment	point-topology	const [from, to] = link.joints;	immutable native samples and per-machine edit anchors; display never writes design	classified at operation boundary; conversion pending
src/app/services/mechanism.service.ts	7052	frozenJoints	selection; attachment	point-topology	ids: frozenJointIds(this.joints, this.links, this.sealedStructures()),	native record selection and edit locks/holds	classified at operation boundary; conversion pending
src/app/services/mechanism.service.ts	7067	isLinkLockedVisual	render mark; selection	point-topology	return link.joints.length > 0 && link.joints.every((joint) => frozen.has(joint.id));	native rendering roles and typed selection	classified at operation boundary; conversion pending
src/app/services/mechanism.service.ts	7240	isSelectedBody	render mark; selection	compound-material	(part): part is RealLink => part instanceof RealLink	native rendering roles and typed selection	classified at operation boundary; conversion pending
src/app/services/mechanism.service.ts	7314	findConnectedLinksReccusively	topology; attachment; material geometry	point-topology	(link.joints as RealJoint[]).forEach((joint) => {	native document authority and lifecycle transaction; persistent members replace compound rebuilding	classified at operation boundary; conversion pending
src/app/services/mechanism.service.ts	7317	findConnectedLinksReccusively	topology; attachment; material geometry	compound-material	l instanceof RealLink &&	native document authority and lifecycle transaction; persistent members replace compound rebuilding	classified at operation boundary; conversion pending
src/app/services/mechanism.service.ts	7333	isJointOrphan	topology; attachment; material geometry	point-topology	return this.links.every((l) => !l.joints.includes(joint));	native document authority and lifecycle transaction; persistent members replace compound rebuilding	classified at operation boundary; conversion pending
src/app/services/mechanism.service.ts	7352	weldJoint	topology; attachment; material geometry	point-topology	if (!(joint instanceof RealJoint) || joint.links.length < 2) return;	native document authority and lifecycle transaction; persistent members replace compound rebuilding	classified at operation boundary; conversion pending
src/app/services/mechanism.service.ts	7387	weldWouldPinTwice	topology; attachment; material geometry	point-topology,compound-material	(link): link is RealLink => link instanceof RealLink && link.joints.includes(joint)	native document authority and lifecycle transaction; persistent members replace compound rebuilding	classified at operation boundary; conversion pending
src/app/services/mechanism.service.ts	7394	weldWouldPinTwice	topology; attachment; material geometry	point-topology	.flatMap((link) => link.joints)	native document authority and lifecycle transaction; persistent members replace compound rebuilding	classified at operation boundary; conversion pending
src/app/services/mechanism.service.ts	7421	weldTopology	topology; attachment; material geometry	point-topology,compound-material	(link): link is RealLink => link instanceof RealLink && link.joints.includes(joint)	native document authority and lifecycle transaction; persistent members replace compound rebuilding	classified at operation boundary; conversion pending
src/app/services/mechanism.service.ts	7473	releaseFromCompounds	topology; attachment; material geometry	compound-material	if (!(link instanceof RealLink) || link.subset.length === 0) return [link];	native document authority and lifecycle transaction; persistent members replace compound rebuilding	classified at operation boundary; conversion pending
src/app/services/mechanism.service.ts	7474	releaseFromCompounds	topology; attachment; material geometry	compound-material	if (!link.subset.some((leaf) => doomedLinkIds.has(leaf.id))) return [link];	native document authority and lifecycle transaction; persistent members replace compound rebuilding	classified at operation boundary; conversion pending
src/app/services/mechanism.service.ts	7475	releaseFromCompounds	topology; attachment; material geometry	compound-material	link.subset = link.subset.filter((leaf) => !doomedLinkIds.has(leaf.id));	native document authority and lifecycle transaction; persistent members replace compound rebuilding	classified at operation boundary; conversion pending
src/app/services/mechanism.service.ts	7476	releaseFromCompounds	topology; attachment; material geometry	compound-material	if (link.subset.length === 0) return [];	native document authority and lifecycle transaction; persistent members replace compound rebuilding	classified at operation boundary; conversion pending
src/app/services/mechanism.service.ts	7498	compoundAt	topology; attachment; material geometry	point-topology,compound-material	link instanceof RealLink && link.subset.length > 0 && link.joints.includes(joint)	native document authority and lifecycle transaction; persistent members replace compound rebuilding	classified at operation boundary; conversion pending
src/app/services/mechanism.service.ts	7504	weldJointTopology	topology; attachment; material geometry	point-topology,compound-material	(link): link is RealLink => link instanceof RealLink && link.joints.includes(joint)	native document authority and lifecycle transaction; persistent members replace compound rebuilding	classified at operation boundary; conversion pending
src/app/services/mechanism.service.ts	7509	weldJointTopology	topology; attachment; material geometry	compound-material	linksAtJoint.flatMap((link) => [link.id, ...link.subset.map((subset) => subset.id)])	native document authority and lifecycle transaction; persistent members replace compound rebuilding	classified at operation boundary; conversion pending
src/app/services/mechanism.service.ts	7527	unweldSelectedJoint	topology; attachment; material geometry	point-topology	const joint = this.joints.find(	native document authority and lifecycle transaction; persistent members replace compound rebuilding	classified at operation boundary; conversion pending
src/app/services/mechanism.service.ts	7530	unweldSelectedJoint	topology; attachment; material geometry	point-topology	if (joint instanceof RealJoint) this.unWeldJoint(joint);	native document authority and lifecycle transaction; persistent members replace compound rebuilding	classified at operation boundary; conversion pending
src/app/services/mechanism.service.ts	7548	unweldAll	topology; attachment; material geometry	compound-material	link instanceof RealLink && link.subset.length > 0	native document authority and lifecycle transaction; persistent members replace compound rebuilding	classified at operation boundary; conversion pending
src/app/services/mechanism.service.ts	7549	unweldAll	topology; attachment; material geometry	point-topology	? this.joints.filter(	native document authority and lifecycle transaction; persistent members replace compound rebuilding	classified at operation boundary; conversion pending
src/app/services/mechanism.service.ts	7551	unweldAll	topology; attachment; material geometry	point-topology	joint instanceof RealJoint && joint.isWelded && link.joints.includes(joint)	native document authority and lifecycle transaction; persistent members replace compound rebuilding	classified at operation boundary; conversion pending
src/app/services/mechanism.service.ts	7553	unweldAll	topology; attachment; material geometry	point-topology	: this.joints.filter(	native document authority and lifecycle transaction; persistent members replace compound rebuilding	classified at operation boundary; conversion pending
src/app/services/mechanism.service.ts	7554	unweldAll	topology; attachment; material geometry	point-topology	(joint): joint is RealJoint => joint instanceof RealJoint && joint.isWelded	native document authority and lifecycle transaction; persistent members replace compound rebuilding	classified at operation boundary; conversion pending
src/app/services/mechanism.service.ts	7568	unweldJointTopology	topology; attachment; material geometry	point-topology,compound-material	link instanceof RealLink && link.subset.length > 0 && link.joints.includes(joint)	native document authority and lifecycle transaction; persistent members replace compound rebuilding	classified at operation boundary; conversion pending
src/app/services/mechanism.service.ts	7584	removeCompoundJoints	topology; attachment; material geometry	compound-material	compound.subset = compound.subset.filter((leaf) => {	native document authority and lifecycle transaction; persistent members replace compound rebuilding	classified at operation boundary; conversion pending
src/app/services/mechanism.service.ts	7585	removeCompoundJoints	topology; attachment; material geometry	point-topology	if (!leaf.joints.some((joint) => ids.has(joint.id))) return leaf.joints.length >= 2;	native document authority and lifecycle transaction; persistent members replace compound rebuilding	classified at operation boundary; conversion pending
src/app/services/mechanism.service.ts	7586	removeCompoundJoints	topology; attachment; material geometry	point-topology	leaf.joints = leaf.joints.filter((joint) => !ids.has(joint.id));	native document authority and lifecycle transaction; persistent members replace compound rebuilding	classified at operation boundary; conversion pending
src/app/services/mechanism.service.ts	7587	removeCompoundJoints	topology; attachment; material geometry	point-topology	leaf.id = leaf.joints	native document authority and lifecycle transaction; persistent members replace compound rebuilding	classified at operation boundary; conversion pending
src/app/services/mechanism.service.ts	7593	removeCompoundJoints	topology; attachment; material geometry	point-topology	...leaf.joints.map((joint) => ({ id: joint.id, label: joint.id })),	native document authority and lifecycle transaction; persistent members replace compound rebuilding	classified at operation boundary; conversion pending
src/app/services/mechanism.service.ts	7596	removeCompoundJoints	topology; attachment; material geometry	point-topology	if (leaf.joints.length < 2) return false;	native document authority and lifecycle transaction; persistent members replace compound rebuilding	classified at operation boundary; conversion pending
src/app/services/mechanism.service.ts	7597	removeCompoundJoints	topology; attachment; material geometry	compound-material	if (leaf instanceof RealLink) {	native document authority and lifecycle transaction; persistent members replace compound rebuilding	classified at operation boundary; conversion pending
src/app/services/mechanism.service.ts	7598	removeCompoundJoints	topology; attachment; material geometry	point-topology	if (!leaf.comIsCustom) leaf.CoM = RealLink.determineCenterOfMass(leaf.joints);	native document authority and lifecycle transaction; persistent members replace compound rebuilding	classified at operation boundary; conversion pending
src/app/services/mechanism.service.ts	7603	removeCompoundJoints	topology; attachment; material geometry	point-topology	for (const joint of compound.joints) {	native document authority and lifecycle transaction; persistent members replace compound rebuilding	classified at operation boundary; conversion pending
src/app/services/mechanism.service.ts	7604	removeCompoundJoints	topology; attachment; material geometry	point-topology	if (!(joint instanceof RealJoint) || !joint.isWelded || ids.has(joint.id)) continue;	native document authority and lifecycle transaction; persistent members replace compound rebuilding	classified at operation boundary; conversion pending
src/app/services/mechanism.service.ts	7605	removeCompoundJoints	topology; attachment; material geometry	point-topology,compound-material	const members = compound.subset.filter((leaf) => leaf.joints.includes(joint));	native document authority and lifecycle transaction; persistent members replace compound rebuilding	classified at operation boundary; conversion pending
src/app/services/mechanism.service.ts	7614	splitCompoundAtRemainingWelds	topology; attachment; material geometry	compound-material	const remaining = compound.subset.filter((link): link is RealLink => link instanceof RealLink);	native document authority and lifecycle transaction; persistent members replace compound rebuilding	classified at operation boundary; conversion pending
src/app/services/mechanism.service.ts	7624	splitCompoundAtRemainingWelds	topology; attachment; material geometry	point-topology	const sharesWeld = current.joints.some(	native document authority and lifecycle transaction; persistent members replace compound rebuilding	classified at operation boundary; conversion pending
src/app/services/mechanism.service.ts	7626	splitCompoundAtRemainingWelds	topology; attachment; material geometry	point-topology	joint instanceof RealJoint && joint.isWelded && candidate.joints.includes(joint)	native document authority and lifecycle transaction; persistent members replace compound rebuilding	classified at operation boundary; conversion pending
src/app/services/mechanism.service.ts	7662	splitCompoundAtRemainingWelds	topology; attachment; material geometry	compound-material	candidate.subset.some((leaf) => leaf.id === remembered)	native document authority and lifecycle transaction; persistent members replace compound rebuilding	classified at operation boundary; conversion pending
src/app/services/mechanism.service.ts	7678	distanceFromForceToLink	attachment; material geometry	compound-material	const leaves = link.subset.length > 0 ? link.subset : [link];	stable material load owner and body-local application point	classified at operation boundary; conversion pending
src/app/services/mechanism.service.ts	7681	distanceFromForceToLink	attachment; material geometry	point-topology	if (leaf.joints.length === 1) {	stable material load owner and body-local application point	classified at operation boundary; conversion pending
src/app/services/mechanism.service.ts	7682	distanceFromForceToLink	attachment; material geometry	point-topology	closest = Math.min(closest, getDistance(force.startCoord, leaf.joints[0]));	stable material load owner and body-local application point	classified at operation boundary; conversion pending
src/app/services/mechanism.service.ts	7685	distanceFromForceToLink	attachment; material geometry	point-topology	for (let first = 0; first < leaf.joints.length - 1; first++) {	stable material load owner and body-local application point	classified at operation boundary; conversion pending
src/app/services/mechanism.service.ts	7686	distanceFromForceToLink	attachment; material geometry	point-topology	for (let second = first + 1; second < leaf.joints.length; second++) {	stable material load owner and body-local application point	classified at operation boundary; conversion pending
src/app/services/mechanism.service.ts	7690	distanceFromForceToLink	attachment; material geometry	point-topology	leaf.joints[first].x,	stable material load owner and body-local application point	classified at operation boundary; conversion pending
src/app/services/mechanism.service.ts	7691	distanceFromForceToLink	attachment; material geometry	point-topology	leaf.joints[first].y,	stable material load owner and body-local application point	classified at operation boundary; conversion pending
src/app/services/mechanism.service.ts	7692	distanceFromForceToLink	attachment; material geometry	point-topology	leaf.joints[second].x,	stable material load owner and body-local application point	classified at operation boundary; conversion pending
src/app/services/mechanism.service.ts	7693	distanceFromForceToLink	attachment; material geometry	point-topology	leaf.joints[second].y	stable material load owner and body-local application point	classified at operation boundary; conversion pending
src/app/services/mechanism.service.ts	7733	keepForcesOnTheirLinks	attachment; material geometry	compound-material	if (!(force.link instanceof RealLink)) continue;	stable material load owner and body-local application point	classified at operation boundary; conversion pending
src/app/services/mechanism.service.ts	7743	createForce	attachment; material geometry	compound-material	if (!(selectedLink instanceof RealLink)) return undefined;	stable material load owner and body-local application point	classified at operation boundary; conversion pending
src/app/services/multi-edit.service.ts	42	parts	selection; topology; material geometry; attachment	point-topology	this.mechanism.joints,	native bulk command preflight and material/attachment fields	classified at operation boundary; conversion pending
src/app/services/multi-edit.service.ts	51	joints	selection; topology; material geometry; attachment	point-topology	if (!parts.every((part): part is RealJoint => part instanceof RealJoint)) return undefined;	native bulk command preflight and material/attachment fields	classified at operation boundary; conversion pending
src/app/services/multi-edit.service.ts	65	links	selection; topology; material geometry; attachment	compound-material	if (!parts.every((part): part is RealLink => part instanceof RealLink)) return undefined;	native bulk command preflight and material/attachment fields	classified at operation boundary; conversion pending
src/app/services/multi-edit.service.ts	124	assignJointCoordinate	selection; topology; material geometry; attachment	point-topology	const joints = this.joints(refs);	native bulk command preflight and material/attachment fields	classified at operation boundary; conversion pending
src/app/services/multi-edit.service.ts	127	assignJointCoordinate	selection; topology; material geometry; attachment	point-topology	'selection.joints-only',	native bulk command preflight and material/attachment fields	classified at operation boundary; conversion pending
src/app/services/multi-edit.service.ts	163	assignLinkGeometry	selection; topology; material geometry; attachment	point-topology,compound-material	link.joints.length !== 2 || link.subset.length > 0 || this.mechanism.cylinderOfBar(link)	native bulk command preflight and material/attachment fields	classified at operation boundary; conversion pending
src/app/services/multi-edit.service.ts	214	setTracePath	selection; topology; material geometry; attachment	point-topology	const joints = this.joints(refs);	native bulk command preflight and material/attachment fields	classified at operation boundary; conversion pending
src/app/services/multi-edit.service.ts	217	setTracePath	selection; topology; material geometry; attachment	point-topology	'selection.joints-only',	native bulk command preflight and material/attachment fields	classified at operation boundary; conversion pending
src/app/services/multi-edit.service.ts	248	setGrounded	selection; topology; material geometry; attachment	point-topology	const joints = this.joints(refs);	native bulk command preflight and material/attachment fields	classified at operation boundary; conversion pending
src/app/services/multi-edit.service.ts	251	setGrounded	selection; topology; material geometry; attachment	point-topology	'selection.joints-only',	native bulk command preflight and material/attachment fields	classified at operation boundary; conversion pending
src/app/services/multi-edit.service.ts	292	weldRefusal	selection; topology; material geometry; attachment	point-topology	const joints = this.joints(refs);	native bulk command preflight and material/attachment fields	classified at operation boundary; conversion pending
src/app/services/multi-edit.service.ts	295	weldRefusal	selection; topology; material geometry; attachment	point-topology	code: 'selection.joints-only',	native bulk command preflight and material/attachment fields	classified at operation boundary; conversion pending
src/app/services/multi-edit.service.ts	322	setWelded	selection; topology; material geometry; attachment	point-topology	const joints = this.joints(refs)!;	native bulk command preflight and material/attachment fields	classified at operation boundary; conversion pending
src/app/services/multi-edit.service.ts	336	sliderRefusal	selection; topology; material geometry; attachment	point-topology	const joints = this.joints(refs);	native bulk command preflight and material/attachment fields	classified at operation boundary; conversion pending
src/app/services/multi-edit.service.ts	339	sliderRefusal	selection; topology; material geometry; attachment	point-topology	code: 'selection.joints-only',	native bulk command preflight and material/attachment fields	classified at operation boundary; conversion pending
src/app/services/multi-edit.service.ts	360	setSlider	selection; topology; material geometry; attachment	point-topology	const joints = this.joints(refs)!;	native bulk command preflight and material/attachment fields	classified at operation boundary; conversion pending
src/app/services/multi-edit.service.ts	424	eachJoint	selection; topology; material geometry; attachment	point-topology	this.mechanism.joints,	native bulk command preflight and material/attachment fields	classified at operation boundary; conversion pending
src/app/services/number-unit-parser.service.ts	349	<record/template>	material geometry	shape-frame	* The unit link.massMoI is *stored* in, per length system — the one the	body-units and existing display-unit formatting	classified at operation boundary; conversion pending
src/app/services/selection-batch.service.ts	131	resolve	selection; topology; attachment; material geometry	point-topology	const joint = mechanism.joints.find(	native transaction closure/remap and material records	classified at operation boundary; conversion pending
src/app/services/selection-batch.service.ts	133	resolve	selection; topology; attachment; material geometry	point-topology	candidate instanceof RealJoint && candidate.id === ref.id	native transaction closure/remap and material records	classified at operation boundary; conversion pending
src/app/services/selection-batch.service.ts	178	planDeletion	selection; topology; attachment; material geometry	point-topology	root.joints.forEach((joint) => orphanCandidates.add(joint.id));	native transaction closure/remap and material records	classified at operation boundary; conversion pending
src/app/services/selection-batch.service.ts	198	planDeletion	selection; topology; attachment; material geometry	point-topology	linked.root.joints.forEach((joint) => orphanCandidates.add(joint.id));	native transaction closure/remap and material records	classified at operation boundary; conversion pending
src/app/services/selection-batch.service.ts	210	planDeletion	selection; topology; attachment; material geometry	point-topology	const selectedOnRoot = root.joints.filter((joint) => selectedJointIds.has(joint.id));	native transaction closure/remap and material records	classified at operation boundary; conversion pending
src/app/services/selection-batch.service.ts	212	planDeletion	selection; topology; attachment; material geometry	compound-material	if (root instanceof SliderBlock) {	native transaction closure/remap and material records	classified at operation boundary; conversion pending
src/app/services/selection-batch.service.ts	214	planDeletion	selection; topology; attachment; material geometry	point-topology	root.joints.forEach((joint) => removeJointIds.add(joint.id));	native transaction closure/remap and material records	classified at operation boundary; conversion pending
src/app/services/selection-batch.service.ts	215	planDeletion	selection; topology; attachment; material geometry	compound-material	} else if (!(root instanceof RealLink) || root.subset.length === 0) {	native transaction closure/remap and material records	classified at operation boundary; conversion pending
src/app/services/selection-batch.service.ts	216	planDeletion	selection; topology; attachment; material geometry	point-topology	if (root.joints.length - selectedOnRoot.length < 2) removeRoots.add(root);	native transaction closure/remap and material records	classified at operation boundary; conversion pending
src/app/services/selection-batch.service.ts	218	planDeletion	selection; topology; attachment; material geometry	compound-material	const survivors = root.subset.filter(	native transaction closure/remap and material records	classified at operation boundary; conversion pending
src/app/services/selection-batch.service.ts	219	planDeletion	selection; topology; attachment; material geometry	point-topology	(leaf) => leaf.joints.filter((joint) => !selectedJointIds.has(joint.id)).length >= 2	native transaction closure/remap and material records	classified at operation boundary; conversion pending
src/app/services/selection-batch.service.ts	228	planDeletion	selection; topology; attachment; material geometry	point-topology	root.joints.some((joint) => joint.id === id && !selectedJointIds.has(id))	native transaction closure/remap and material records	classified at operation boundary; conversion pending
src/app/services/selection-batch.service.ts	245	applyDeletion	selection; topology; attachment; material geometry	compound-material	if (root instanceof RealLink) removedOwners.add(root);	native transaction closure/remap and material records	classified at operation boundary; conversion pending
src/app/services/selection-batch.service.ts	250	applyDeletion	selection; topology; attachment; material geometry	point-topology	if (!root.joints.some((joint) => plan.selectedJointIds.has(joint.id))) return [root];	native transaction closure/remap and material records	classified at operation boundary; conversion pending
src/app/services/selection-batch.service.ts	251	applyDeletion	selection; topology; attachment; material geometry	compound-material	if (!(root instanceof RealLink) || root.subset.length === 0) {	native transaction closure/remap and material records	classified at operation boundary; conversion pending
src/app/services/selection-batch.service.ts	253	applyDeletion	selection; topology; attachment; material geometry	point-topology	return root.joints.length >= 2 ? [root] : [];	native transaction closure/remap and material records	classified at operation boundary; conversion pending
src/app/services/selection-batch.service.ts	262	applyDeletion	selection; topology; attachment; material geometry	point-topology	mechanism.joints = mechanism.joints.filter((joint) => !plan.removeJointIds.has(joint.id));	native transaction closure/remap and material records	classified at operation boundary; conversion pending
src/app/services/selection-batch.service.ts	275	duplicateClosure	selection; topology; attachment; material geometry	point-topology	root.joints.forEach((joint) => joints.add(joint));	native transaction closure/remap and material records	classified at operation boundary; conversion pending
src/app/services/selection-batch.service.ts	300	duplicateClosure	selection; topology; attachment; material geometry	point-topology	mechanism.links.filter((root) => root.joints.includes(part.object)).forEach(addRoot);	native transaction closure/remap and material records	classified at operation boundary; conversion pending
src/app/services/selection-batch.service.ts	308	duplicateClosure	selection; topology; attachment; material geometry	point-topology	[...roots].forEach((root) => root.joints.forEach((joint) => joints.add(joint)));	native transaction closure/remap and material records	classified at operation boundary; conversion pending
src/app/services/selection-batch.service.ts	309	duplicateClosure	selection; topology; attachment; material geometry	point-topology	for (const joint of [...joints]) {	native transaction closure/remap and material records	classified at operation boundary; conversion pending
src/app/services/selection-batch.service.ts	310	duplicateClosure	selection; topology; attachment; material geometry	point-topology	if (!(joint instanceof RealJoint)) continue;	native transaction closure/remap and material records	classified at operation boundary; conversion pending
src/app/services/selection-batch.service.ts	312	duplicateClosure	selection; topology; attachment; material geometry	compound-material	(link): link is SliderBlock => link instanceof SliderBlock	native transaction closure/remap and material records	classified at operation boundary; conversion pending
src/app/services/selection-batch.service.ts	315	duplicateClosure	selection; topology; attachment; material geometry	point-topology	block.joints.forEach((member) => joints.add(member));	native transaction closure/remap and material records	classified at operation boundary; conversion pending
src/app/services/selection-batch.service.ts	316	duplicateClosure	selection; topology; attachment; material geometry	point-topology	const slider = block.joints.find(	native transaction closure/remap and material records	classified at operation boundary; conversion pending
src/app/services/selection-batch.service.ts	317	duplicateClosure	selection; topology; attachment; material geometry	point-topology	(member): member is PrisJoint => member instanceof PrisJoint	native transaction closure/remap and material records	classified at operation boundary; conversion pending
src/app/services/selection-batch.service.ts	324	duplicateClosure	selection; topology; attachment; material geometry	point-topology	if (joint instanceof PrisJoint && joint.isFloating) {	native transaction closure/remap and material records	classified at operation boundary; conversion pending
src/app/services/selection-batch.service.ts	343	duplicateClosure	selection; topology; attachment; material geometry	point-topology	return { resolved, joints: [...joints], roots: [...roots] };	native transaction closure/remap and material records	classified at operation boundary; conversion pending
src/app/services/selection-batch.service.ts	354	copyClosure	selection; topology; attachment; material geometry	point-topology	...mechanism.joints.map((joint) => joint.name),	native transaction closure/remap and material records	classified at operation boundary; conversion pending
src/app/services/selection-batch.service.ts	361	copyClosure	selection; topology; attachment; material geometry	point-topology	for (const source of closure.joints) {	native transaction closure/remap and material records	classified at operation boundary; conversion pending
src/app/services/selection-batch.service.ts	362	copyClosure	selection; topology; attachment; material geometry	letter-identity	const id = mechanism.determineNextLetter(reserved);	native transaction closure/remap and material records	classified at operation boundary; conversion pending
src/app/services/selection-batch.service.ts	371	copyClosure	selection; topology; attachment; material geometry	point-topology	const mapped = source.joints.map((joint) => jointMap.get(joint)!);	native transaction closure/remap and material records	classified at operation boundary; conversion pending
src/app/services/selection-batch.service.ts	377	copyClosure	selection; topology; attachment; material geometry	compound-material	if (source instanceof SliderBlock) {	native transaction closure/remap and material records	classified at operation boundary; conversion pending
src/app/services/selection-batch.service.ts	379	copyClosure	selection; topology; attachment; material geometry	compound-material	} else if (source instanceof RealLink) {	native transaction closure/remap and material records	classified at operation boundary; conversion pending
src/app/services/selection-batch.service.ts	380	copyClosure	selection; topology; attachment; material geometry	compound-material	const subsets = source.subset.map(copyLink);	native transaction closure/remap and material records	classified at operation boundary; conversion pending
src/app/services/selection-batch.service.ts	385	copyClosure	selection; topology; attachment; material geometry	shape-frame	source.massMoI,	native transaction closure/remap and material records	classified at operation boundary; conversion pending
src/app/services/selection-batch.service.ts	399	copyClosure	selection; topology; attachment; material geometry	point-topology	source.joints.find((joint) => joint.id === source.fixedLocation.fixedPoint)!	native transaction closure/remap and material records	classified at operation boundary; conversion pending
src/app/services/selection-batch.service.ts	406	copyClosure	selection; topology; attachment; material geometry	point-topology	for (const source of closure.joints) {	native transaction closure/remap and material records	classified at operation boundary; conversion pending
src/app/services/selection-batch.service.ts	407	copyClosure	selection; topology; attachment; material geometry	point-topology	if (!(source instanceof PrisJoint)) continue;	native transaction closure/remap and material records	classified at operation boundary; conversion pending
src/app/services/selection-batch.service.ts	409	copyClosure	selection; topology; attachment; material geometry	point-topology	if (!(copy instanceof PrisJoint) || !source.isFloating) continue;	native transaction closure/remap and material records	classified at operation boundary; conversion pending
src/app/services/selection-batch.service.ts	418	copyClosure	selection; topology; attachment; material geometry	compound-material	closure.roots.filter((root): root is RealLink => root instanceof RealLink)	native transaction closure/remap and material records	classified at operation boundary; conversion pending
src/app/services/selection-batch.service.ts	422	copyClosure	selection; topology; attachment; material geometry	compound-material	if (!(owner instanceof RealLink)) continue;	native transaction closure/remap and material records	classified at operation boundary; conversion pending
src/app/services/selection-batch.service.ts	442	copyClosure	selection; topology; attachment; material geometry	point-topology	mechanism.joints.push(...jointMap.values());	native transaction closure/remap and material records	classified at operation boundary; conversion pending
src/app/services/selection-batch.service.ts	464	copyJoint	selection; topology; attachment; material geometry	point-topology	if (source instanceof PrisJoint) {	native transaction closure/remap and material records	classified at operation boundary; conversion pending
src/app/services/selection-batch.service.ts	475	copyJoint	selection; topology; attachment; material geometry	point-topology	} else if (source instanceof RevJoint) {	native transaction closure/remap and material records	classified at operation boundary; conversion pending
src/app/services/selection-batch.service.ts	477	copyJoint	selection; topology; attachment; material geometry	point-topology	} else if (source instanceof RealJoint) {	native transaction closure/remap and material records	classified at operation boundary; conversion pending
src/app/services/selection-batch.service.ts	484	copyJoint	selection; topology; attachment; material geometry	point-topology	if (copy instanceof RealJoint && source instanceof RealJoint) {	native transaction closure/remap and material records	classified at operation boundary; conversion pending
src/app/services/selection-batch.service.ts	505	copyRealLinkState	selection; topology; attachment; material geometry	point-topology	joints.get(source.joints.find((joint) => joint.id === anchor.joint)!)?.id ??	native transaction closure/remap and material records	classified at operation boundary; conversion pending
src/app/services/selection-batch.service.ts	506	copyRealLinkState	selection; topology; attachment; material geometry	point-topology	copy.joints[0].id,	native transaction closure/remap and material records	classified at operation boundary; conversion pending
src/app/services/selection-batch.service.ts	520	copyRealLinkState	selection; topology; attachment; material geometry	point-topology	joints.get(source.joints.find((joint) => joint.id === id)!)?.id ?? copy.joints[0].id	native transaction closure/remap and material records	classified at operation boundary; conversion pending
src/app/services/selection-batch.service.ts	571	descendants	selection; topology; attachment; material geometry	compound-material	if (!(link instanceof RealLink)) return [];	native transaction closure/remap and material records	classified at operation boundary; conversion pending
src/app/services/selection-batch.service.ts	572	descendants	selection; topology; attachment; material geometry	compound-material	return link.subset.flatMap((child) => [child, ...descendants(child)]);	native transaction closure/remap and material records	classified at operation boundary; conversion pending
src/app/services/selection-batch.service.ts	582	removeJointsFromLink	selection; topology; attachment; material geometry	point-topology	link.joints = link.joints.filter((joint) => !ids.has(joint.id));	native transaction closure/remap and material records	classified at operation boundary; conversion pending
src/app/services/selection-batch.service.ts	587	refreshLinkIdentity	selection; topology; attachment; material geometry	point-topology	link.id = link.joints	native transaction closure/remap and material records	classified at operation boundary; conversion pending
src/app/services/selection-batch.service.ts	593	refreshLinkIdentity	selection; topology; attachment; material geometry	point-topology	...link.joints.map((joint) => ({ id: joint.id, label: joint.id })),	native transaction closure/remap and material records	classified at operation boundary; conversion pending
src/app/services/slider-mark.service.ts	255	marks	render mark; analysis result	point-topology	.filter((joint): joint is PrisJoint => joint instanceof PrisJoint)	native marks, explicit guide/assembly ownership and sampled view bounds	classified at operation boundary; conversion pending
src/app/services/slider-mark.service.ts	305	ridersOn	render mark; analysis result	compound-material	(link): link is RealLink => link instanceof RealLink && !(link instanceof SliderBlock)	native marks, explicit guide/assembly ownership and sampled view bounds	classified at operation boundary; conversion pending
src/app/services/slider-mark.service.ts	340	channelsInLocalFrame	render mark; analysis result	point-topology	if (!(joint instanceof PrisJoint) || !joint.isFloating) continue;	native marks, explicit guide/assembly ownership and sampled view bounds	classified at operation boundary; conversion pending
src/app/services/slider-mark.service.ts	419	channels	render mark; analysis result	point-topology	if (!(joint instanceof PrisJoint) || !joint.isFloating) continue;	native marks, explicit guide/assembly ownership and sampled view bounds	classified at operation boundary; conversion pending
src/app/services/slider-mark.service.ts	455	markFor	render mark; analysis result	compound-material	const block = slider.links.find((link): link is SliderBlock => link instanceof SliderBlock);	native marks, explicit guide/assembly ownership and sampled view bounds	classified at operation boundary; conversion pending
src/app/services/slider-mark.service.ts	457	markFor	render mark; analysis result	point-topology	const pin = block.joints.find(	native marks, explicit guide/assembly ownership and sampled view bounds	classified at operation boundary; conversion pending
src/app/services/slider-mark.service.ts	458	markFor	render mark; analysis result	point-topology	(joint): joint is RealJoint => joint instanceof RealJoint && !(joint instanceof PrisJoint)	native marks, explicit guide/assembly ownership and sampled view bounds	classified at operation boundary; conversion pending
src/app/services/slider-mark.service.ts	469	markFor	render mark; analysis result	compound-material	link instanceof RealLink && !(link instanceof SliderBlock) && !claimed.has(link.id)	native marks, explicit guide/assembly ownership and sampled view bounds	classified at operation boundary; conversion pending
src/app/services/slider-mark.service.ts	709	bands	render mark; analysis result	point-topology	if (!(joint instanceof PrisJoint) || !joint.ground) continue;	native marks, explicit guide/assembly ownership and sampled view bounds	classified at operation boundary; conversion pending
src/app/services/svg-grid.service.ts	990	fullMotionBox	render mark; analysis result	point-topology	for (const frame of solved.joints) {	native marks, explicit guide/assembly ownership and sampled view bounds	classified at operation boundary; conversion pending
src/app/services/svg-grid.service.ts	1113	scaleSuitedTo	render mark; analysis result	point-topology	if (this.injector.get(MechanismService).joints.length === 0) return undefined;	native marks, explicit guide/assembly ownership and sampled view bounds	classified at operation boundary; conversion pending
src/app/services/synthesis/synthesis-solution.service.ts	667	lettersKey	topology; attachment; analysis result	point-topology	return this.mechanismSrv.joints.map((joint) => joint.id).join(',') + '|' + freed.join(',');	native construction commands, synthesis poses and tutorial progression/sample readers	classified at operation boundary; conversion pending
src/app/services/synthesis/synthesis-solution.service.ts	676	nextLetters	topology; attachment; analysis result	letter-identity	taken.push(this.mechanismSrv.determineNextLetter(taken, freed));	native construction commands, synthesis poses and tutorial progression/sample readers	classified at operation boundary; conversion pending
src/app/services/synthesis/synthesis-solution.service.ts	700	ownership	topology; attachment; analysis result	point-topology	const owned = this.mechanismSrv.joints.filter((joint) => ids.has(joint.id));	native construction commands, synthesis poses and tutorial progression/sample readers	classified at operation boundary; conversion pending
src/app/services/synthesis/synthesis-solution.service.ts	722	ownership	topology; attachment; analysis result	point-topology	(joint as RealJoint).connectedJoints?.some((other) => !ids.has(other.id))	native construction commands, synthesis poses and tutorial progression/sample readers	classified at operation boundary; conversion pending
src/app/services/synthesis/synthesis-solution.service.ts	758	needsReinsert	topology; attachment; analysis result	point-topology	this.mechanismSrv.joints	native construction commands, synthesis poses and tutorial progression/sample readers	classified at operation boundary; conversion pending
src/app/services/synthesis/synthesis-solution.service.ts	831	insert	topology; attachment; analysis result	point-topology	jointA.connectedJoints.push(jointB);	native construction commands, synthesis poses and tutorial progression/sample readers	classified at operation boundary; conversion pending
src/app/services/synthesis/synthesis-solution.service.ts	832	insert	topology; attachment; analysis result	point-topology	jointB.connectedJoints.push(jointA, jointC);	native construction commands, synthesis poses and tutorial progression/sample readers	classified at operation boundary; conversion pending
src/app/services/synthesis/synthesis-solution.service.ts	833	insert	topology; attachment; analysis result	point-topology	jointC.connectedJoints.push(jointB, jointD);	native construction commands, synthesis poses and tutorial progression/sample readers	classified at operation boundary; conversion pending
src/app/services/synthesis/synthesis-solution.service.ts	834	insert	topology; attachment; analysis result	point-topology	jointD.connectedJoints.push(jointC);	native construction commands, synthesis poses and tutorial progression/sample readers	classified at operation boundary; conversion pending
src/app/services/synthesis/synthesis-solution.service.ts	859	insert	topology; attachment; analysis result	point-topology	motor.connectedJoints.push(knee);	native construction commands, synthesis poses and tutorial progression/sample readers	classified at operation boundary; conversion pending
src/app/services/synthesis/synthesis-solution.service.ts	860	insert	topology; attachment; analysis result	point-topology	knee.connectedJoints.push(motor, jointB);	native construction commands, synthesis poses and tutorial progression/sample readers	classified at operation boundary; conversion pending
src/app/services/synthesis/synthesis-solution.service.ts	861	insert	topology; attachment; analysis result	point-topology	jointB.connectedJoints.push(knee);	native construction commands, synthesis poses and tutorial progression/sample readers	classified at operation boundary; conversion pending
src/app/services/synthesis/synthesis-solution.service.ts	916	removeOwned	topology; attachment; analysis result	point-topology	.filter((link) => link.joints.every((joint) => ids.has(joint.id)))	native construction commands, synthesis poses and tutorial progression/sample readers	classified at operation boundary; conversion pending
src/app/services/synthesis/synthesis-solution.service.ts	923	removeOwned	topology; attachment; analysis result	point-topology	this.mechanismSrv.joints = this.mechanismSrv.joints.filter((joint) => !ids.has(joint.id));	native construction commands, synthesis poses and tutorial progression/sample readers	classified at operation boundary; conversion pending
src/app/services/transcoding/base64-converter.ts	31	toUrlSafeBaseN	excluded: encoding or UI key	letter-identity	baseNString = BaseNConverter.baseNChars.charAt(integer % BaseNConverter.N) + baseNString;	retain pure encoding/UI key; no mechanical identity is inferred	classified at operation boundary; conversion pending
src/app/services/transcoding/mechanism-builder.ts	50	getLinkByID	topology; attachment; material geometry	compound-material	if (!(link instanceof RealLink) || link.subset.length === 0) continue;	native codec/production decoded-record importer; no reconstructed legacy graph	classified at operation boundary; conversion pending
src/app/services/transcoding/mechanism-builder.ts	51	getLinkByID	topology; attachment; material geometry	compound-material	const inside = this.getLinkByID(link.subset, id);	native codec/production decoded-record importer; no reconstructed legacy graph	classified at operation boundary; conversion pending
src/app/services/transcoding/mechanism-builder.ts	71	buildJoint	topology; attachment; material geometry	shape-frame	joint.angle_rad = jointData.angleRadians;	native codec/production decoded-record importer; no reconstructed legacy graph	classified at operation boundary; conversion pending
src/app/services/transcoding/mechanism-builder.ts	103	buildLink	topology; attachment; material geometry	point-topology	const realJoints = jointsOnLink.filter((joint) => joint instanceof RealJoint) as RealJoint[];	native codec/production decoded-record importer; no reconstructed legacy graph	classified at operation boundary; conversion pending
src/app/services/transcoding/mechanism-builder.ts	106	buildLink	topology; attachment; material geometry	point-topology	if (joint !== otherJoint) joint.connectedJoints.push(otherJoint);	native codec/production decoded-record importer; no reconstructed legacy graph	classified at operation boundary; conversion pending
src/app/services/transcoding/mechanism-builder.ts	113	buildLink	topology; attachment; material geometry	shape-frame	link = new RealLink(linkData.id, jointsOnLink, linkData.mass, linkData.massMoI, CoM);	native codec/production decoded-record importer; no reconstructed legacy graph	classified at operation boundary; conversion pending
src/app/services/transcoding/mechanism-builder.ts	143	buildForce	topology; attachment; material geometry	compound-material	(candidate instanceof RealLink &&	native codec/production decoded-record importer; no reconstructed legacy graph	classified at operation boundary; conversion pending
src/app/services/transcoding/mechanism-builder.ts	144	buildForce	topology; attachment; material geometry	compound-material	candidate.subset.some((subset) => subset.id === forceData.linkID))	native codec/production decoded-record importer; no reconstructed legacy graph	classified at operation boundary; conversion pending
src/app/services/transcoding/mechanism-builder.ts	150	buildForce	topology; attachment; material geometry	compound-material	if (!(link instanceof RealLink)) {	native codec/production decoded-record importer; no reconstructed legacy graph	classified at operation boundary; conversion pending
src/app/services/transcoding/mechanism-builder.ts	185	resolveSlots	topology; attachment; material geometry	point-topology	if (!(joint instanceof PrisJoint) || !carrier || !slotJointA || !slotJointB) {	native codec/production decoded-record importer; no reconstructed legacy graph	classified at operation boundary; conversion pending
src/app/services/transcoding/mechanism-builder.ts	198	addSubsetLinks	topology; attachment; material geometry	compound-material	if (!(link instanceof RealLink)) return;	native codec/production decoded-record importer; no reconstructed legacy graph	classified at operation boundary; conversion pending
src/app/services/transcoding/mechanism-builder.ts	201	addSubsetLinks	topology; attachment; material geometry	compound-material	(link as RealLink).subset = [];	native codec/production decoded-record importer; no reconstructed legacy graph	classified at operation boundary; conversion pending
src/app/services/transcoding/mechanism-builder.ts	204	addSubsetLinks	topology; attachment; material geometry	compound-material	(link as RealLink).subset.push(subsetLink);	native codec/production decoded-record importer; no reconstructed legacy graph	classified at operation boundary; conversion pending
src/app/services/transcoding/mechanism-builder.ts	224	addAdjacentLinksForJoints	topology; attachment; material geometry	point-topology	this.mechanism.joints.forEach((joint) => {	native codec/production decoded-record importer; no reconstructed legacy graph	classified at operation boundary; conversion pending
src/app/services/transcoding/mechanism-builder.ts	225	addAdjacentLinksForJoints	topology; attachment; material geometry	point-topology	if (joint instanceof RealJoint) {	native codec/production decoded-record importer; no reconstructed legacy graph	classified at operation boundary; conversion pending
src/app/services/transcoding/mechanism-builder.ts	227	addAdjacentLinksForJoints	topology; attachment; material geometry	point-topology	realJoint.links = this.mechanism.links.filter((link) => link.joints.includes(realJoint));	native codec/production decoded-record importer; no reconstructed legacy graph	classified at operation boundary; conversion pending
src/app/services/transcoding/mechanism-builder.ts	228	addAdjacentLinksForJoints	topology; attachment; material geometry	point-topology	realJoint.connectedJoints = [];	native codec/production decoded-record importer; no reconstructed legacy graph	classified at operation boundary; conversion pending
src/app/services/transcoding/mechanism-builder.ts	230	addAdjacentLinksForJoints	topology; attachment; material geometry	point-topology	link.joints.forEach((otherJoint) => {	native codec/production decoded-record importer; no reconstructed legacy graph	classified at operation boundary; conversion pending
src/app/services/transcoding/mechanism-builder.ts	232	addAdjacentLinksForJoints	topology; attachment; material geometry	point-topology	otherJoint instanceof RealJoint &&	native codec/production decoded-record importer; no reconstructed legacy graph	classified at operation boundary; conversion pending
src/app/services/transcoding/mechanism-builder.ts	234	addAdjacentLinksForJoints	topology; attachment; material geometry	point-topology	!realJoint.connectedJoints.some((candidate) => candidate.id === otherJoint.id)	native codec/production decoded-record importer; no reconstructed legacy graph	classified at operation boundary; conversion pending
src/app/services/transcoding/mechanism-builder.ts	236	addAdjacentLinksForJoints	topology; attachment; material geometry	point-topology	realJoint.connectedJoints.push(otherJoint);	native codec/production decoded-record importer; no reconstructed legacy graph	classified at operation boundary; conversion pending
src/app/services/transcoding/mechanism-builder.ts	270	build	topology; attachment; material geometry	point-topology	this.mechanism.joints = joints;	native codec/production decoded-record importer; no reconstructed legacy graph	classified at operation boundary; conversion pending
src/app/services/transcoding/mechanism-builder.ts	285	build	topology; attachment; material geometry	letter-identity	const tag = lockedId.charAt(0);	native codec/production decoded-record importer; no reconstructed legacy graph	classified at operation boundary; conversion pending
src/app/services/transcoding/mechanism-builder.ts	289	build	topology; attachment; material geometry	point-topology	if (joint instanceof RealJoint) joint.locked = true;	native codec/production decoded-record importer; no reconstructed legacy graph	classified at operation boundary; conversion pending
src/app/services/transcoding/mechanism-builder.ts	294	build	topology; attachment; material geometry	compound-material	.filter((candidate): candidate is RealLink => candidate instanceof RealLink)	native codec/production decoded-record importer; no reconstructed legacy graph	classified at operation boundary; conversion pending
src/app/services/transcoding/mechanism-builder.ts	295	build	topology; attachment; material geometry	compound-material	.flatMap((candidate) => candidate.subset)	native codec/production decoded-record importer; no reconstructed legacy graph	classified at operation boundary; conversion pending
src/app/services/transcoding/mechanism-builder.ts	297	build	topology; attachment; material geometry	point-topology	link?.joints.forEach((joint) => {	native codec/production decoded-record importer; no reconstructed legacy graph	classified at operation boundary; conversion pending
src/app/services/transcoding/mechanism-builder.ts	298	build	topology; attachment; material geometry	point-topology	if (joint instanceof RealJoint) joint.locked = true;	native codec/production decoded-record importer; no reconstructed legacy graph	classified at operation boundary; conversion pending
src/app/services/transcoding/mechanism-builder.ts	311	build	topology; attachment; material geometry	compound-material,letter-identity	if (link instanceof RealLink) link.hold = entry.charAt(1) === 'l' ? 'length' : 'angle';	native codec/production decoded-record importer; no reconstructed legacy graph	classified at operation boundary; conversion pending
src/app/services/transcoding/mechanism-builder.ts	320	build	topology; attachment; material geometry	letter-identity	if (entry.charAt(1) === 'J') {	native codec/production decoded-record importer; no reconstructed legacy graph	classified at operation boundary; conversion pending
src/app/services/transcoding/mechanism-builder.ts	340	build	topology; attachment; material geometry	compound-material	if (!(link instanceof RealLink)) return;	native codec/production decoded-record importer; no reconstructed legacy graph	classified at operation boundary; conversion pending
src/app/services/transcoding/mechanism-builder.ts	341	build	topology; attachment; material geometry	letter-identity	link.comAnchor = entry.charAt(1) === 'G' ? 'grid' : { joint: jointID };	native codec/production decoded-record importer; no reconstructed legacy graph	classified at operation boundary; conversion pending
src/app/services/transcoding/mechanism-builder.ts	354	build	topology; attachment; material geometry	compound-material	if (part instanceof RealLink) {	native codec/production decoded-record importer; no reconstructed legacy graph	classified at operation boundary; conversion pending
src/app/services/transcoding/string-disassembler.ts	27	pollNextCharacter	excluded: encoding or UI key	letter-identity	return this.remaining.charAt(0);	retain pure encoding/UI key; no mechanical identity is inferred	classified at operation boundary; conversion pending
src/app/services/transcoding/string-disassembler.ts	36	nextCharacter	excluded: encoding or UI key	letter-identity	let result = this.remaining.charAt(0);	retain pure encoding/UI key; no mechanical identity is inferred	classified at operation boundary; conversion pending
src/app/services/transcoding/string-transcoder.ts	44	<record/template>	topology; attachment; material geometry	shape-frame	[FLAGS][JointID],[x],[y],[angleRadians],[linkID1],[linkID2]...	native codec/production decoded-record importer; no reconstructed legacy graph	classified at operation boundary; conversion pending
src/app/services/transcoding/string-transcoder.ts	49	<record/template>	topology; attachment; material geometry	shape-frame	[angleRadians] = number	native codec/production decoded-record importer; no reconstructed legacy graph	classified at operation boundary; conversion pending
src/app/services/transcoding/string-transcoder.ts	71	encodeJoint	topology; attachment; material geometry	shape-frame	let angleString = this.encodeDecimalNumber(joint.angleRadians);	native codec/production decoded-record importer; no reconstructed legacy graph	classified at operation boundary; conversion pending
src/app/services/transcoding/string-transcoder.ts	194	<record/template>	topology; attachment; material geometry	shape-frame	[type][id],[mass],[massMoI],[xCoM],[yCoM],[color],[jointID1,jointID2...],,[subsetLinkID1,subsetLinkID2...]	native codec/production decoded-record importer; no reconstructed legacy graph	classified at operation boundary; conversion pending
src/app/services/transcoding/string-transcoder.ts	207	encodeLink	topology; attachment; material geometry	shape-frame	let massMoIString = this.encodeDecimalNumber(link.massMoI);	native codec/production decoded-record importer; no reconstructed legacy graph	classified at operation boundary; conversion pending
src/app/services/transcoding/string-transcoder.ts	233	encodeLink	topology; attachment; material geometry	shape-frame	massMoIString +	native codec/production decoded-record importer; no reconstructed legacy graph	classified at operation boundary; conversion pending
src/app/services/transcoding/string-transcoder.ts	262	decodeLink	topology; attachment; material geometry	shape-frame	let massMoI = sd.nextDecimalNumber();	native codec/production decoded-record importer; no reconstructed legacy graph	classified at operation boundary; conversion pending
src/app/services/transcoding/string-transcoder.ts	285	decodeLink	topology; attachment; material geometry	shape-frame	massMoI,	native codec/production decoded-record importer; no reconstructed legacy graph	classified at operation boundary; conversion pending
src/app/services/transcoding/string-transcoder.ts	409	encodeURL	topology; attachment; material geometry	point-topology	for (let i = 0; i < this.joints.length; i++) {	native codec/production decoded-record importer; no reconstructed legacy graph	classified at operation boundary; conversion pending
src/app/services/transcoding/string-transcoder.ts	410	encodeURL	topology; attachment; material geometry	point-topology	jointString += this.encodeJoint(this.joints[i]) + '.';	native codec/production decoded-record importer; no reconstructed legacy graph	classified at operation boundary; conversion pending
src/app/services/transcoding/string-transcoder.ts	502	decodeURL	topology; attachment; material geometry	letter-identity	let lastChar = url.charAt(url.length - 1); // extract last character	native codec/production decoded-record importer; no reconstructed legacy graph	classified at operation boundary; conversion pending
src/app/services/transcoding/string-transcoder.ts	554	decodeURL	topology; attachment; material geometry	letter-identity	this.enumData[key] = i < enumString.length ? this.decodeInteger(enumString.charAt(i)) : 0;	native codec/production decoded-record importer; no reconstructed legacy graph	classified at operation boundary; conversion pending
src/app/services/transcoding/string-transcoder.ts	601	decodeURL	topology; attachment; material geometry	letter-identity	if (entry.charAt(0) === 'C') this.comAnchors.push(entry);	native codec/production decoded-record importer; no reconstructed legacy graph	classified at operation boundary; conversion pending
src/app/services/transcoding/string-transcoder.ts	602	decodeURL	topology; attachment; material geometry	letter-identity	else if (entry.charAt(0) === 'S') this.synthesisMarks.push(entry);	native codec/production decoded-record importer; no reconstructed legacy graph	classified at operation boundary; conversion pending
src/app/services/transcoding/string-transcoder.ts	603	decodeURL	topology; attachment; material geometry	letter-identity	else if (entry.charAt(0) === 'K') this.partColors.push(entry);	native codec/production decoded-record importer; no reconstructed legacy graph	classified at operation boundary; conversion pending
src/app/services/transcoding/string-transcoder.ts	604	decodeURL	topology; attachment; material geometry	letter-identity	else if (entry.charAt(0) === 'H') this.holds.push(entry);	native codec/production decoded-record importer; no reconstructed legacy graph	classified at operation boundary; conversion pending
src/app/services/transcoding/string-transcoder.ts	619	validateDecodedData	topology; attachment; material geometry	point-topology	const jointIDs = new Set(this.joints.map((joint) => joint.id));	native codec/production decoded-record importer; no reconstructed legacy graph	classified at operation boundary; conversion pending
src/app/services/transcoding/string-transcoder.ts	621	validateDecodedData	topology; attachment; material geometry	point-topology	if (jointIDs.size !== this.joints.length || linkIDs.size !== this.links.length) {	native codec/production decoded-record importer; no reconstructed legacy graph	classified at operation boundary; conversion pending
src/app/services/transcoding/string-transcoder.ts	624	validateDecodedData	topology; attachment; material geometry	point-topology	this.joints.forEach((joint) => {	native codec/production decoded-record importer; no reconstructed legacy graph	classified at operation boundary; conversion pending
src/app/services/transcoding/string-transcoder.ts	625	validateDecodedData	topology; attachment; material geometry	shape-frame	if (!joint.id || ![joint.x, joint.y, joint.angleRadians].every(Number.isFinite)) {	native codec/production decoded-record importer; no reconstructed legacy graph	classified at operation boundary; conversion pending
src/app/services/transcoding/string-transcoder.ts	633	validateDecodedData	topology; attachment; material geometry	shape-frame	![link.mass, link.massMoI, link.xCoM, link.yCoM].every(Number.isFinite) ||	native codec/production decoded-record importer; no reconstructed legacy graph	classified at operation boundary; conversion pending
src/app/services/transcoding/string-transcoder.ts	665	validateDecodedSlots	topology; attachment; material geometry	point-topology	this.joints.forEach((joint) => {	native codec/production decoded-record importer; no reconstructed legacy graph	classified at operation boundary; conversion pending
src/app/services/transcoding/string-transcoder.ts	708	validateDecodedPartColors	topology; attachment; material geometry	letter-identity	const kind = entry.charAt(1);	native codec/production decoded-record importer; no reconstructed legacy graph	classified at operation boundary; conversion pending
src/app/services/transcoding/string-transcoder.ts	728	validateDecodedLocks	topology; attachment; material geometry	letter-identity	const tag = lockedId.charAt(0);	native codec/production decoded-record importer; no reconstructed legacy graph	classified at operation boundary; conversion pending
src/app/services/transcoding/string-transcoder.ts	820	validateDecodedComAnchors	topology; attachment; material geometry	letter-identity	(entry.charAt(1) === 'G'	native codec/production decoded-record importer; no reconstructed legacy graph	classified at operation boundary; conversion pending
src/app/services/transcoding/string-transcoder.ts	822	validateDecodedComAnchors	topology; attachment; material geometry	letter-identity	: entry.charAt(1) === 'J' && jointID !== undefined && link.jointIDs.includes(jointID));	native codec/production decoded-record importer; no reconstructed legacy graph	classified at operation boundary; conversion pending
src/app/services/transcoding/string-transcoder.ts	836	validateDecodedHolds	topology; attachment; material geometry	letter-identity	const which = entry.charAt(1);	native codec/production decoded-record importer; no reconstructed legacy graph	classified at operation boundary; conversion pending
src/app/services/transcoding/string-transcoder.ts	847	validateDecodedSlotCarriers	topology; attachment; material geometry	point-topology	this.joints.forEach((joint) => {	native codec/production decoded-record importer; no reconstructed legacy graph	classified at operation boundary; conversion pending
src/app/services/transcoding/transcoder-data.ts	40	<record/template>	topology; attachment; material geometry	shape-frame	public angleRadians: number,	native codec/production decoded-record importer; no reconstructed legacy graph	classified at operation boundary; conversion pending
src/app/services/transcoding/transcoder-data.ts	75	<record/template>	topology; attachment; material geometry	shape-frame	public massMoI: number = 0,	native codec/production decoded-record importer; no reconstructed legacy graph	classified at operation boundary; conversion pending
src/app/services/transcoding/transcoder-interface.ts	81	addJoint	topology; attachment; material geometry	point-topology	this.joints.push(joint);	native codec/production decoded-record importer; no reconstructed legacy graph	classified at operation boundary; conversion pending
src/app/services/transcoding/transcoder-interface.ts	179	getJoints	topology; attachment; material geometry	point-topology	return this.joints;	native codec/production decoded-record importer; no reconstructed legacy graph	classified at operation boundary; conversion pending
src/app/services/tutorial.service.ts	127	noticeStep	topology; attachment; analysis result	point-topology	const now = stepOf(this.mechanism.joints, this.mechanism.links);	native construction commands, synthesis poses and tutorial progression/sample readers	classified at operation boundary; conversion pending
src/app/services/tutorial.service.ts	163	progress	topology; attachment; analysis result	point-topology	return progressFor(this.mechanism.joints, this.mechanism.links);	native construction commands, synthesis poses and tutorial progression/sample readers	classified at operation boundary; conversion pending
src/app/services/tutorial.service.ts	176	viewedProgress	topology; attachment; analysis result	point-topology	return progressAt(this.mechanism.joints, this.mechanism.links, this.viewedStep);	native construction commands, synthesis poses and tutorial progression/sample readers	classified at operation boundary; conversion pending
src/app/services/tutorial.service.ts	274	start	topology; attachment; analysis result	point-topology	this.knownStep = stepOf(this.mechanism.joints, this.mechanism.links);	native construction commands, synthesis poses and tutorial progression/sample readers	classified at operation boundary; conversion pending
src/app/services/tutorial.service.ts	294	restartWouldDiscard	topology; attachment; analysis result	point-topology	this.mechanism.joints.length > 0 ||	native construction commands, synthesis poses and tutorial progression/sample readers	classified at operation boundary; conversion pending
src/app/services/tutorial.service.ts	364	readingFor	topology; attachment; analysis result	point-topology	const samples = mechanism.joints.length;	native construction commands, synthesis poses and tutorial progression/sample readers	classified at operation boundary; conversion pending
src/app/services/tutorial.service.ts	583	extendChain	topology; attachment; analysis result	point-topology	const free = endJoints(this.mechanism.joints);	native construction commands, synthesis poses and tutorial progression/sample readers	classified at operation boundary; conversion pending
src/app/services/tutorial.service.ts	593	firstBarEnds	topology; attachment; analysis result	point-topology	if (!link || link.joints.length < 2) return undefined;	native construction commands, synthesis poses and tutorial progression/sample readers	classified at operation boundary; conversion pending
src/app/services/tutorial.service.ts	594	firstBarEnds	topology; attachment; analysis result	point-topology	const [from, to] = link.joints;	native construction commands, synthesis poses and tutorial progression/sample readers	classified at operation boundary; conversion pending
src/app/services/tutorial.service.ts	628	playAndRead	topology; attachment; analysis result	point-topology	const samples = this.mechanism.masterMechanism()?.joints.length ?? 0;	native construction commands, synthesis poses and tutorial progression/sample readers	classified at operation boundary; conversion pending
src/app/services/tutorial.service.ts	647	fastestJoint	topology; attachment; analysis result	point-topology	for (const joint of readableJoints(this.mechanism.joints)) {	native construction commands, synthesis poses and tutorial progression/sample readers	classified at operation boundary; conversion pending
src/app/services/url-generation.service.ts	48	_addJointToEncoder	topology; attachment; material geometry	point-topology	if (joint instanceof RevJoint) {	native codec/production decoded-record importer; no reconstructed legacy graph	classified at operation boundary; conversion pending
src/app/services/url-generation.service.ts	68	_addJointToEncoder	topology; attachment; material geometry	point-topology	} else if (joint instanceof PrisJoint) {	native codec/production decoded-record importer; no reconstructed legacy graph	classified at operation boundary; conversion pending
src/app/services/url-generation.service.ts	92	_addLinkToEncoder	topology; attachment; material geometry	compound-material	if (link instanceof RealLink) {	native codec/production decoded-record importer; no reconstructed legacy graph	classified at operation boundary; conversion pending
src/app/services/url-generation.service.ts	100	_addLinkToEncoder	topology; attachment; material geometry	shape-frame	link.massMoI,	native codec/production decoded-record importer; no reconstructed legacy graph	classified at operation boundary; conversion pending
src/app/services/url-generation.service.ts	104	_addLinkToEncoder	topology; attachment; material geometry	point-topology	link.joints.map((joint) => joint.id),	native codec/production decoded-record importer; no reconstructed legacy graph	classified at operation boundary; conversion pending
src/app/services/url-generation.service.ts	105	_addLinkToEncoder	topology; attachment; material geometry	compound-material	link.subset.map((subset) => subset.id),	native codec/production decoded-record importer; no reconstructed legacy graph	classified at operation boundary; conversion pending
src/app/services/url-generation.service.ts	111	_addLinkToEncoder	topology; attachment; material geometry	compound-material	} else if (link instanceof SliderBlock) {	native codec/production decoded-record importer; no reconstructed legacy graph	classified at operation boundary; conversion pending
src/app/services/url-generation.service.ts	123	_addLinkToEncoder	topology; attachment; material geometry	point-topology	link.joints.map((joint) => joint.id),	native codec/production decoded-record importer; no reconstructed legacy graph	classified at operation boundary; conversion pending
src/app/services/url-generation.service.ts	160	generateUrlQuery	topology; attachment; material geometry	point-topology	this.mechanism.joints.forEach((joint) => {	native codec/production decoded-record importer; no reconstructed legacy graph	classified at operation boundary; conversion pending
src/app/services/url-generation.service.ts	171	generateUrlQuery	topology; attachment; material geometry	compound-material	if (link instanceof RealLink) {	native codec/production decoded-record importer; no reconstructed legacy graph	classified at operation boundary; conversion pending
src/app/services/url-generation.service.ts	172	generateUrlQuery	topology; attachment; material geometry	compound-material	link.subset.forEach((subsetLink) => {	native codec/production decoded-record importer; no reconstructed legacy graph	classified at operation boundary; conversion pending
src/app/services/url-generation.service.ts	186	generateUrlQuery	topology; attachment; material geometry	point-topology	...this.mechanism.joints	native codec/production decoded-record importer; no reconstructed legacy graph	classified at operation boundary; conversion pending
src/app/services/url-generation.service.ts	187	generateUrlQuery	topology; attachment; material geometry	point-topology	.filter((joint): joint is RealJoint => joint instanceof RealJoint && joint.locked)	native codec/production decoded-record importer; no reconstructed legacy graph	classified at operation boundary; conversion pending
src/app/services/url-generation.service.ts	201	generateUrlQuery	topology; attachment; material geometry	compound-material	...this.mechanism.links.flatMap((link) => (link instanceof RealLink ? link.subset : [])),	native codec/production decoded-record importer; no reconstructed legacy graph	classified at operation boundary; conversion pending
src/app/services/url-generation.service.ts	205	generateUrlQuery	topology; attachment; material geometry	point-topology,compound-material	link instanceof RealLink && link.hold !== undefined && link.joints.length === 2	native codec/production decoded-record importer; no reconstructed legacy graph	classified at operation boundary; conversion pending
src/app/services/url-generation.service.ts	217	generateUrlQuery	topology; attachment; material geometry	compound-material	link instanceof RealLink && link.comIsCustom && link.comAnchor !== 'centroid'	native codec/production decoded-record importer; no reconstructed legacy graph	classified at operation boundary; conversion pending
src/app/services/url-generation.service.ts	230	generateUrlQuery	topology; attachment; material geometry	point-topology	...this.mechanism.joints	native codec/production decoded-record importer; no reconstructed legacy graph	classified at operation boundary; conversion pending
src/app/services/url-processor.service.ts	281	updateFromURL	topology; attachment; material geometry	point-topology	const present = new Set(mechanismSrv.joints.map((joint) => joint.id));	native codec/production decoded-record importer; no reconstructed legacy graph	classified at operation boundary; conversion pending
src/app/services/url-processor.service.ts	351	updateFromURL	topology; attachment; material geometry	point-topology	mechanismSrv.joints,	native codec/production decoded-record importer; no reconstructed legacy graph	classified at operation boundary; conversion pending
src/app/model/uniform-body.ts	27	export interface UniformBody	material geometry	transitive geometry/scale helper	export interface UniformBody {	native body-properties; preserve slender-bar idealization; delete joint-hull inference	classified at exported operation boundary; conversion pending
src/app/model/uniform-body.ts	34	export function uniformBodyOf(joints:	material geometry	transitive geometry/scale helper	export function uniformBodyOf(joints: { x: number; y: number }[]): UniformBody {	native body-properties; preserve slender-bar idealization; delete joint-hull inference	classified at exported operation boundary; conversion pending
src/app/model/compound-link-path.ts	3	export interface CompoundPathGeometry	render mark	transitive geometry/scale helper	export interface CompoundPathGeometry {	retain pure outline/channel union and rigid path transforms for native render views	classified at exported operation boundary; conversion pending
src/app/model/compound-link-path.ts	18	export function buildCompoundPath(leafPaths: string[], filletRadius: number): CompoundPathGeometry	render mark	transitive geometry/scale helper	export function buildCompoundPath(leafPaths: string[], filletRadius: number): CompoundPathGeometry {	retain pure outline/channel union and rigid path transforms for native render views	classified at exported operation boundary; conversion pending
src/app/model/compound-link-path.ts	48	export function mergedChannels(channels: string[]): string	render mark	transitive geometry/scale helper	export function mergedChannels(channels: string[]): string {	retain pure outline/channel union and rigid path transforms for native render views	classified at exported operation boundary; conversion pending
src/app/model/compound-link-path.ts	61	export function transformRigidPath(	render mark	transitive geometry/scale helper	export function transformRigidPath(	retain pure outline/channel union and rigid path transforms for native render views	classified at exported operation boundary; conversion pending
src/app/model/compound-link-path.ts	130	export function transformRigidCoord(	render mark	transitive geometry/scale helper	export function transformRigidCoord(	retain pure outline/channel union and rigid path transforms for native render views	classified at exported operation boundary; conversion pending
src/app/model/outline-winding.ts	23	export function withoutCollinearVertices(	render mark	transitive geometry/scale helper	export function withoutCollinearVertices(	retain pure winding/collinear math; remove transitive legacy utils dependency at S7	classified at exported operation boundary; conversion pending
src/app/model/outline-winding.ts	73	export function outlineSweepFlag(	render mark	transitive geometry/scale helper	export function outlineSweepFlag(	retain pure winding/collinear math; remove transitive legacy utils dependency at S7	classified at exported operation boundary; conversion pending
src/app/model/joint-marks.ts	25	export const MARK =	render mark	transitive geometry/scale helper	export const MARK = {	retain useful primitive glyph/skin math; replace synthetic block/point discovery in callers	classified at exported operation boundary; conversion pending
src/app/model/joint-marks.ts	125	export const GROUND_STROKE =	render mark	transitive geometry/scale helper	export const GROUND_STROKE = {	retain useful primitive glyph/skin math; replace synthetic block/point discovery in callers	classified at exported operation boundary; conversion pending
src/app/model/joint-marks.ts	135	export const CYLINDER =	render mark	transitive geometry/scale helper	export const CYLINDER = {	retain useful primitive glyph/skin math; replace synthetic block/point discovery in callers	classified at exported operation boundary; conversion pending
src/app/model/joint-marks.ts	199	export function barrelPath(r: number, anchor: number, mouth: number): string	render mark	transitive geometry/scale helper	export function barrelPath(r: number, anchor: number, mouth: number): string {	retain useful primitive glyph/skin math; replace synthetic block/point discovery in callers	classified at exported operation boundary; conversion pending
src/app/model/joint-marks.ts	216	export function rodBodyPath(r: number, reach: number, headHalf: number): string	render mark	transitive geometry/scale helper	export function rodBodyPath(r: number, reach: number, headHalf: number): string {	retain useful primitive glyph/skin math; replace synthetic block/point discovery in callers	classified at exported operation boundary; conversion pending
src/app/model/joint-marks.ts	234	export function cylinderBlockPath(r: number, headHalf: number): string	render mark	transitive geometry/scale helper	export function cylinderBlockPath(r: number, headHalf: number): string {	retain useful primitive glyph/skin math; replace synthetic block/point discovery in callers	classified at exported operation boundary; conversion pending
src/app/model/joint-marks.ts	259	export function cylinderContourPath(	render mark	transitive geometry/scale helper	export function cylinderContourPath(	retain useful primitive glyph/skin math; replace synthetic block/point discovery in callers	classified at exported operation boundary; conversion pending
src/app/model/joint-marks.ts	296	export function cylinderArrowPaths(	render mark	transitive geometry/scale helper	export function cylinderArrowPaths(	retain useful primitive glyph/skin math; replace synthetic block/point discovery in callers	classified at exported operation boundary; conversion pending
src/app/model/joint-marks.ts	325	export interface Segment	render mark	transitive geometry/scale helper	export interface Segment {	retain useful primitive glyph/skin math; replace synthetic block/point discovery in callers	classified at exported operation boundary; conversion pending
src/app/model/joint-marks.ts	337	export function capsulePath(x0: number, x1: number, halfWidth: number): string	render mark	transitive geometry/scale helper	export function capsulePath(x0: number, x1: number, halfWidth: number): string {	retain useful primitive glyph/skin math; replace synthetic block/point discovery in callers	classified at exported operation boundary; conversion pending
src/app/model/joint-marks.ts	353	export function orientedCapsulePath(	render mark	transitive geometry/scale helper	export function orientedCapsulePath(	retain useful primitive glyph/skin math; replace synthetic block/point discovery in callers	classified at exported operation boundary; conversion pending
src/app/model/joint-marks.ts	373	export function blockPath(r: number): string	render mark	transitive geometry/scale helper	export function blockPath(r: number): string {	retain useful primitive glyph/skin math; replace synthetic block/point discovery in callers	classified at exported operation boundary; conversion pending
src/app/model/joint-marks.ts	381	export function pinBackingPath(r: number): string	render mark	transitive geometry/scale helper	export function pinBackingPath(r: number): string {	retain useful primitive glyph/skin math; replace synthetic block/point discovery in callers	classified at exported operation boundary; conversion pending
src/app/model/joint-marks.ts	402	export function motorBodyPath(r: number): string	render mark	transitive geometry/scale helper	export function motorBodyPath(r: number): string {	retain useful primitive glyph/skin math; replace synthetic block/point discovery in callers	classified at exported operation boundary; conversion pending
src/app/model/joint-marks.ts	411	export function plusPath(r: number): string	render mark	transitive geometry/scale helper	export function plusPath(r: number): string {	retain useful primitive glyph/skin math; replace synthetic block/point discovery in callers	classified at exported operation boundary; conversion pending
src/app/model/joint-marks.ts	426	export function channelPath(r: number, halfLength: number): string	render mark	transitive geometry/scale helper	export function channelPath(r: number, halfLength: number): string {	retain useful primitive glyph/skin math; replace synthetic block/point discovery in callers	classified at exported operation boundary; conversion pending
src/app/model/joint-marks.ts	437	export function slotHalfLength(r: number, jointSeparation: number): number	render mark	transitive geometry/scale helper	export function slotHalfLength(r: number, jointSeparation: number): number {	retain useful primitive glyph/skin math; replace synthetic block/point discovery in callers	classified at exported operation boundary; conversion pending
src/app/model/joint-marks.ts	446	export interface GuideBand	render mark	transitive geometry/scale helper	export interface GuideBand {	retain useful primitive glyph/skin math; replace synthetic block/point discovery in callers	classified at exported operation boundary; conversion pending
src/app/model/joint-marks.ts	468	export function collinearGuides(a: GuideBand, b: GuideBand, slack: number): boolean	render mark	transitive geometry/scale helper	export function collinearGuides(a: GuideBand, b: GuideBand, slack: number): boolean {	retain useful primitive glyph/skin math; replace synthetic block/point discovery in callers	classified at exported operation boundary; conversion pending
src/app/model/joint-marks.ts	495	export function railGeometry(	render mark	transitive geometry/scale helper	export function railGeometry(	retain useful primitive glyph/skin math; replace synthetic block/point discovery in callers	classified at exported operation boundary; conversion pending
src/app/model/joint-marks.ts	687	export function straightArrowPaths(	render mark	transitive geometry/scale helper	export function straightArrowPaths(	retain useful primitive glyph/skin math; replace synthetic block/point discovery in callers	classified at exported operation boundary; conversion pending
src/app/model/joint-marks.ts	741	export function motorBodyAt(r: number, center:	render mark	transitive geometry/scale helper	export function motorBodyAt(r: number, center: { x: number; y: number }, along: number): string {	retain useful primitive glyph/skin math; replace synthetic block/point discovery in callers	classified at exported operation boundary; conversion pending
src/app/model/pose.ts	5	export class Pose	attachment; material geometry	transitive geometry/scale helper	export class Pose {	native synthesis design poses; old two-point Pose is not a body Pose	classified at exported operation boundary; conversion pending
src/app/model/object-scale.ts	18	export const DEFAULT_OBJECT_SCALE = 0.7 * MODEL_SCALE;	render mark	transitive geometry/scale helper	export const DEFAULT_OBJECT_SCALE = 0.7 * MODEL_SCALE;	view-only mark scale; no native physics may depend on it	classified at exported operation boundary; conversion pending
src/app/model/object-scale.ts	20	export const OBJECT_SCALE = new BehaviorSubject(DEFAULT_OBJECT_SCALE);	render mark	transitive geometry/scale helper	export const OBJECT_SCALE = new BehaviorSubject(DEFAULT_OBJECT_SCALE);	view-only mark scale; no native physics may depend on it	classified at exported operation boundary; conversion pending
src/app/model/render-scale.ts	30	export const MODEL_SCALE = 200;	render mark	transitive geometry/scale helper	export const MODEL_SCALE = 200;	view-to-SVG coordinate boundary only; document/SI units remain physical	classified at exported operation boundary; conversion pending
src/app/model/line.ts	6	export class Line	render mark; material geometry	transitive geometry/scale helper	export class Line {	native outline renderer; extract useful pure line/arc math and remove Joint/RealLink dependencies	classified at exported operation boundary; conversion pending
src/app/model/line.ts	146	export class Arc extends Line	render mark; material geometry	transitive geometry/scale helper	export class Arc extends Line {	native outline renderer; extract useful pure line/arc math and remove Joint/RealLink dependencies	classified at exported operation boundary; conversion pending
